round,circuit,event,lap_number,sector,driver_behind,team_behind,driver_ahead,team_ahead,gap_at_detection_s,speed_trap_behind,speed_trap_ahead,speed_trap_delta,tyre_age_behind,compound_behind,tyre_age_ahead,compound_ahead,override_available,track_energy_class,pass_completed
1,Melbourne,Australian Grand Prix,1,S2,HAD,Red Bull Racing,RUS,Mercedes,0.643,216.0,234.0,-18.0,1.0,MEDIUM,1.0,MEDIUM,True,harvest_rich,False
1,Melbourne,Australian Grand Prix,1,S2,LIN,Racing Bulls,HAD,Red Bull Racing,0.004,235.0,216.0,19.0,1.0,MEDIUM,1.0,MEDIUM,True,harvest_rich,False
1,Melbourne,Australian Grand Prix,1,S2,HAM,Ferrari,LIN,Racing Bulls,0.753,240.0,235.0,5.0,1.0,MEDIUM,1.0,MEDIUM,True,harvest_rich,True
1,Melbourne,Australian Grand Prix,1,S2,NOR,McLaren,HAM,Ferrari,0.176,217.0,240.0,-23.0,1.0,MEDIUM,1.0,MEDIUM,True,harvest_rich,False
1,Melbourne,Australian Grand Prix,1,S2,ANT,Mercedes,NOR,McLaren,0.881,232.0,217.0,15.0,1.0,MEDIUM,1.0,MEDIUM,True,harvest_rich,False
1,Melbourne,Australian Grand Prix,1,S2,OCO,Haas F1 Team,ANT,Mercedes,0.502,211.0,232.0,-21.0,1.0,MEDIUM,1.0,MEDIUM,True,harvest_rich,False
1,Melbourne,Australian Grand Prix,1,S2,GAS,Alpine,OCO,Haas F1 Team,0.239,214.0,211.0,3.0,1.0,MEDIUM,1.0,MEDIUM,True,harvest_rich,False
1,Melbourne,Australian Grand Prix,1,S2,ALO,Aston Martin,GAS,Alpine,0.515,203.0,214.0,-11.0,1.0,SOFT,1.0,MEDIUM,True,harvest_rich,False
1,Melbourne,Australian Grand Prix,1,S2,BOR,Audi,ALO,Aston Martin,0.522,216.0,203.0,13.0,1.0,MEDIUM,1.0,SOFT,True,harvest_rich,False
1,Melbourne,Australian Grand Prix,1,S2,ALB,Williams,BOR,Audi,0.048,209.0,216.0,-7.0,1.0,MEDIUM,1.0,MEDIUM,True,harvest_rich,False
1,Melbourne,Australian Grand Prix,1,S2,SAI,Williams,ALB,Williams,0.74,210.0,209.0,1.0,1.0,SOFT,1.0,MEDIUM,True,harvest_rich,False
1,Melbourne,Australian Grand Prix,1,S2,BEA,Haas F1 Team,SAI,Williams,0.334,206.0,210.0,-4.0,1.0,MEDIUM,1.0,SOFT,True,harvest_rich,True
1,Melbourne,Australian Grand Prix,1,S2,BOT,Cadillac,BEA,Haas F1 Team,0.384,209.0,206.0,3.0,1.0,HARD,1.0,MEDIUM,True,harvest_rich,False
1,Melbourne,Australian Grand Prix,1,S2,COL,Alpine,BOT,Cadillac,0.277,209.0,209.0,0.0,1.0,HARD,1.0,HARD,True,harvest_rich,False
1,Melbourne,Australian Grand Prix,1,S2,VER,Red Bull Racing,COL,Alpine,0.151,211.0,209.0,2.0,1.0,HARD,1.0,HARD,True,harvest_rich,True
1,Melbourne,Australian Grand Prix,1,S2,PER,Cadillac,VER,Red Bull Racing,0.553,200.0,211.0,-11.0,1.0,MEDIUM,1.0,HARD,True,harvest_rich,False
1,Melbourne,Australian Grand Prix,1,S2,LAW,Racing Bulls,PER,Cadillac,0.31,182.0,200.0,-18.0,1.0,MEDIUM,1.0,MEDIUM,True,harvest_rich,True
1,Melbourne,Australian Grand Prix,1,S2,STR,Aston Martin,LAW,Racing Bulls,0.027,188.0,182.0,6.0,1.0,MEDIUM,1.0,MEDIUM,True,harvest_rich,False
1,Melbourne,Australian Grand Prix,1,S3,RUS,Mercedes,LEC,Ferrari,0.766,234.0,244.0,-10.0,1.0,MEDIUM,1.0,MEDIUM,True,harvest_rich,False
1,Melbourne,Australian Grand Prix,1,S3,HAD,Red Bull Racing,HAM,Ferrari,0.883,216.0,240.0,-24.0,1.0,MEDIUM,1.0,MEDIUM,True,harvest_rich,False
1,Melbourne,Australian Grand Prix,1,S3,LIN,Racing Bulls,HAD,Red Bull Racing,0.087,235.0,216.0,19.0,1.0,MEDIUM,1.0,MEDIUM,True,harvest_rich,False
1,Melbourne,Australian Grand Prix,1,S3,NOR,McLaren,LIN,Racing Bulls,0.33,217.0,235.0,-18.0,1.0,MEDIUM,1.0,MEDIUM,True,harvest_rich,False
1,Melbourne,Australian Grand Prix,1,S3,ANT,Mercedes,NOR,McLaren,0.464,232.0,217.0,15.0,1.0,MEDIUM,1.0,MEDIUM,True,harvest_rich,False
1,Melbourne,Australian Grand Prix,1,S3,OCO,Haas F1 Team,ANT,Mercedes,0.622,211.0,232.0,-21.0,1.0,MEDIUM,1.0,MEDIUM,True,harvest_rich,False
1,Melbourne,Australian Grand Prix,1,S3,GAS,Alpine,OCO,Haas F1 Team,0.468,214.0,211.0,3.0,1.0,MEDIUM,1.0,MEDIUM,True,harvest_rich,False
1,Melbourne,Australian Grand Prix,1,S3,ALO,Aston Martin,GAS,Alpine,0.273,203.0,214.0,-11.0,1.0,SOFT,1.0,MEDIUM,True,harvest_rich,False
1,Melbourne,Australian Grand Prix,1,S3,BOR,Audi,ALO,Aston Martin,0.352,216.0,203.0,13.0,1.0,MEDIUM,1.0,SOFT,True,harvest_rich,False
1,Melbourne,Australian Grand Prix,1,S3,ALB,Williams,BOR,Audi,0.695,209.0,216.0,-7.0,1.0,MEDIUM,1.0,MEDIUM,True,harvest_rich,False
1,Melbourne,Australian Grand Prix,1,S3,BEA,Haas F1 Team,ALB,Williams,0.317,206.0,209.0,-3.0,1.0,MEDIUM,1.0,MEDIUM,True,harvest_rich,False
1,Melbourne,Australian Grand Prix,1,S3,SAI,Williams,BEA,Haas F1 Team,0.417,210.0,206.0,4.0,1.0,SOFT,1.0,MEDIUM,True,harvest_rich,False
1,Melbourne,Australian Grand Prix,1,S3,BOT,Cadillac,SAI,Williams,0.703,209.0,210.0,-1.0,1.0,HARD,1.0,SOFT,True,harvest_rich,False
1,Melbourne,Australian Grand Prix,1,S3,VER,Red Bull Racing,BOT,Cadillac,0.373,211.0,209.0,2.0,1.0,HARD,1.0,HARD,True,harvest_rich,False
1,Melbourne,Australian Grand Prix,1,S3,COL,Alpine,VER,Red Bull Racing,0.409,209.0,211.0,-2.0,1.0,HARD,1.0,HARD,True,harvest_rich,False
1,Melbourne,Australian Grand Prix,1,S3,LAW,Racing Bulls,COL,Alpine,0.647,182.0,209.0,-27.0,1.0,MEDIUM,1.0,HARD,True,harvest_rich,False
1,Melbourne,Australian Grand Prix,1,S3,PER,Cadillac,LAW,Racing Bulls,0.351,200.0,182.0,18.0,1.0,MEDIUM,1.0,MEDIUM,True,harvest_rich,False
1,Melbourne,Australian Grand Prix,1,S3,STR,Aston Martin,PER,Cadillac,0.779,188.0,200.0,-12.0,1.0,MEDIUM,1.0,MEDIUM,True,harvest_rich,False
1,Melbourne,Australian Grand Prix,2,S1,RUS,Mercedes,LEC,Ferrari,0.408,273.0,269.0,4.0,2.0,MEDIUM,2.0,MEDIUM,True,harvest_rich,False
1,Melbourne,Australian Grand Prix,2,S1,HAD,Red Bull Racing,HAM,Ferrari,0.982,301.0,282.0,19.0,2.0,MEDIUM,2.0,MEDIUM,True,harvest_rich,False
1,Melbourne,Australian Grand Prix,2,S1,LIN,Racing Bulls,HAD,Red Bull Racing,0.654,260.0,301.0,-41.0,2.0,MEDIUM,2.0,MEDIUM,True,harvest_rich,False
1,Melbourne,Australian Grand Prix,2,S1,NOR,McLaren,LIN,Racing Bulls,0.541,260.0,260.0,0.0,2.0,MEDIUM,2.0,MEDIUM,True,harvest_rich,False
1,Melbourne,Australian Grand Prix,2,S1,ANT,Mercedes,NOR,McLaren,0.362,272.0,260.0,12.0,2.0,MEDIUM,2.0,MEDIUM,True,harvest_rich,False
1,Melbourne,Australian Grand Prix,2,S1,OCO,Haas F1 Team,ANT,Mercedes,0.674,266.0,272.0,-6.0,2.0,MEDIUM,2.0,MEDIUM,True,harvest_rich,False
1,Melbourne,Australian Grand Prix,2,S1,GAS,Alpine,OCO,Haas F1 Team,0.604,264.0,266.0,-2.0,2.0,MEDIUM,2.0,MEDIUM,True,harvest_rich,False
1,Melbourne,Australian Grand Prix,2,S1,ALO,Aston Martin,GAS,Alpine,0.562,251.0,264.0,-13.0,2.0,SOFT,2.0,MEDIUM,True,harvest_rich,False
1,Melbourne,Australian Grand Prix,2,S1,BOR,Audi,ALO,Aston Martin,0.187,274.0,251.0,23.0,2.0,MEDIUM,2.0,SOFT,True,harvest_rich,False
1,Melbourne,Australian Grand Prix,2,S1,ALB,Williams,BOR,Audi,0.694,265.0,274.0,-9.0,2.0,MEDIUM,2.0,MEDIUM,True,harvest_rich,False
1,Melbourne,Australian Grand Prix,2,S1,BEA,Haas F1 Team,ALB,Williams,0.566,251.0,265.0,-14.0,2.0,MEDIUM,2.0,MEDIUM,True,harvest_rich,False
1,Melbourne,Australian Grand Prix,2,S1,SAI,Williams,BEA,Haas F1 Team,0.401,238.0,251.0,-13.0,2.0,SOFT,2.0,MEDIUM,True,harvest_rich,False
1,Melbourne,Australian Grand Prix,2,S1,BOT,Cadillac,SAI,Williams,0.774,271.0,238.0,33.0,2.0,HARD,2.0,SOFT,True,harvest_rich,False
1,Melbourne,Australian Grand Prix,2,S1,VER,Red Bull Racing,BOT,Cadillac,0.241,269.0,271.0,-2.0,2.0,HARD,2.0,HARD,True,harvest_rich,True
1,Melbourne,Australian Grand Prix,2,S1,COL,Alpine,VER,Red Bull Racing,0.789,257.0,269.0,-12.0,2.0,HARD,2.0,HARD,True,harvest_rich,False
1,Melbourne,Australian Grand Prix,2,S1,LAW,Racing Bulls,COL,Alpine,0.468,259.0,257.0,2.0,2.0,MEDIUM,2.0,HARD,True,harvest_rich,False
1,Melbourne,Australian Grand Prix,2,S1,PER,Cadillac,LAW,Racing Bulls,0.547,238.0,259.0,-21.0,2.0,MEDIUM,2.0,MEDIUM,True,harvest_rich,False
1,Melbourne,Australian Grand Prix,2,S1,STR,Aston Martin,PER,Cadillac,0.667,244.0,238.0,6.0,2.0,MEDIUM,2.0,MEDIUM,True,harvest_rich,False
1,Melbourne,Australian Grand Prix,2,S2,RUS,Mercedes,LEC,Ferrari,0.069,273.0,269.0,4.0,2.0,MEDIUM,2.0,MEDIUM,True,harvest_rich,True
1,Melbourne,Australian Grand Prix,2,S2,LIN,Racing Bulls,HAD,Red Bull Racing,0.011,260.0,301.0,-41.0,2.0,MEDIUM,2.0,MEDIUM,True,harvest_rich,False
1,Melbourne,Australian Grand Prix,2,S2,NOR,McLaren,LIN,Racing Bulls,0.616,260.0,260.0,0.0,2.0,MEDIUM,2.0,MEDIUM,True,harvest_rich,False
1,Melbourne,Australian Grand Prix,2,S2,ANT,Mercedes,NOR,McLaren,0.281,272.0,260.0,12.0,2.0,MEDIUM,2.0,MEDIUM,True,harvest_rich,False
1,Melbourne,Australian Grand Prix,2,S2,OCO,Haas F1 Team,ANT,Mercedes,0.616,266.0,272.0,-6.0,2.0,MEDIUM,2.0,MEDIUM,True,harvest_rich,False
1,Melbourne,Australian Grand Prix,2,S2,GAS,Alpine,OCO,Haas F1 Team,0.623,264.0,266.0,-2.0,2.0,MEDIUM,2.0,MEDIUM,True,harvest_rich,False
1,Melbourne,Australian Grand Prix,2,S2,BOR,Audi,ALO,Aston Martin,0.158,274.0,251.0,23.0,2.0,MEDIUM,2.0,SOFT,True,harvest_rich,False
1,Melbourne,Australian Grand Prix,2,S2,ALB,Williams,BOR,Audi,0.426,265.0,274.0,-9.0,2.0,MEDIUM,2.0,MEDIUM,True,harvest_rich,False
1,Melbourne,Australian Grand Prix,2,S2,BEA,Haas F1 Team,ALB,Williams,0.378,251.0,265.0,-14.0,2.0,MEDIUM,2.0,MEDIUM,True,harvest_rich,True
1,Melbourne,Australian Grand Prix,2,S2,SAI,Williams,BEA,Haas F1 Team,0.64,238.0,251.0,-13.0,2.0,SOFT,2.0,MEDIUM,True,harvest_rich,False
1,Melbourne,Australian Grand Prix,2,S2,VER,Red Bull Racing,SAI,Williams,0.809,269.0,238.0,31.0,2.0,HARD,2.0,SOFT,True,harvest_rich,False
1,Melbourne,Australian Grand Prix,2,S2,BOT,Cadillac,VER,Red Bull Racing,0.174,271.0,269.0,2.0,2.0,HARD,2.0,HARD,True,harvest_rich,False
1,Melbourne,Australian Grand Prix,2,S2,COL,Alpine,BOT,Cadillac,0.767,257.0,271.0,-14.0,2.0,HARD,2.0,HARD,True,harvest_rich,True
1,Melbourne,Australian Grand Prix,2,S2,LAW,Racing Bulls,COL,Alpine,0.411,259.0,257.0,2.0,2.0,MEDIUM,2.0,HARD,True,harvest_rich,False
1,Melbourne,Australian Grand Prix,2,S2,PER,Cadillac,LAW,Racing Bulls,0.635,238.0,259.0,-21.0,2.0,MEDIUM,2.0,MEDIUM,True,harvest_rich,False
1,Melbourne,Australian Grand Prix,2,S3,LEC,Ferrari,RUS,Mercedes,0.434,269.0,273.0,-4.0,2.0,MEDIUM,2.0,MEDIUM,True,harvest_rich,False
1,Melbourne,Australian Grand Prix,2,S3,NOR,McLaren,LIN,Racing Bulls,0.393,260.0,260.0,0.0,2.0,MEDIUM,2.0,MEDIUM,True,harvest_rich,False
1,Melbourne,Australian Grand Prix,2,S3,ANT,Mercedes,NOR,McLaren,0.401,272.0,260.0,12.0,2.0,MEDIUM,2.0,MEDIUM,True,harvest_rich,False
1,Melbourne,Australian Grand Prix,2,S3,OCO,Haas F1 Team,ANT,Mercedes,0.386,266.0,272.0,-6.0,2.0,MEDIUM,2.0,MEDIUM,True,harvest_rich,False
1,Melbourne,Australian Grand Prix,2,S3,GAS,Alpine,OCO,Haas F1 Team,0.728,264.0,266.0,-2.0,2.0,MEDIUM,2.0,MEDIUM,True,harvest_rich,False
1,Melbourne,Australian Grand Prix,2,S3,ALO,Aston Martin,GAS,Alpine,0.641,251.0,264.0,-13.0,2.0,SOFT,2.0,MEDIUM,True,harvest_rich,False
1,Melbourne,Australian Grand Prix,2,S3,BOR,Audi,ALO,Aston Martin,0.409,274.0,251.0,23.0,2.0,MEDIUM,2.0,SOFT,True,harvest_rich,False
1,Melbourne,Australian Grand Prix,2,S3,BEA,Haas F1 Team,BOR,Audi,0.817,251.0,274.0,-23.0,2.0,MEDIUM,2.0,MEDIUM,True,harvest_rich,False
1,Melbourne,Australian Grand Prix,2,S3,ALB,Williams,BEA,Haas F1 Team,0.056,265.0,251.0,14.0,2.0,MEDIUM,2.0,MEDIUM,True,harvest_rich,False
1,Melbourne,Australian Grand Prix,2,S3,SAI,Williams,ALB,Williams,0.609,238.0,265.0,-27.0,2.0,SOFT,2.0,MEDIUM,True,harvest_rich,False
1,Melbourne,Australian Grand Prix,2,S3,VER,Red Bull Racing,SAI,Williams,0.376,269.0,238.0,31.0,2.0,HARD,2.0,SOFT,True,harvest_rich,False
1,Melbourne,Australian Grand Prix,2,S3,LAW,Racing Bulls,COL,Alpine,0.968,259.0,257.0,2.0,2.0,MEDIUM,2.0,HARD,True,harvest_rich,False
1,Melbourne,Australian Grand Prix,2,S3,BOT,Cadillac,LAW,Racing Bulls,0.253,271.0,259.0,12.0,2.0,HARD,2.0,MEDIUM,True,harvest_rich,False
1,Melbourne,Australian Grand Prix,2,S3,PER,Cadillac,BOT,Cadillac,0.312,238.0,271.0,-33.0,2.0,MEDIUM,2.0,HARD,True,harvest_rich,False
1,Melbourne,Australian Grand Prix,2,S3,STR,Aston Martin,PER,Cadillac,0.751,244.0,238.0,6.0,2.0,MEDIUM,2.0,MEDIUM,True,harvest_rich,False
1,Melbourne,Australian Grand Prix,3,S1,LEC,Ferrari,RUS,Mercedes,0.73,275.0,264.0,11.0,3.0,MEDIUM,3.0,MEDIUM,True,harvest_rich,False
1,Melbourne,Australian Grand Prix,3,S1,NOR,McLaren,LIN,Racing Bulls,0.763,273.0,289.0,-16.0,3.0,MEDIUM,3.0,MEDIUM,True,harvest_rich,False
1,Melbourne,Australian Grand Prix,3,S1,ANT,Mercedes,NOR,McLaren,0.446,276.0,273.0,3.0,3.0,MEDIUM,3.0,MEDIUM,True,harvest_rich,False
1,Melbourne,Australian Grand Prix,3,S1,OCO,Haas F1 Team,ANT,Mercedes,0.665,267.0,276.0,-9.0,3.0,MEDIUM,3.0,MEDIUM,True,harvest_rich,False
1,Melbourne,Australian Grand Prix,3,S1,GAS,Alpine,OCO,Haas F1 Team,0.476,270.0,267.0,3.0,3.0,MEDIUM,3.0,MEDIUM,True,harvest_rich,False
1,Melbourne,Australian Grand Prix,3,S1,ALO,Aston Martin,GAS,Alpine,0.661,280.0,270.0,10.0,3.0,SOFT,3.0,MEDIUM,True,harvest_rich,False
1,Melbourne,Australian Grand Prix,3,S1,BOR,Audi,ALO,Aston Martin,0.322,276.0,280.0,-4.0,3.0,MEDIUM,3.0,SOFT,True,harvest_rich,False
1,Melbourne,Australian Grand Prix,3,S1,ALB,Williams,BEA,Haas F1 Team,0.617,251.0,264.0,-13.0,3.0,MEDIUM,3.0,MEDIUM,True,harvest_rich,False
1,Melbourne,Australian Grand Prix,3,S1,SAI,Williams,ALB,Williams,0.427,259.0,251.0,8.0,3.0,SOFT,3.0,MEDIUM,True,harvest_rich,False
1,Melbourne,Australian Grand Prix,3,S1,VER,Red Bull Racing,SAI,Williams,0.402,266.0,259.0,7.0,3.0,HARD,3.0,SOFT,True,harvest_rich,False
1,Melbourne,Australian Grand Prix,3,S1,BOT,Cadillac,LAW,Racing Bulls,0.905,250.0,262.0,-12.0,3.0,HARD,3.0,MEDIUM,True,harvest_rich,False
1,Melbourne,Australian Grand Prix,3,S1,PER,Cadillac,BOT,Cadillac,0.495,260.0,250.0,10.0,3.0,MEDIUM,3.0,HARD,True,harvest_rich,True
1,Melbourne,Australian Grand Prix,3,S1,STR,Aston Martin,PER,Cadillac,0.586,261.0,260.0,1.0,3.0,MEDIUM,3.0,MEDIUM,True,harvest_rich,False
1,Melbourne,Australian Grand Prix,3,S2,LEC,Ferrari,RUS,Mercedes,0.073,275.0,264.0,11.0,3.0,MEDIUM,3.0,MEDIUM,True,harvest_rich,True
1,Melbourne,Australian Grand Prix,3,S2,LIN,Racing Bulls,HAD,Red Bull Racing,0.715,289.0,294.0,-5.0,3.0,MEDIUM,3.0,MEDIUM,True,harvest_rich,False
1,Melbourne,Australian Grand Prix,3,S2,ANT,Mercedes,NOR,McLaren,0.236,276.0,273.0,3.0,3.0,MEDIUM,3.0,MEDIUM,True,harvest_rich,True
1,Melbourne,Australian Grand Prix,3,S2,OCO,Haas F1 Team,ANT,Mercedes,0.601,267.0,276.0,-9.0,3.0,MEDIUM,3.0,MEDIUM,True,harvest_rich,False
1,Melbourne,Australian Grand Prix,3,S2,GAS,Alpine,OCO,Haas F1 Team,0.316,270.0,267.0,3.0,3.0,MEDIUM,3.0,MEDIUM,True,harvest_rich,False
1,Melbourne,Australian Grand Prix,3,S2,BOR,Audi,ALO,Aston Martin,0.047,276.0,280.0,-4.0,3.0,MEDIUM,3.0,SOFT,True,harvest_rich,True
1,Melbourne,Australian Grand Prix,3,S2,BEA,Haas F1 Team,BOR,Audi,0.781,264.0,276.0,-12.0,3.0,MEDIUM,3.0,MEDIUM,True,harvest_rich,False
1,Melbourne,Australian Grand Prix,3,S2,SAI,Williams,ALB,Williams,0.241,259.0,251.0,8.0,3.0,SOFT,3.0,MEDIUM,True,harvest_rich,False
1,Melbourne,Australian Grand Prix,3,S2,VER,Red Bull Racing,SAI,Williams,0.385,266.0,259.0,7.0,3.0,HARD,3.0,SOFT,True,harvest_rich,True
1,Melbourne,Australian Grand Prix,3,S2,BOT,Cadillac,PER,Cadillac,0.188,250.0,260.0,-10.0,3.0,HARD,3.0,MEDIUM,True,harvest_rich,False
1,Melbourne,Australian Grand Prix,3,S2,STR,Aston Martin,BOT,Cadillac,0.828,261.0,250.0,11.0,3.0,MEDIUM,3.0,HARD,True,harvest_rich,False
1,Melbourne,Australian Grand Prix,3,S3,RUS,Mercedes,LEC,Ferrari,0.557,264.0,275.0,-11.0,3.0,MEDIUM,3.0,MEDIUM,True,harvest_rich,False
1,Melbourne,Australian Grand Prix,3,S3,HAM,Ferrari,RUS,Mercedes,0.618,271.0,264.0,7.0,3.0,MEDIUM,3.0,MEDIUM,True,harvest_rich,False
1,Melbourne,Australian Grand Prix,3,S3,ANT,Mercedes,LIN,Racing Bulls,0.76,276.0,289.0,-13.0,3.0,MEDIUM,3.0,MEDIUM,True,harvest_rich,False
1,Melbourne,Australian Grand Prix,3,S3,NOR,McLaren,ANT,Mercedes,0.999,273.0,276.0,-3.0,3.0,MEDIUM,3.0,MEDIUM,True,harvest_rich,False
1,Melbourne,Australian Grand Prix,3,S3,OCO,Haas F1 Team,NOR,McLaren,0.491,267.0,273.0,-6.0,3.0,MEDIUM,3.0,MEDIUM,True,harvest_rich,False
1,Melbourne,Australian Grand Prix,3,S3,GAS,Alpine,OCO,Haas F1 Team,0.532,270.0,267.0,3.0,3.0,MEDIUM,3.0,MEDIUM,True,harvest_rich,False
1,Melbourne,Australian Grand Prix,3,S3,BEA,Haas F1 Team,BOR,Audi,0.877,264.0,276.0,-12.0,3.0,MEDIUM,3.0,MEDIUM,True,harvest_rich,False
1,Melbourne,Australian Grand Prix,3,S3,ALO,Aston Martin,BEA,Haas F1 Team,0.425,280.0,264.0,16.0,3.0,SOFT,3.0,MEDIUM,True,harvest_rich,False
1,Melbourne,Australian Grand Prix,3,S3,ALB,Williams,ALO,Aston Martin,0.759,251.0,280.0,-29.0,3.0,MEDIUM,3.0,SOFT,True,harvest_rich,False
1,Melbourne,Australian Grand Prix,3,S3,VER,Red Bull Racing,ALB,Williams,0.569,266.0,251.0,15.0,3.0,HARD,3.0,MEDIUM,True,harvest_rich,False
1,Melbourne,Australian Grand Prix,3,S3,SAI,Williams,VER,Red Bull Racing,0.621,259.0,266.0,-7.0,3.0,SOFT,3.0,HARD,True,harvest_rich,False
1,Melbourne,Australian Grand Prix,3,S3,COL,Alpine,SAI,Williams,0.871,267.0,259.0,8.0,3.0,HARD,3.0,SOFT,True,harvest_rich,False
1,Melbourne,Australian Grand Prix,3,S3,LAW,Racing Bulls,COL,Alpine,0.902,262.0,267.0,-5.0,3.0,MEDIUM,3.0,HARD,True,harvest_rich,False
1,Melbourne,Australian Grand Prix,3,S3,BOT,Cadillac,PER,Cadillac,0.813,250.0,260.0,-10.0,3.0,HARD,3.0,MEDIUM,True,harvest_rich,False
1,Melbourne,Australian Grand Prix,3,S3,STR,Aston Martin,BOT,Cadillac,0.424,261.0,250.0,11.0,3.0,MEDIUM,3.0,HARD,True,harvest_rich,False
1,Melbourne,Australian Grand Prix,4,S1,RUS,Mercedes,LEC,Ferrari,0.516,271.0,271.0,0.0,4.0,MEDIUM,4.0,MEDIUM,True,harvest_rich,False
1,Melbourne,Australian Grand Prix,4,S1,ANT,Mercedes,LIN,Racing Bulls,0.503,280.0,293.0,-13.0,4.0,MEDIUM,4.0,MEDIUM,True,harvest_rich,False
1,Melbourne,Australian Grand Prix,4,S1,OCO,Haas F1 Team,NOR,McLaren,0.732,273.0,276.0,-3.0,4.0,MEDIUM,4.0,MEDIUM,True,harvest_rich,False
1,Melbourne,Australian Grand Prix,4,S1,GAS,Alpine,OCO,Haas F1 Team,0.528,278.0,273.0,5.0,4.0,MEDIUM,4.0,MEDIUM,True,harvest_rich,False
1,Melbourne,Australian Grand Prix,4,S1,BOR,Audi,GAS,Alpine,0.992,283.0,278.0,5.0,4.0,MEDIUM,4.0,MEDIUM,True,harvest_rich,False
1,Melbourne,Australian Grand Prix,4,S1,ALO,Aston Martin,BEA,Haas F1 Team,0.726,261.0,260.0,1.0,4.0,SOFT,4.0,MEDIUM,True,harvest_rich,False
1,Melbourne,Australian Grand Prix,4,S1,ALB,Williams,ALO,Aston Martin,0.432,276.0,261.0,15.0,4.0,MEDIUM,4.0,SOFT,True,harvest_rich,False
1,Melbourne,Australian Grand Prix,4,S1,VER,Red Bull Racing,ALB,Williams,0.28,282.0,276.0,6.0,4.0,HARD,4.0,MEDIUM,True,harvest_rich,False
1,Melbourne,Australian Grand Prix,4,S1,SAI,Williams,VER,Red Bull Racing,0.585,270.0,282.0,-12.0,4.0,SOFT,4.0,HARD,True,harvest_rich,False
1,Melbourne,Australian Grand Prix,4,S1,LAW,Racing Bulls,COL,Alpine,0.836,279.0,286.0,-7.0,4.0,MEDIUM,4.0,HARD,True,harvest_rich,False
1,Melbourne,Australian Grand Prix,4,S1,STR,Aston Martin,BOT,Cadillac,0.464,282.0,267.0,15.0,4.0,MEDIUM,4.0,HARD,True,harvest_rich,False
1,Melbourne,Australian Grand Prix,4,S2,RUS,Mercedes,LEC,Ferrari,0.273,271.0,271.0,0.0,4.0,MEDIUM,4.0,MEDIUM,True,harvest_rich,False
1,Melbourne,Australian Grand Prix,4,S2,LIN,Racing Bulls,HAD,Red Bull Racing,0.524,293.0,284.0,9.0,4.0,MEDIUM,4.0,MEDIUM,True,harvest_rich,False
1,Melbourne,Australian Grand Prix,4,S2,ANT,Mercedes,LIN,Racing Bulls,0.358,280.0,293.0,-13.0,4.0,MEDIUM,4.0,MEDIUM,True,harvest_rich,False
1,Melbourne,Australian Grand Prix,4,S2,OCO,Haas F1 Team,NOR,McLaren,0.181,273.0,276.0,-3.0,4.0,MEDIUM,4.0,MEDIUM,True,harvest_rich,False
1,Melbourne,Australian Grand Prix,4,S2,GAS,Alpine,OCO,Haas F1 Team,0.657,278.0,273.0,5.0,4.0,MEDIUM,4.0,MEDIUM,True,harvest_rich,False
1,Melbourne,Australian Grand Prix,4,S2,BEA,Haas F1 Team,BOR,Audi,0.879,260.0,283.0,-23.0,4.0,MEDIUM,4.0,MEDIUM,True,harvest_rich,False
1,Melbourne,Australian Grand Prix,4,S2,ALB,Williams,ALO,Aston Martin,0.138,276.0,261.0,15.0,4.0,MEDIUM,4.0,SOFT,True,harvest_rich,False
1,Melbourne,Australian Grand Prix,4,S2,VER,Red Bull Racing,ALB,Williams,0.055,282.0,276.0,6.0,4.0,HARD,4.0,MEDIUM,True,harvest_rich,True
1,Melbourne,Australian Grand Prix,4,S2,COL,Alpine,SAI,Williams,0.605,286.0,270.0,16.0,4.0,HARD,4.0,SOFT,True,harvest_rich,False
1,Melbourne,Australian Grand Prix,4,S2,LAW,Racing Bulls,COL,Alpine,0.932,279.0,286.0,-7.0,4.0,MEDIUM,4.0,HARD,True,harvest_rich,False
1,Melbourne,Australian Grand Prix,4,S2,STR,Aston Martin,BOT,Cadillac,0.345,282.0,267.0,15.0,4.0,MEDIUM,4.0,HARD,True,harvest_rich,False
1,Melbourne,Australian Grand Prix,4,S3,RUS,Mercedes,LEC,Ferrari,0.793,271.0,271.0,0.0,4.0,MEDIUM,4.0,MEDIUM,True,harvest_rich,False
1,Melbourne,Australian Grand Prix,4,S3,HAM,Ferrari,RUS,Mercedes,0.895,286.0,271.0,15.0,4.0,MEDIUM,4.0,MEDIUM,True,harvest_rich,False
1,Melbourne,Australian Grand Prix,4,S3,ANT,Mercedes,LIN,Racing Bulls,0.099,280.0,293.0,-13.0,4.0,MEDIUM,4.0,MEDIUM,True,harvest_rich,True
1,Melbourne,Australian Grand Prix,4,S3,OCO,Haas F1 Team,NOR,McLaren,0.82,273.0,276.0,-3.0,4.0,MEDIUM,4.0,MEDIUM,True,harvest_rich,False
1,Melbourne,Australian Grand Prix,4,S3,GAS,Alpine,OCO,Haas F1 Team,0.24,278.0,273.0,5.0,4.0,MEDIUM,4.0,MEDIUM,True,harvest_rich,False
1,Melbourne,Australian Grand Prix,4,S3,BEA,Haas F1 Team,BOR,Audi,0.765,260.0,283.0,-23.0,4.0,MEDIUM,4.0,MEDIUM,True,harvest_rich,False
1,Melbourne,Australian Grand Prix,4,S3,VER,Red Bull Racing,ALO,Aston Martin,0.475,282.0,261.0,21.0,4.0,HARD,4.0,SOFT,True,harvest_rich,True
1,Melbourne,Australian Grand Prix,4,S3,ALB,Williams,VER,Red Bull Racing,0.771,276.0,282.0,-6.0,4.0,MEDIUM,4.0,HARD,True,harvest_rich,False
1,Melbourne,Australian Grand Prix,4,S3,SAI,Williams,ALB,Williams,0.495,270.0,276.0,-6.0,4.0,SOFT,4.0,MEDIUM,True,harvest_rich,False
1,Melbourne,Australian Grand Prix,4,S3,COL,Alpine,SAI,Williams,0.467,286.0,270.0,16.0,4.0,HARD,4.0,SOFT,True,harvest_rich,False
1,Melbourne,Australian Grand Prix,4,S3,LAW,Racing Bulls,COL,Alpine,0.751,279.0,286.0,-7.0,4.0,MEDIUM,4.0,HARD,True,harvest_rich,False
1,Melbourne,Australian Grand Prix,4,S3,STR,Aston Martin,BOT,Cadillac,0.446,282.0,267.0,15.0,4.0,MEDIUM,4.0,HARD,True,harvest_rich,False
1,Melbourne,Australian Grand Prix,5,S1,RUS,Mercedes,LEC,Ferrari,0.887,291.0,288.0,3.0,5.0,MEDIUM,5.0,MEDIUM,True,harvest_rich,False
1,Melbourne,Australian Grand Prix,5,S1,NOR,McLaren,LIN,Racing Bulls,0.508,276.0,264.0,12.0,5.0,MEDIUM,5.0,MEDIUM,True,harvest_rich,False
1,Melbourne,Australian Grand Prix,5,S1,GAS,Alpine,OCO,Haas F1 Team,0.387,253.0,274.0,-21.0,5.0,MEDIUM,5.0,MEDIUM,True,harvest_rich,False
1,Melbourne,Australian Grand Prix,5,S1,BOR,Audi,GAS,Alpine,0.67,286.0,253.0,33.0,5.0,MEDIUM,5.0,MEDIUM,True,harvest_rich,False
1,Melbourne,Australian Grand Prix,5,S1,BEA,Haas F1 Team,BOR,Audi,0.535,284.0,286.0,-2.0,5.0,MEDIUM,5.0,MEDIUM,True,harvest_rich,False
1,Melbourne,Australian Grand Prix,5,S1,ALO,Aston Martin,VER,Red Bull Racing,0.926,289.0,281.0,8.0,5.0,SOFT,5.0,HARD,True,harvest_rich,False
1,Melbourne,Australian Grand Prix,5,S1,ALB,Williams,ALO,Aston Martin,0.328,278.0,289.0,-11.0,5.0,MEDIUM,5.0,SOFT,True,harvest_rich,False
1,Melbourne,Australian Grand Prix,5,S1,SAI,Williams,ALB,Williams,0.529,281.0,278.0,3.0,5.0,SOFT,5.0,MEDIUM,True,harvest_rich,False
1,Melbourne,Australian Grand Prix,5,S1,COL,Alpine,SAI,Williams,0.746,265.0,281.0,-16.0,5.0,HARD,5.0,SOFT,True,harvest_rich,False
1,Melbourne,Australian Grand Prix,5,S1,LAW,Racing Bulls,COL,Alpine,0.823,276.0,265.0,11.0,5.0,MEDIUM,5.0,HARD,True,harvest_rich,False
1,Melbourne,Australian Grand Prix,5,S1,STR,Aston Martin,BOT,Cadillac,0.655,281.0,282.0,-1.0,5.0,MEDIUM,5.0,HARD,True,harvest_rich,False
1,Melbourne,Australian Grand Prix,5,S2,RUS,Mercedes,LEC,Ferrari,0.727,291.0,288.0,3.0,5.0,MEDIUM,5.0,MEDIUM,True,harvest_rich,False
1,Melbourne,Australian Grand Prix,5,S2,ANT,Mercedes,HAD,Red Bull Racing,0.968,302.0,302.0,0.0,5.0,MEDIUM,5.0,MEDIUM,True,harvest_rich,False
1,Melbourne,Australian Grand Prix,5,S2,LIN,Racing Bulls,ANT,Mercedes,0.952,264.0,302.0,-38.0,5.0,MEDIUM,5.0,MEDIUM,True,harvest_rich,False
1,Melbourne,Australian Grand Prix,5,S2,NOR,McLaren,LIN,Racing Bulls,0.457,276.0,264.0,12.0,5.0,MEDIUM,5.0,MEDIUM,True,harvest_rich,False
1,Melbourne,Australian Grand Prix,5,S2,GAS,Alpine,OCO,Haas F1 Team,0.078,253.0,274.0,-21.0,5.0,MEDIUM,5.0,MEDIUM,True,harvest_rich,False
1,Melbourne,Australian Grand Prix,5,S2,BOR,Audi,GAS,Alpine,0.859,286.0,253.0,33.0,5.0,MEDIUM,5.0,MEDIUM,True,harvest_rich,False
1,Melbourne,Australian Grand Prix,5,S2,BEA,Haas F1 Team,BOR,Audi,0.486,284.0,286.0,-2.0,5.0,MEDIUM,5.0,MEDIUM,True,harvest_rich,False
1,Melbourne,Australian Grand Prix,5,S2,ALB,Williams,ALO,Aston Martin,0.074,278.0,289.0,-11.0,5.0,MEDIUM,5.0,SOFT,True,harvest_rich,True
1,Melbourne,Australian Grand Prix,5,S2,SAI,Williams,ALB,Williams,0.311,281.0,278.0,3.0,5.0,SOFT,5.0,MEDIUM,True,harvest_rich,False
1,Melbourne,Australian Grand Prix,5,S2,COL,Alpine,SAI,Williams,0.625,265.0,281.0,-16.0,5.0,HARD,5.0,SOFT,True,harvest_rich,False
1,Melbourne,Australian Grand Prix,5,S2,LAW,Racing Bulls,COL,Alpine,0.866,276.0,265.0,11.0,5.0,MEDIUM,5.0,HARD,True,harvest_rich,False
1,Melbourne,Australian Grand Prix,5,S2,STR,Aston Martin,BOT,Cadillac,0.877,281.0,282.0,-1.0,5.0,MEDIUM,5.0,HARD,True,harvest_rich,False
1,Melbourne,Australian Grand Prix,5,S3,RUS,Mercedes,LEC,Ferrari,0.829,291.0,288.0,3.0,5.0,MEDIUM,5.0,MEDIUM,True,harvest_rich,False
1,Melbourne,Australian Grand Prix,5,S3,NOR,McLaren,LIN,Racing Bulls,0.882,276.0,264.0,12.0,5.0,MEDIUM,5.0,MEDIUM,True,harvest_rich,False
1,Melbourne,Australian Grand Prix,5,S3,GAS,Alpine,OCO,Haas F1 Team,0.472,253.0,274.0,-21.0,5.0,MEDIUM,5.0,MEDIUM,True,harvest_rich,False
1,Melbourne,Australian Grand Prix,5,S3,BOR,Audi,GAS,Alpine,0.428,286.0,253.0,33.0,5.0,MEDIUM,5.0,MEDIUM,True,harvest_rich,False
1,Melbourne,Australian Grand Prix,5,S3,BEA,Haas F1 Team,BOR,Audi,0.441,284.0,286.0,-2.0,5.0,MEDIUM,5.0,MEDIUM,True,harvest_rich,True
1,Melbourne,Australian Grand Prix,5,S3,ALO,Aston Martin,ALB,Williams,0.413,289.0,278.0,11.0,5.0,SOFT,5.0,MEDIUM,True,harvest_rich,False
1,Melbourne,Australian Grand Prix,5,S3,SAI,Williams,ALO,Aston Martin,0.417,281.0,289.0,-8.0,5.0,SOFT,5.0,SOFT,True,harvest_rich,False
1,Melbourne,Australian Grand Prix,5,S3,COL,Alpine,SAI,Williams,0.468,265.0,281.0,-16.0,5.0,HARD,5.0,SOFT,True,harvest_rich,False
1,Melbourne,Australian Grand Prix,5,S3,LAW,Racing Bulls,COL,Alpine,0.381,276.0,265.0,11.0,5.0,MEDIUM,5.0,HARD,True,harvest_rich,False
1,Melbourne,Australian Grand Prix,5,S3,STR,Aston Martin,BOT,Cadillac,0.893,281.0,282.0,-1.0,5.0,MEDIUM,5.0,HARD,True,harvest_rich,False
1,Melbourne,Australian Grand Prix,6,S1,RUS,Mercedes,LEC,Ferrari,0.552,298.0,283.0,15.0,6.0,MEDIUM,6.0,MEDIUM,True,harvest_rich,False
1,Melbourne,Australian Grand Prix,6,S1,ANT,Mercedes,HAD,Red Bull Racing,0.853,290.0,294.0,-4.0,6.0,MEDIUM,6.0,MEDIUM,True,harvest_rich,True
1,Melbourne,Australian Grand Prix,6,S1,NOR,McLaren,LIN,Racing Bulls,0.745,273.0,289.0,-16.0,6.0,MEDIUM,6.0,MEDIUM,True,harvest_rich,False
1,Melbourne,Australian Grand Prix,6,S1,GAS,Alpine,OCO,Haas F1 Team,0.464,262.0,277.0,-15.0,6.0,MEDIUM,6.0,MEDIUM,True,harvest_rich,False
1,Melbourne,Australian Grand Prix,6,S1,BEA,Haas F1 Team,GAS,Alpine,0.633,278.0,262.0,16.0,6.0,MEDIUM,6.0,MEDIUM,True,harvest_rich,False
1,Melbourne,Australian Grand Prix,6,S1,BOR,Audi,BEA,Haas F1 Team,0.662,277.0,278.0,-1.0,6.0,MEDIUM,6.0,MEDIUM,True,harvest_rich,False
1,Melbourne,Australian Grand Prix,6,S1,VER,Red Bull Racing,BOR,Audi,0.221,295.0,277.0,18.0,6.0,HARD,6.0,MEDIUM,True,harvest_rich,True
1,Melbourne,Australian Grand Prix,6,S1,ALO,Aston Martin,ALB,Williams,0.927,270.0,282.0,-12.0,6.0,SOFT,6.0,MEDIUM,True,harvest_rich,False
1,Melbourne,Australian Grand Prix,6,S1,SAI,Williams,ALO,Aston Martin,0.343,273.0,270.0,3.0,6.0,SOFT,6.0,SOFT,True,harvest_rich,False
1,Melbourne,Australian Grand Prix,6,S1,COL,Alpine,SAI,Williams,0.667,265.0,273.0,-8.0,6.0,HARD,6.0,SOFT,True,harvest_rich,False
1,Melbourne,Australian Grand Prix,6,S1,LAW,Racing Bulls,COL,Alpine,0.578,280.0,265.0,15.0,6.0,MEDIUM,6.0,HARD,True,harvest_rich,False
1,Melbourne,Australian Grand Prix,6,S2,RUS,Mercedes,LEC,Ferrari,0.186,298.0,283.0,15.0,6.0,MEDIUM,6.0,MEDIUM,True,harvest_rich,False
1,Melbourne,Australian Grand Prix,6,S2,HAD,Red Bull Racing,ANT,Mercedes,0.057,294.0,290.0,4.0,6.0,MEDIUM,6.0,MEDIUM,True,harvest_rich,False
1,Melbourne,Australian Grand Prix,6,S2,NOR,McLaren,LIN,Racing Bulls,0.658,273.0,289.0,-16.0,6.0,MEDIUM,6.0,MEDIUM,True,harvest_rich,False
1,Melbourne,Australian Grand Prix,6,S2,GAS,Alpine,OCO,Haas F1 Team,0.308,262.0,277.0,-15.0,6.0,MEDIUM,6.0,MEDIUM,True,harvest_rich,False
1,Melbourne,Australian Grand Prix,6,S2,BEA,Haas F1 Team,GAS,Alpine,0.748,278.0,262.0,16.0,6.0,MEDIUM,6.0,MEDIUM,True,harvest_rich,False
1,Melbourne,Australian Grand Prix,6,S2,VER,Red Bull Racing,BEA,Haas F1 Team,0.774,295.0,278.0,17.0,6.0,HARD,6.0,MEDIUM,True,harvest_rich,False
1,Melbourne,Australian Grand Prix,6,S2,BOR,Audi,VER,Red Bull Racing,0.011,277.0,295.0,-18.0,6.0,MEDIUM,6.0,HARD,True,harvest_rich,False
1,Melbourne,Australian Grand Prix,6,S2,ALO,Aston Martin,ALB,Williams,0.904,270.0,282.0,-12.0,6.0,SOFT,6.0,MEDIUM,True,harvest_rich,False
1,Melbourne,Australian Grand Prix,6,S2,SAI,Williams,ALO,Aston Martin,0.022,273.0,270.0,3.0,6.0,SOFT,6.0,SOFT,True,harvest_rich,True
1,Melbourne,Australian Grand Prix,6,S2,COL,Alpine,SAI,Williams,0.459,265.0,273.0,-8.0,6.0,HARD,6.0,SOFT,True,harvest_rich,False
1,Melbourne,Australian Grand Prix,6,S2,LAW,Racing Bulls,COL,Alpine,0.776,280.0,265.0,15.0,6.0,MEDIUM,6.0,HARD,True,harvest_rich,False
1,Melbourne,Australian Grand Prix,6,S3,RUS,Mercedes,LEC,Ferrari,0.646,298.0,283.0,15.0,6.0,MEDIUM,6.0,MEDIUM,True,harvest_rich,False
1,Melbourne,Australian Grand Prix,6,S3,HAD,Red Bull Racing,ANT,Mercedes,0.667,294.0,290.0,4.0,6.0,MEDIUM,6.0,MEDIUM,True,harvest_rich,False
1,Melbourne,Australian Grand Prix,6,S3,NOR,McLaren,LIN,Racing Bulls,0.526,273.0,289.0,-16.0,6.0,MEDIUM,6.0,MEDIUM,True,harvest_rich,False
1,Melbourne,Australian Grand Prix,6,S3,GAS,Alpine,OCO,Haas F1 Team,0.892,262.0,277.0,-15.0,6.0,MEDIUM,6.0,MEDIUM,True,harvest_rich,False
1,Melbourne,Australian Grand Prix,6,S3,BEA,Haas F1 Team,GAS,Alpine,0.849,278.0,262.0,16.0,6.0,MEDIUM,6.0,MEDIUM,True,harvest_rich,False
1,Melbourne,Australian Grand Prix,6,S3,VER,Red Bull Racing,BEA,Haas F1 Team,0.279,295.0,278.0,17.0,6.0,HARD,6.0,MEDIUM,True,harvest_rich,False
1,Melbourne,Australian Grand Prix,6,S3,BOR,Audi,VER,Red Bull Racing,0.774,277.0,295.0,-18.0,6.0,MEDIUM,6.0,HARD,True,harvest_rich,False
1,Melbourne,Australian Grand Prix,6,S3,ALO,Aston Martin,COL,Alpine,0.365,270.0,265.0,5.0,6.0,SOFT,6.0,HARD,True,harvest_rich,False
1,Melbourne,Australian Grand Prix,6,S3,LAW,Racing Bulls,ALO,Aston Martin,0.463,280.0,270.0,10.0,6.0,MEDIUM,6.0,SOFT,True,harvest_rich,False
1,Melbourne,Australian Grand Prix,7,S1,RUS,Mercedes,LEC,Ferrari,0.57,285.0,288.0,-3.0,7.0,MEDIUM,7.0,MEDIUM,True,harvest_rich,False
1,Melbourne,Australian Grand Prix,7,S1,NOR,McLaren,LIN,Racing Bulls,0.568,285.0,288.0,-3.0,7.0,MEDIUM,7.0,MEDIUM,True,harvest_rich,False
1,Melbourne,Australian Grand Prix,7,S1,GAS,Alpine,OCO,Haas F1 Team,0.496,288.0,285.0,3.0,7.0,MEDIUM,7.0,MEDIUM,True,harvest_rich,False
1,Melbourne,Australian Grand Prix,7,S1,VER,Red Bull Racing,BEA,Haas F1 Team,0.555,275.0,280.0,-5.0,7.0,HARD,7.0,MEDIUM,True,harvest_rich,False
1,Melbourne,Australian Grand Prix,7,S1,BOR,Audi,VER,Red Bull Racing,0.904,300.0,275.0,25.0,7.0,MEDIUM,7.0,HARD,True,harvest_rich,False
1,Melbourne,Australian Grand Prix,7,S1,ALO,Aston Martin,COL,Alpine,0.663,268.0,277.0,-9.0,7.0,SOFT,7.0,HARD,True,harvest_rich,False
1,Melbourne,Australian Grand Prix,7,S1,LAW,Racing Bulls,ALO,Aston Martin,0.646,264.0,268.0,-4.0,7.0,MEDIUM,7.0,SOFT,True,harvest_rich,False
1,Melbourne,Australian Grand Prix,7,S2,RUS,Mercedes,LEC,Ferrari,0.619,285.0,288.0,-3.0,7.0,MEDIUM,7.0,MEDIUM,True,harvest_rich,False
1,Melbourne,Australian Grand Prix,7,S2,NOR,McLaren,LIN,Racing Bulls,0.435,285.0,288.0,-3.0,7.0,MEDIUM,7.0,MEDIUM,True,harvest_rich,False
1,Melbourne,Australian Grand Prix,7,S2,GAS,Alpine,OCO,Haas F1 Team,0.402,288.0,285.0,3.0,7.0,MEDIUM,7.0,MEDIUM,True,harvest_rich,False
1,Melbourne,Australian Grand Prix,7,S2,VER,Red Bull Racing,BEA,Haas F1 Team,0.954,275.0,280.0,-5.0,7.0,HARD,7.0,MEDIUM,True,harvest_rich,False
1,Melbourne,Australian Grand Prix,7,S2,BOR,Audi,VER,Red Bull Racing,0.625,300.0,275.0,25.0,7.0,MEDIUM,7.0,HARD,True,harvest_rich,False
1,Melbourne,Australian Grand Prix,7,S2,ALO,Aston Martin,COL,Alpine,0.897,268.0,277.0,-9.0,7.0,SOFT,7.0,HARD,True,harvest_rich,False
1,Melbourne,Australian Grand Prix,7,S2,LAW,Racing Bulls,ALO,Aston Martin,0.423,264.0,268.0,-4.0,7.0,MEDIUM,7.0,SOFT,True,harvest_rich,True
1,Melbourne,Australian Grand Prix,7,S3,RUS,Mercedes,LEC,Ferrari,0.711,285.0,288.0,-3.0,7.0,MEDIUM,7.0,MEDIUM,True,harvest_rich,True
1,Melbourne,Australian Grand Prix,7,S3,NOR,McLaren,LIN,Racing Bulls,0.31,285.0,288.0,-3.0,7.0,MEDIUM,7.0,MEDIUM,True,harvest_rich,False
1,Melbourne,Australian Grand Prix,7,S3,GAS,Alpine,OCO,Haas F1 Team,0.884,288.0,285.0,3.0,7.0,MEDIUM,7.0,MEDIUM,True,harvest_rich,False
1,Melbourne,Australian Grand Prix,7,S3,BEA,Haas F1 Team,GAS,Alpine,0.965,280.0,288.0,-8.0,7.0,MEDIUM,7.0,MEDIUM,True,harvest_rich,False
1,Melbourne,Australian Grand Prix,7,S3,VER,Red Bull Racing,BEA,Haas F1 Team,0.468,275.0,280.0,-5.0,7.0,HARD,7.0,MEDIUM,True,harvest_rich,True
1,Melbourne,Australian Grand Prix,7,S3,ALO,Aston Martin,LAW,Racing Bulls,0.769,268.0,264.0,4.0,7.0,SOFT,7.0,MEDIUM,True,harvest_rich,False
1,Melbourne,Australian Grand Prix,8,S1,LEC,Ferrari,RUS,Mercedes,0.332,294.0,301.0,-7.0,8.0,MEDIUM,8.0,MEDIUM,True,harvest_rich,True
1,Melbourne,Australian Grand Prix,8,S1,NOR,McLaren,LIN,Racing Bulls,0.337,280.0,286.0,-6.0,8.0,MEDIUM,8.0,MEDIUM,True,harvest_rich,False
1,Melbourne,Australian Grand Prix,8,S1,GAS,Alpine,OCO,Haas F1 Team,0.566,293.0,285.0,8.0,8.0,MEDIUM,8.0,MEDIUM,True,harvest_rich,False
1,Melbourne,Australian Grand Prix,8,S1,BEA,Haas F1 Team,VER,Red Bull Racing,0.401,285.0,305.0,-20.0,8.0,MEDIUM,8.0,HARD,True,harvest_rich,False
1,Melbourne,Australian Grand Prix,8,S1,ALO,Aston Martin,LAW,Racing Bulls,0.952,284.0,277.0,7.0,8.0,SOFT,8.0,MEDIUM,True,harvest_rich,False
1,Melbourne,Australian Grand Prix,8,S2,RUS,Mercedes,LEC,Ferrari,0.042,301.0,294.0,7.0,8.0,MEDIUM,8.0,MEDIUM,True,harvest_rich,False
1,Melbourne,Australian Grand Prix,8,S2,NOR,McLaren,LIN,Racing Bulls,0.388,280.0,286.0,-6.0,8.0,MEDIUM,8.0,MEDIUM,True,harvest_rich,False
1,Melbourne,Australian Grand Prix,8,S2,GAS,Alpine,OCO,Haas F1 Team,0.358,293.0,285.0,8.0,8.0,MEDIUM,8.0,MEDIUM,True,harvest_rich,False
1,Melbourne,Australian Grand Prix,8,S2,BEA,Haas F1 Team,VER,Red Bull Racing,0.232,285.0,305.0,-20.0,8.0,MEDIUM,8.0,HARD,True,harvest_rich,False
1,Melbourne,Australian Grand Prix,8,S3,RUS,Mercedes,LEC,Ferrari,0.338,301.0,294.0,7.0,8.0,MEDIUM,8.0,MEDIUM,True,harvest_rich,False
1,Melbourne,Australian Grand Prix,8,S3,HAM,Ferrari,RUS,Mercedes,0.928,304.0,301.0,3.0,8.0,MEDIUM,8.0,MEDIUM,True,harvest_rich,False
1,Melbourne,Australian Grand Prix,8,S3,NOR,McLaren,LIN,Racing Bulls,0.349,280.0,286.0,-6.0,8.0,MEDIUM,8.0,MEDIUM,True,harvest_rich,False
1,Melbourne,Australian Grand Prix,8,S3,GAS,Alpine,OCO,Haas F1 Team,0.819,293.0,285.0,8.0,8.0,MEDIUM,8.0,MEDIUM,True,harvest_rich,False
1,Melbourne,Australian Grand Prix,8,S3,BEA,Haas F1 Team,VER,Red Bull Racing,0.871,285.0,305.0,-20.0,8.0,MEDIUM,8.0,HARD,True,harvest_rich,False
1,Melbourne,Australian Grand Prix,9,S1,RUS,Mercedes,LEC,Ferrari,0.86,298.0,277.0,21.0,9.0,MEDIUM,9.0,MEDIUM,True,harvest_rich,False
1,Melbourne,Australian Grand Prix,9,S1,HAM,Ferrari,RUS,Mercedes,0.599,302.0,298.0,4.0,9.0,MEDIUM,9.0,MEDIUM,True,harvest_rich,False
1,Melbourne,Australian Grand Prix,9,S1,NOR,McLaren,LIN,Racing Bulls,0.248,276.0,287.0,-11.0,9.0,MEDIUM,9.0,MEDIUM,True,harvest_rich,False
1,Melbourne,Australian Grand Prix,9,S1,GAS,Alpine,OCO,Haas F1 Team,0.563,300.0,279.0,21.0,9.0,MEDIUM,9.0,MEDIUM,True,harvest_rich,False
1,Melbourne,Australian Grand Prix,9,S1,BOR,Audi,BEA,Haas F1 Team,0.935,285.0,294.0,-9.0,9.0,MEDIUM,9.0,MEDIUM,True,harvest_rich,False
1,Melbourne,Australian Grand Prix,9,S2,RUS,Mercedes,LEC,Ferrari,0.776,298.0,277.0,21.0,9.0,MEDIUM,9.0,MEDIUM,True,harvest_rich,False
1,Melbourne,Australian Grand Prix,9,S2,HAM,Ferrari,RUS,Mercedes,0.702,302.0,298.0,4.0,9.0,MEDIUM,9.0,MEDIUM,True,harvest_rich,False
1,Melbourne,Australian Grand Prix,9,S2,NOR,McLaren,LIN,Racing Bulls,0.103,276.0,287.0,-11.0,9.0,MEDIUM,9.0,MEDIUM,True,harvest_rich,False
1,Melbourne,Australian Grand Prix,9,S2,GAS,Alpine,OCO,Haas F1 Team,0.287,300.0,279.0,21.0,9.0,MEDIUM,9.0,MEDIUM,True,harvest_rich,False
1,Melbourne,Australian Grand Prix,9,S2,BOR,Audi,BEA,Haas F1 Team,0.957,285.0,294.0,-9.0,9.0,MEDIUM,9.0,MEDIUM,True,harvest_rich,False
1,Melbourne,Australian Grand Prix,9,S3,RUS,Mercedes,LEC,Ferrari,0.714,298.0,277.0,21.0,9.0,MEDIUM,9.0,MEDIUM,True,harvest_rich,False
1,Melbourne,Australian Grand Prix,9,S3,HAM,Ferrari,RUS,Mercedes,0.794,302.0,298.0,4.0,9.0,MEDIUM,9.0,MEDIUM,True,harvest_rich,False
1,Melbourne,Australian Grand Prix,9,S3,NOR,McLaren,LIN,Racing Bulls,0.651,276.0,287.0,-11.0,9.0,MEDIUM,9.0,MEDIUM,True,harvest_rich,False
1,Melbourne,Australian Grand Prix,9,S3,GAS,Alpine,OCO,Haas F1 Team,0.708,300.0,279.0,21.0,9.0,MEDIUM,9.0,MEDIUM,True,harvest_rich,False
1,Melbourne,Australian Grand Prix,9,S3,VER,Red Bull Racing,GAS,Alpine,0.806,297.0,300.0,-3.0,9.0,HARD,9.0,MEDIUM,True,harvest_rich,False
1,Melbourne,Australian Grand Prix,9,S3,BOR,Audi,BEA,Haas F1 Team,0.894,285.0,294.0,-9.0,9.0,MEDIUM,9.0,MEDIUM,True,harvest_rich,False
1,Melbourne,Australian Grand Prix,10,S1,RUS,Mercedes,LEC,Ferrari,0.545,289.0,294.0,-5.0,10.0,MEDIUM,10.0,MEDIUM,True,harvest_rich,False
1,Melbourne,Australian Grand Prix,10,S1,HAM,Ferrari,RUS,Mercedes,0.966,298.0,289.0,9.0,10.0,MEDIUM,10.0,MEDIUM,True,harvest_rich,False
1,Melbourne,Australian Grand Prix,10,S1,NOR,McLaren,LIN,Racing Bulls,0.6,277.0,287.0,-10.0,10.0,MEDIUM,10.0,MEDIUM,True,harvest_rich,False
1,Melbourne,Australian Grand Prix,10,S1,GAS,Alpine,OCO,Haas F1 Team,0.719,292.0,288.0,4.0,10.0,MEDIUM,10.0,MEDIUM,True,harvest_rich,False
1,Melbourne,Australian Grand Prix,10,S1,VER,Red Bull Racing,GAS,Alpine,0.367,298.0,292.0,6.0,10.0,HARD,10.0,MEDIUM,True,harvest_rich,False
1,Melbourne,Australian Grand Prix,10,S2,RUS,Mercedes,LEC,Ferrari,0.753,289.0,294.0,-5.0,10.0,MEDIUM,10.0,MEDIUM,True,harvest_rich,False
1,Melbourne,Australian Grand Prix,10,S2,HAM,Ferrari,RUS,Mercedes,0.67,298.0,289.0,9.0,10.0,MEDIUM,10.0,MEDIUM,True,harvest_rich,False
1,Melbourne,Australian Grand Prix,10,S2,NOR,McLaren,LIN,Racing Bulls,0.577,277.0,287.0,-10.0,10.0,MEDIUM,10.0,MEDIUM,True,harvest_rich,False
1,Melbourne,Australian Grand Prix,10,S2,GAS,Alpine,OCO,Haas F1 Team,0.617,292.0,288.0,4.0,10.0,MEDIUM,10.0,MEDIUM,True,harvest_rich,False
1,Melbourne,Australian Grand Prix,10,S2,VER,Red Bull Racing,GAS,Alpine,0.176,298.0,292.0,6.0,10.0,HARD,10.0,MEDIUM,True,harvest_rich,True
1,Melbourne,Australian Grand Prix,10,S2,BOR,Audi,BEA,Haas F1 Team,0.897,300.0,289.0,11.0,10.0,MEDIUM,10.0,MEDIUM,True,harvest_rich,False
1,Melbourne,Australian Grand Prix,10,S3,RUS,Mercedes,LEC,Ferrari,0.849,289.0,294.0,-5.0,10.0,MEDIUM,10.0,MEDIUM,True,harvest_rich,False
1,Melbourne,Australian Grand Prix,10,S3,HAM,Ferrari,RUS,Mercedes,0.937,298.0,289.0,9.0,10.0,MEDIUM,10.0,MEDIUM,True,harvest_rich,False
1,Melbourne,Australian Grand Prix,10,S3,NOR,McLaren,LIN,Racing Bulls,0.381,277.0,287.0,-10.0,10.0,MEDIUM,10.0,MEDIUM,True,harvest_rich,False
1,Melbourne,Australian Grand Prix,10,S3,GAS,Alpine,VER,Red Bull Racing,0.73,292.0,298.0,-6.0,10.0,MEDIUM,10.0,HARD,True,harvest_rich,False
1,Melbourne,Australian Grand Prix,10,S3,BOR,Audi,BEA,Haas F1 Team,0.787,300.0,289.0,11.0,10.0,MEDIUM,10.0,MEDIUM,True,harvest_rich,False
1,Melbourne,Australian Grand Prix,11,S1,RUS,Mercedes,LEC,Ferrari,0.706,305.0,292.0,13.0,11.0,MEDIUM,11.0,MEDIUM,True,harvest_rich,False
1,Melbourne,Australian Grand Prix,11,S1,VER,Red Bull Racing,OCO,Haas F1 Team,0.459,300.0,290.0,10.0,11.0,HARD,11.0,MEDIUM,True,harvest_rich,False
1,Melbourne,Australian Grand Prix,11,S1,BOR,Audi,BEA,Haas F1 Team,0.675,294.0,289.0,5.0,11.0,MEDIUM,11.0,MEDIUM,True,harvest_rich,False
1,Melbourne,Australian Grand Prix,11,S2,RUS,Mercedes,LEC,Ferrari,0.731,305.0,292.0,13.0,11.0,MEDIUM,11.0,MEDIUM,True,harvest_rich,False
1,Melbourne,Australian Grand Prix,11,S2,HAM,Ferrari,RUS,Mercedes,0.89,292.0,305.0,-13.0,11.0,MEDIUM,11.0,MEDIUM,True,harvest_rich,False
1,Melbourne,Australian Grand Prix,11,S2,NOR,McLaren,LIN,Racing Bulls,0.377,289.0,286.0,3.0,11.0,MEDIUM,11.0,MEDIUM,True,harvest_rich,False
1,Melbourne,Australian Grand Prix,11,S2,VER,Red Bull Racing,OCO,Haas F1 Team,0.364,300.0,290.0,10.0,11.0,HARD,11.0,MEDIUM,True,harvest_rich,True
1,Melbourne,Australian Grand Prix,11,S2,GAS,Alpine,VER,Red Bull Racing,0.799,298.0,300.0,-2.0,11.0,MEDIUM,11.0,HARD,True,harvest_rich,False
1,Melbourne,Australian Grand Prix,11,S2,BOR,Audi,BEA,Haas F1 Team,0.754,294.0,289.0,5.0,11.0,MEDIUM,11.0,MEDIUM,True,harvest_rich,False
1,Melbourne,Australian Grand Prix,11,S3,ANT,Mercedes,HAM,Ferrari,0.87,298.0,292.0,6.0,11.0,MEDIUM,11.0,MEDIUM,True,harvest_rich,False
1,Melbourne,Australian Grand Prix,11,S3,GAS,Alpine,OCO,Haas F1 Team,0.617,298.0,290.0,8.0,11.0,MEDIUM,11.0,MEDIUM,True,harvest_rich,False
1,Melbourne,Australian Grand Prix,11,S3,LAW,Racing Bulls,BOT,Cadillac,0.676,296.0,281.0,15.0,11.0,MEDIUM,11.0,HARD,True,harvest_rich,False
1,Melbourne,Australian Grand Prix,12,S1,ANT,Mercedes,HAM,Ferrari,0.999,165.0,219.0,-54.0,12.0,MEDIUM,12.0,MEDIUM,True,harvest_rich,False
1,Melbourne,Australian Grand Prix,12,S1,BOR,Audi,BEA,Haas F1 Team,0.713,211.0,215.0,-4.0,12.0,MEDIUM,12.0,MEDIUM,True,harvest_rich,False
1,Melbourne,Australian Grand Prix,12,S1,GAS,Alpine,OCO,Haas F1 Team,0.797,219.0,215.0,4.0,1.0,HARD,1.0,HARD,True,harvest_rich,False
1,Melbourne,Australian Grand Prix,12,S2,ALO,Aston Martin,BOT,Cadillac,0.822,202.0,199.0,3.0,1.0,SOFT,12.0,HARD,True,harvest_rich,True
1,Melbourne,Australian Grand Prix,12,S3,ANT,Mercedes,LIN,Racing Bulls,0.436,165.0,221.0,-56.0,12.0,MEDIUM,12.0,MEDIUM,True,harvest_rich,False
1,Melbourne,Australian Grand Prix,12,S3,BOR,Audi,BEA,Haas F1 Team,0.571,211.0,215.0,-4.0,12.0,MEDIUM,12.0,MEDIUM,True,harvest_rich,False
1,Melbourne,Australian Grand Prix,13,S1,BOR,Audi,BEA,Haas F1 Team,0.772,188.0,197.0,-9.0,13.0,MEDIUM,13.0,MEDIUM,True,harvest_rich,False
1,Melbourne,Australian Grand Prix,13,S2,BOR,Audi,BEA,Haas F1 Team,0.728,188.0,197.0,-9.0,13.0,MEDIUM,13.0,MEDIUM,True,harvest_rich,False
1,Melbourne,Australian Grand Prix,14,S1,VER,Red Bull Racing,ANT,Mercedes,0.985,266.0,226.0,40.0,14.0,HARD,2.0,HARD,True,harvest_rich,False
1,Melbourne,Australian Grand Prix,14,S2,VER,Red Bull Racing,ANT,Mercedes,0.877,266.0,226.0,40.0,14.0,HARD,2.0,HARD,True,harvest_rich,False
1,Melbourne,Australian Grand Prix,15,S1,LAW,Racing Bulls,PER,Cadillac,0.849,275.0,273.0,2.0,4.0,HARD,15.0,MEDIUM,True,harvest_rich,False
1,Melbourne,Australian Grand Prix,15,S2,ANT,Mercedes,LIN,Racing Bulls,0.956,295.0,280.0,15.0,3.0,HARD,15.0,MEDIUM,True,harvest_rich,False
1,Melbourne,Australian Grand Prix,15,S2,LAW,Racing Bulls,PER,Cadillac,0.434,275.0,273.0,2.0,4.0,HARD,15.0,MEDIUM,True,harvest_rich,False
1,Melbourne,Australian Grand Prix,15,S3,ANT,Mercedes,LIN,Racing Bulls,0.177,295.0,280.0,15.0,3.0,HARD,15.0,MEDIUM,True,harvest_rich,True
1,Melbourne,Australian Grand Prix,15,S3,SAI,Williams,ALB,Williams,0.951,287.0,284.0,3.0,4.0,HARD,3.0,HARD,True,harvest_rich,True
1,Melbourne,Australian Grand Prix,15,S3,LAW,Racing Bulls,PER,Cadillac,0.235,275.0,273.0,2.0,4.0,HARD,15.0,MEDIUM,True,harvest_rich,False
1,Melbourne,Australian Grand Prix,16,S1,VER,Red Bull Racing,LIN,Racing Bulls,0.953,305.0,259.0,46.0,16.0,HARD,16.0,MEDIUM,True,harvest_rich,False
1,Melbourne,Australian Grand Prix,16,S2,GAS,Alpine,OCO,Haas F1 Team,0.908,290.0,282.0,8.0,5.0,HARD,5.0,HARD,True,harvest_rich,False
1,Melbourne,Australian Grand Prix,16,S2,LAW,Racing Bulls,PER,Cadillac,0.592,245.0,252.0,-7.0,5.0,HARD,16.0,MEDIUM,True,harvest_rich,True
1,Melbourne,Australian Grand Prix,16,S3,VER,Red Bull Racing,LIN,Racing Bulls,0.959,305.0,259.0,46.0,16.0,HARD,16.0,MEDIUM,True,harvest_rich,False
1,Melbourne,Australian Grand Prix,16,S3,GAS,Alpine,OCO,Haas F1 Team,0.868,290.0,282.0,8.0,5.0,HARD,5.0,HARD,True,harvest_rich,False
1,Melbourne,Australian Grand Prix,17,S1,VER,Red Bull Racing,LIN,Racing Bulls,0.867,298.0,290.0,8.0,17.0,HARD,17.0,MEDIUM,True,harvest_rich,False
1,Melbourne,Australian Grand Prix,17,S1,GAS,Alpine,OCO,Haas F1 Team,0.577,297.0,290.0,7.0,6.0,HARD,6.0,HARD,True,harvest_rich,False
1,Melbourne,Australian Grand Prix,17,S2,VER,Red Bull Racing,LIN,Racing Bulls,0.894,298.0,290.0,8.0,17.0,HARD,17.0,MEDIUM,True,harvest_rich,False
1,Melbourne,Australian Grand Prix,17,S2,GAS,Alpine,OCO,Haas F1 Team,0.288,297.0,290.0,7.0,6.0,HARD,6.0,HARD,True,harvest_rich,False
1,Melbourne,Australian Grand Prix,17,S3,VER,Red Bull Racing,LIN,Racing Bulls,0.62,298.0,290.0,8.0,17.0,HARD,17.0,MEDIUM,True,harvest_rich,False
1,Melbourne,Australian Grand Prix,17,S3,GAS,Alpine,OCO,Haas F1 Team,0.355,297.0,290.0,7.0,6.0,HARD,6.0,HARD,True,harvest_rich,False
1,Melbourne,Australian Grand Prix,18,S1,VER,Red Bull Racing,LIN,Racing Bulls,0.505,295.0,284.0,11.0,18.0,HARD,18.0,MEDIUM,True,harvest_rich,False
1,Melbourne,Australian Grand Prix,18,S1,NOR,McLaren,BOR,Audi,0.753,291.0,287.0,4.0,7.0,HARD,18.0,MEDIUM,True,harvest_rich,False
1,Melbourne,Australian Grand Prix,18,S1,GAS,Alpine,OCO,Haas F1 Team,0.326,269.0,294.0,-25.0,7.0,HARD,7.0,HARD,True,harvest_rich,False
1,Melbourne,Australian Grand Prix,18,S2,VER,Red Bull Racing,LIN,Racing Bulls,0.273,295.0,284.0,11.0,18.0,HARD,18.0,MEDIUM,True,harvest_rich,False
1,Melbourne,Australian Grand Prix,18,S2,NOR,McLaren,BOR,Audi,0.421,291.0,287.0,4.0,7.0,HARD,18.0,MEDIUM,True,harvest_rich,True
1,Melbourne,Australian Grand Prix,18,S2,GAS,Alpine,OCO,Haas F1 Team,0.952,269.0,294.0,-25.0,7.0,HARD,7.0,HARD,True,harvest_rich,False
1,Melbourne,Australian Grand Prix,18,S3,VER,Red Bull Racing,LIN,Racing Bulls,0.943,295.0,284.0,11.0,18.0,HARD,18.0,MEDIUM,True,harvest_rich,False
1,Melbourne,Australian Grand Prix,18,S3,BEA,Haas F1 Team,VER,Red Bull Racing,0.879,298.0,295.0,3.0,18.0,MEDIUM,18.0,HARD,True,harvest_rich,False
1,Melbourne,Australian Grand Prix,18,S3,GAS,Alpine,OCO,Haas F1 Team,0.199,269.0,294.0,-25.0,7.0,HARD,7.0,HARD,True,harvest_rich,False
1,Melbourne,Australian Grand Prix,19,S1,VER,Red Bull Racing,LIN,Racing Bulls,0.966,226.0,213.0,13.0,1.0,MEDIUM,1.0,HARD,True,harvest_rich,False
1,Melbourne,Australian Grand Prix,19,S1,GAS,Alpine,OCO,Haas F1 Team,0.971,231.0,214.0,17.0,8.0,HARD,8.0,HARD,True,harvest_rich,False
1,Melbourne,Australian Grand Prix,19,S1,BOR,Audi,GAS,Alpine,0.955,216.0,231.0,-15.0,1.0,HARD,8.0,HARD,True,harvest_rich,False
1,Melbourne,Australian Grand Prix,19,S2,GAS,Alpine,OCO,Haas F1 Team,0.875,231.0,214.0,17.0,8.0,HARD,8.0,HARD,True,harvest_rich,False
1,Melbourne,Australian Grand Prix,19,S2,BOR,Audi,GAS,Alpine,0.529,216.0,231.0,-15.0,1.0,HARD,8.0,HARD,True,harvest_rich,False
1,Melbourne,Australian Grand Prix,19,S3,VER,Red Bull Racing,LIN,Racing Bulls,0.067,226.0,213.0,13.0,1.0,MEDIUM,1.0,HARD,True,harvest_rich,False
1,Melbourne,Australian Grand Prix,19,S3,GAS,Alpine,OCO,Haas F1 Team,0.438,231.0,214.0,17.0,8.0,HARD,8.0,HARD,True,harvest_rich,False
1,Melbourne,Australian Grand Prix,19,S3,BOR,Audi,GAS,Alpine,0.15,216.0,231.0,-15.0,1.0,HARD,8.0,HARD,True,harvest_rich,True
1,Melbourne,Australian Grand Prix,20,S1,VER,Red Bull Racing,LIN,Racing Bulls,0.339,269.0,293.0,-24.0,2.0,MEDIUM,2.0,HARD,True,harvest_rich,True
1,Melbourne,Australian Grand Prix,20,S1,OCO,Haas F1 Team,BOR,Audi,0.525,268.0,279.0,-11.0,9.0,HARD,2.0,HARD,True,harvest_rich,True
1,Melbourne,Australian Grand Prix,20,S1,GAS,Alpine,OCO,Haas F1 Team,0.429,277.0,268.0,9.0,9.0,HARD,9.0,HARD,True,harvest_rich,False
1,Melbourne,Australian Grand Prix,20,S2,LIN,Racing Bulls,VER,Red Bull Racing,0.082,293.0,269.0,24.0,2.0,HARD,2.0,MEDIUM,True,harvest_rich,False
1,Melbourne,Australian Grand Prix,20,S2,BOR,Audi,OCO,Haas F1 Team,0.1,279.0,268.0,11.0,2.0,HARD,9.0,HARD,True,harvest_rich,True
1,Melbourne,Australian Grand Prix,20,S2,GAS,Alpine,BOR,Audi,0.175,277.0,279.0,-2.0,9.0,HARD,2.0,HARD,True,harvest_rich,False
1,Melbourne,Australian Grand Prix,20,S3,OCO,Haas F1 Team,BOR,Audi,0.924,268.0,279.0,-11.0,9.0,HARD,2.0,HARD,True,harvest_rich,False
1,Melbourne,Australian Grand Prix,20,S3,GAS,Alpine,OCO,Haas F1 Team,0.303,277.0,268.0,9.0,9.0,HARD,9.0,HARD,True,harvest_rich,True
1,Melbourne,Australian Grand Prix,21,S1,OCO,Haas F1 Team,GAS,Alpine,0.602,288.0,259.0,29.0,10.0,HARD,10.0,HARD,True,harvest_rich,False
1,Melbourne,Australian Grand Prix,21,S2,OCO,Haas F1 Team,GAS,Alpine,0.493,288.0,259.0,29.0,10.0,HARD,10.0,HARD,True,harvest_rich,False
1,Melbourne,Australian Grand Prix,21,S3,OCO,Haas F1 Team,GAS,Alpine,0.59,288.0,259.0,29.0,10.0,HARD,10.0,HARD,True,harvest_rich,False
1,Melbourne,Australian Grand Prix,22,S1,OCO,Haas F1 Team,GAS,Alpine,0.817,289.0,290.0,-1.0,11.0,HARD,11.0,HARD,True,harvest_rich,False
1,Melbourne,Australian Grand Prix,22,S2,OCO,Haas F1 Team,GAS,Alpine,0.555,289.0,290.0,-1.0,11.0,HARD,11.0,HARD,True,harvest_rich,False
1,Melbourne,Australian Grand Prix,22,S3,BEA,Haas F1 Team,LIN,Racing Bulls,0.787,301.0,291.0,10.0,4.0,HARD,4.0,HARD,True,harvest_rich,False
1,Melbourne,Australian Grand Prix,22,S3,OCO,Haas F1 Team,GAS,Alpine,0.825,289.0,290.0,-1.0,11.0,HARD,11.0,HARD,True,harvest_rich,False
1,Melbourne,Australian Grand Prix,23,S1,BEA,Haas F1 Team,LIN,Racing Bulls,0.667,297.0,291.0,6.0,5.0,HARD,5.0,HARD,True,harvest_rich,False
1,Melbourne,Australian Grand Prix,23,S2,BEA,Haas F1 Team,LIN,Racing Bulls,0.477,297.0,291.0,6.0,5.0,HARD,5.0,HARD,True,harvest_rich,False
1,Melbourne,Australian Grand Prix,23,S2,OCO,Haas F1 Team,GAS,Alpine,0.892,286.0,298.0,-12.0,12.0,HARD,12.0,HARD,True,harvest_rich,False
1,Melbourne,Australian Grand Prix,23,S3,BEA,Haas F1 Team,LIN,Racing Bulls,0.846,297.0,291.0,6.0,5.0,HARD,5.0,HARD,True,harvest_rich,False
1,Melbourne,Australian Grand Prix,23,S3,OCO,Haas F1 Team,GAS,Alpine,0.976,286.0,298.0,-12.0,12.0,HARD,12.0,HARD,True,harvest_rich,False
1,Melbourne,Australian Grand Prix,24,S2,BEA,Haas F1 Team,LIN,Racing Bulls,0.906,272.0,289.0,-17.0,6.0,HARD,6.0,HARD,True,harvest_rich,False
1,Melbourne,Australian Grand Prix,24,S3,BEA,Haas F1 Team,LIN,Racing Bulls,0.984,272.0,289.0,-17.0,6.0,HARD,6.0,HARD,True,harvest_rich,False
1,Melbourne,Australian Grand Prix,25,S3,BEA,Haas F1 Team,LIN,Racing Bulls,0.779,292.0,291.0,1.0,7.0,HARD,7.0,HARD,True,harvest_rich,False
1,Melbourne,Australian Grand Prix,26,S1,BEA,Haas F1 Team,LIN,Racing Bulls,0.896,294.0,292.0,2.0,8.0,HARD,8.0,HARD,True,harvest_rich,False
1,Melbourne,Australian Grand Prix,26,S2,BEA,Haas F1 Team,LIN,Racing Bulls,0.647,294.0,292.0,2.0,8.0,HARD,8.0,HARD,True,harvest_rich,False
1,Melbourne,Australian Grand Prix,26,S3,BEA,Haas F1 Team,LIN,Racing Bulls,0.729,294.0,292.0,2.0,8.0,HARD,8.0,HARD,True,harvest_rich,False
1,Melbourne,Australian Grand Prix,27,S1,BEA,Haas F1 Team,LIN,Racing Bulls,0.947,289.0,294.0,-5.0,9.0,HARD,9.0,HARD,True,harvest_rich,False
1,Melbourne,Australian Grand Prix,27,S2,BEA,Haas F1 Team,LIN,Racing Bulls,0.675,289.0,294.0,-5.0,9.0,HARD,9.0,HARD,True,harvest_rich,False
1,Melbourne,Australian Grand Prix,27,S3,RUS,Mercedes,HAM,Ferrari,0.915,302.0,300.0,2.0,15.0,HARD,27.0,MEDIUM,True,harvest_rich,False
1,Melbourne,Australian Grand Prix,27,S3,BEA,Haas F1 Team,LIN,Racing Bulls,0.652,289.0,294.0,-5.0,9.0,HARD,9.0,HARD,True,harvest_rich,False
1,Melbourne,Australian Grand Prix,27,S3,ALB,Williams,SAI,Williams,0.874,286.0,298.0,-12.0,15.0,HARD,16.0,HARD,True,harvest_rich,False
1,Melbourne,Australian Grand Prix,28,S1,RUS,Mercedes,HAM,Ferrari,0.334,301.0,300.0,1.0,16.0,HARD,28.0,MEDIUM,True,harvest_rich,False
1,Melbourne,Australian Grand Prix,28,S1,BEA,Haas F1 Team,LIN,Racing Bulls,0.596,289.0,285.0,4.0,10.0,HARD,10.0,HARD,True,harvest_rich,False
1,Melbourne,Australian Grand Prix,28,S1,ALB,Williams,SAI,Williams,0.797,277.0,299.0,-22.0,16.0,HARD,17.0,HARD,True,harvest_rich,False
1,Melbourne,Australian Grand Prix,28,S2,RUS,Mercedes,HAM,Ferrari,0.053,301.0,300.0,1.0,16.0,HARD,28.0,MEDIUM,True,harvest_rich,True
1,Melbourne,Australian Grand Prix,28,S2,BEA,Haas F1 Team,LIN,Racing Bulls,0.355,289.0,285.0,4.0,10.0,HARD,10.0,HARD,True,harvest_rich,False
1,Melbourne,Australian Grand Prix,28,S2,ALB,Williams,SAI,Williams,0.815,277.0,299.0,-22.0,16.0,HARD,17.0,HARD,True,harvest_rich,False
1,Melbourne,Australian Grand Prix,28,S3,HAM,Ferrari,LEC,Ferrari,0.11,300.0,303.0,-3.0,28.0,MEDIUM,3.0,HARD,True,harvest_rich,False
1,Melbourne,Australian Grand Prix,28,S3,BEA,Haas F1 Team,LIN,Racing Bulls,0.393,289.0,285.0,4.0,10.0,HARD,10.0,HARD,True,harvest_rich,False
1,Melbourne,Australian Grand Prix,28,S3,ALB,Williams,SAI,Williams,0.72,277.0,299.0,-22.0,16.0,HARD,17.0,HARD,True,harvest_rich,False
1,Melbourne,Australian Grand Prix,29,S1,BEA,Haas F1 Team,LIN,Racing Bulls,0.743,288.0,289.0,-1.0,11.0,HARD,11.0,HARD,True,harvest_rich,False
1,Melbourne,Australian Grand Prix,29,S1,ALB,Williams,SAI,Williams,0.595,280.0,290.0,-10.0,17.0,HARD,18.0,HARD,True,harvest_rich,False
1,Melbourne,Australian Grand Prix,29,S2,BEA,Haas F1 Team,LIN,Racing Bulls,0.506,288.0,289.0,-1.0,11.0,HARD,11.0,HARD,True,harvest_rich,False
1,Melbourne,Australian Grand Prix,29,S2,ALB,Williams,SAI,Williams,0.343,280.0,290.0,-10.0,17.0,HARD,18.0,HARD,True,harvest_rich,True
1,Melbourne,Australian Grand Prix,29,S3,BEA,Haas F1 Team,LIN,Racing Bulls,0.792,288.0,289.0,-1.0,11.0,HARD,11.0,HARD,True,harvest_rich,False
1,Melbourne,Australian Grand Prix,29,S3,OCO,Haas F1 Team,GAS,Alpine,0.943,289.0,294.0,-5.0,18.0,HARD,18.0,HARD,True,harvest_rich,False
1,Melbourne,Australian Grand Prix,29,S3,SAI,Williams,ALB,Williams,0.715,290.0,280.0,10.0,18.0,HARD,17.0,HARD,True,harvest_rich,False
1,Melbourne,Australian Grand Prix,30,S1,OCO,Haas F1 Team,GAS,Alpine,0.866,285.0,284.0,1.0,19.0,HARD,19.0,HARD,True,harvest_rich,False
1,Melbourne,Australian Grand Prix,30,S2,BEA,Haas F1 Team,LIN,Racing Bulls,0.804,281.0,286.0,-5.0,12.0,HARD,12.0,HARD,True,harvest_rich,False
1,Melbourne,Australian Grand Prix,30,S2,OCO,Haas F1 Team,GAS,Alpine,0.69,285.0,284.0,1.0,19.0,HARD,19.0,HARD,True,harvest_rich,False
1,Melbourne,Australian Grand Prix,30,S3,OCO,Haas F1 Team,GAS,Alpine,0.667,285.0,284.0,1.0,19.0,HARD,19.0,HARD,True,harvest_rich,False
1,Melbourne,Australian Grand Prix,31,S1,OCO,Haas F1 Team,GAS,Alpine,0.52,287.0,285.0,2.0,20.0,HARD,20.0,HARD,True,harvest_rich,False
1,Melbourne,Australian Grand Prix,31,S2,BEA,Haas F1 Team,LIN,Racing Bulls,0.849,287.0,292.0,-5.0,13.0,HARD,13.0,HARD,True,harvest_rich,False
1,Melbourne,Australian Grand Prix,31,S2,OCO,Haas F1 Team,GAS,Alpine,0.24,287.0,285.0,2.0,20.0,HARD,20.0,HARD,True,harvest_rich,False
1,Melbourne,Australian Grand Prix,31,S3,BEA,Haas F1 Team,LIN,Racing Bulls,0.77,287.0,292.0,-5.0,13.0,HARD,13.0,HARD,True,harvest_rich,False
1,Melbourne,Australian Grand Prix,31,S3,OCO,Haas F1 Team,GAS,Alpine,0.703,287.0,285.0,2.0,20.0,HARD,20.0,HARD,True,harvest_rich,False
1,Melbourne,Australian Grand Prix,32,S1,OCO,Haas F1 Team,GAS,Alpine,0.798,266.0,282.0,-16.0,21.0,HARD,21.0,HARD,True,harvest_rich,False
1,Melbourne,Australian Grand Prix,32,S2,BEA,Haas F1 Team,LIN,Racing Bulls,0.812,293.0,293.0,0.0,14.0,HARD,14.0,HARD,True,harvest_rich,False
1,Melbourne,Australian Grand Prix,32,S2,OCO,Haas F1 Team,GAS,Alpine,0.493,266.0,282.0,-16.0,21.0,HARD,21.0,HARD,True,harvest_rich,False
1,Melbourne,Australian Grand Prix,32,S3,OCO,Haas F1 Team,GAS,Alpine,0.546,266.0,282.0,-16.0,21.0,HARD,21.0,HARD,True,harvest_rich,False
1,Melbourne,Australian Grand Prix,33,S1,OCO,Haas F1 Team,GAS,Alpine,0.568,291.0,290.0,1.0,22.0,HARD,22.0,HARD,True,harvest_rich,False
1,Melbourne,Australian Grand Prix,33,S2,VER,Red Bull Racing,NOR,McLaren,0.927,297.0,290.0,7.0,15.0,MEDIUM,22.0,HARD,True,harvest_rich,False
1,Melbourne,Australian Grand Prix,33,S2,OCO,Haas F1 Team,GAS,Alpine,0.312,291.0,290.0,1.0,22.0,HARD,22.0,HARD,True,harvest_rich,False
1,Melbourne,Australian Grand Prix,33,S3,VER,Red Bull Racing,NOR,McLaren,0.753,297.0,290.0,7.0,15.0,MEDIUM,22.0,HARD,True,harvest_rich,False
1,Melbourne,Australian Grand Prix,33,S3,SAI,Williams,LAW,Racing Bulls,0.965,289.0,275.0,14.0,22.0,HARD,22.0,HARD,True,harvest_rich,False
1,Melbourne,Australian Grand Prix,34,S1,VER,Red Bull Racing,NOR,McLaren,0.441,303.0,287.0,16.0,16.0,MEDIUM,23.0,HARD,True,harvest_rich,False
1,Melbourne,Australian Grand Prix,34,S2,VER,Red Bull Racing,NOR,McLaren,0.512,303.0,287.0,16.0,16.0,MEDIUM,23.0,HARD,True,harvest_rich,True
1,Melbourne,Australian Grand Prix,34,S2,BEA,Haas F1 Team,LIN,Racing Bulls,0.668,230.0,229.0,1.0,16.0,HARD,16.0,HARD,True,harvest_rich,False
1,Melbourne,Australian Grand Prix,34,S2,OCO,Haas F1 Team,GAS,Alpine,0.649,228.0,248.0,-20.0,23.0,HARD,23.0,HARD,True,harvest_rich,False
1,Melbourne,Australian Grand Prix,34,S3,BEA,Haas F1 Team,LIN,Racing Bulls,0.824,230.0,229.0,1.0,16.0,HARD,16.0,HARD,True,harvest_rich,False
1,Melbourne,Australian Grand Prix,34,S3,OCO,Haas F1 Team,GAS,Alpine,0.545,228.0,248.0,-20.0,23.0,HARD,23.0,HARD,True,harvest_rich,False
1,Melbourne,Australian Grand Prix,35,S1,BEA,Haas F1 Team,LIN,Racing Bulls,0.963,291.0,301.0,-10.0,17.0,HARD,17.0,HARD,True,harvest_rich,False
1,Melbourne,Australian Grand Prix,35,S1,OCO,Haas F1 Team,GAS,Alpine,0.588,286.0,286.0,0.0,24.0,HARD,24.0,HARD,True,harvest_rich,False
1,Melbourne,Australian Grand Prix,35,S2,BEA,Haas F1 Team,LIN,Racing Bulls,0.95,291.0,301.0,-10.0,17.0,HARD,17.0,HARD,True,harvest_rich,False
1,Melbourne,Australian Grand Prix,35,S2,OCO,Haas F1 Team,GAS,Alpine,0.384,286.0,286.0,0.0,24.0,HARD,24.0,HARD,True,harvest_rich,False
1,Melbourne,Australian Grand Prix,35,S3,OCO,Haas F1 Team,GAS,Alpine,0.715,286.0,286.0,0.0,24.0,HARD,24.0,HARD,True,harvest_rich,False
1,Melbourne,Australian Grand Prix,35,S3,LAW,Racing Bulls,COL,Alpine,0.993,271.0,300.0,-29.0,2.0,SOFT,35.0,HARD,True,harvest_rich,False
1,Melbourne,Australian Grand Prix,36,S1,OCO,Haas F1 Team,GAS,Alpine,0.84,293.0,296.0,-3.0,25.0,HARD,25.0,HARD,True,harvest_rich,False
1,Melbourne,Australian Grand Prix,36,S2,OCO,Haas F1 Team,GAS,Alpine,0.639,293.0,296.0,-3.0,25.0,HARD,25.0,HARD,True,harvest_rich,False
1,Melbourne,Australian Grand Prix,36,S3,OCO,Haas F1 Team,GAS,Alpine,0.556,293.0,296.0,-3.0,25.0,HARD,25.0,HARD,True,harvest_rich,False
1,Melbourne,Australian Grand Prix,36,S3,LAW,Racing Bulls,COL,Alpine,0.287,282.0,291.0,-9.0,3.0,SOFT,36.0,HARD,True,harvest_rich,False
1,Melbourne,Australian Grand Prix,37,S1,NOR,McLaren,BEA,Haas F1 Team,0.904,294.0,292.0,2.0,3.0,MEDIUM,19.0,HARD,True,harvest_rich,False
1,Melbourne,Australian Grand Prix,37,S1,OCO,Haas F1 Team,GAS,Alpine,0.585,290.0,286.0,4.0,26.0,HARD,26.0,HARD,True,harvest_rich,False
1,Melbourne,Australian Grand Prix,37,S1,LAW,Racing Bulls,COL,Alpine,0.525,277.0,285.0,-8.0,4.0,SOFT,37.0,HARD,True,harvest_rich,True
1,Melbourne,Australian Grand Prix,37,S2,NOR,McLaren,BEA,Haas F1 Team,0.711,294.0,292.0,2.0,3.0,MEDIUM,19.0,HARD,True,harvest_rich,False
1,Melbourne,Australian Grand Prix,37,S2,OCO,Haas F1 Team,GAS,Alpine,0.048,290.0,286.0,4.0,26.0,HARD,26.0,HARD,True,harvest_rich,True
1,Melbourne,Australian Grand Prix,37,S2,COL,Alpine,LAW,Racing Bulls,0.088,285.0,277.0,8.0,37.0,HARD,4.0,SOFT,True,harvest_rich,False
1,Melbourne,Australian Grand Prix,37,S3,NOR,McLaren,BEA,Haas F1 Team,0.294,294.0,292.0,2.0,3.0,MEDIUM,19.0,HARD,True,harvest_rich,True
1,Melbourne,Australian Grand Prix,37,S3,GAS,Alpine,OCO,Haas F1 Team,0.315,286.0,290.0,-4.0,26.0,HARD,26.0,HARD,True,harvest_rich,False
1,Melbourne,Australian Grand Prix,37,S3,SAI,Williams,COL,Alpine,0.256,296.0,285.0,11.0,4.0,MEDIUM,37.0,HARD,True,harvest_rich,False
1,Melbourne,Australian Grand Prix,38,S1,NOR,McLaren,LIN,Racing Bulls,0.779,296.0,288.0,8.0,4.0,MEDIUM,20.0,HARD,True,harvest_rich,False
1,Melbourne,Australian Grand Prix,38,S1,BEA,Haas F1 Team,NOR,McLaren,0.775,293.0,296.0,-3.0,20.0,HARD,4.0,MEDIUM,True,harvest_rich,False
1,Melbourne,Australian Grand Prix,38,S1,GAS,Alpine,OCO,Haas F1 Team,0.535,263.0,296.0,-33.0,27.0,HARD,27.0,HARD,True,harvest_rich,True
1,Melbourne,Australian Grand Prix,38,S1,BOR,Audi,GAS,Alpine,0.458,293.0,263.0,30.0,5.0,HARD,27.0,HARD,True,harvest_rich,False
1,Melbourne,Australian Grand Prix,38,S1,SAI,Williams,COL,Alpine,0.244,282.0,291.0,-9.0,5.0,MEDIUM,38.0,HARD,True,harvest_rich,False
1,Melbourne,Australian Grand Prix,38,S2,NOR,McLaren,LIN,Racing Bulls,0.74,296.0,288.0,8.0,4.0,MEDIUM,20.0,HARD,True,harvest_rich,True
1,Melbourne,Australian Grand Prix,38,S2,BEA,Haas F1 Team,NOR,McLaren,0.731,293.0,296.0,-3.0,20.0,HARD,4.0,MEDIUM,True,harvest_rich,False
1,Melbourne,Australian Grand Prix,38,S2,OCO,Haas F1 Team,GAS,Alpine,0.023,296.0,263.0,33.0,27.0,HARD,27.0,HARD,True,harvest_rich,False
1,Melbourne,Australian Grand Prix,38,S2,BOR,Audi,OCO,Haas F1 Team,0.559,293.0,296.0,-3.0,5.0,HARD,27.0,HARD,True,harvest_rich,False
1,Melbourne,Australian Grand Prix,38,S2,SAI,Williams,COL,Alpine,0.021,282.0,291.0,-9.0,5.0,MEDIUM,38.0,HARD,True,harvest_rich,False
1,Melbourne,Australian Grand Prix,38,S3,LIN,Racing Bulls,NOR,McLaren,0.001,288.0,296.0,-8.0,20.0,HARD,4.0,MEDIUM,True,harvest_rich,False
1,Melbourne,Australian Grand Prix,38,S3,OCO,Haas F1 Team,GAS,Alpine,0.563,296.0,263.0,33.0,27.0,HARD,27.0,HARD,True,harvest_rich,False
1,Melbourne,Australian Grand Prix,38,S3,BOR,Audi,OCO,Haas F1 Team,0.046,293.0,296.0,-3.0,5.0,HARD,27.0,HARD,True,harvest_rich,True
1,Melbourne,Australian Grand Prix,38,S3,SAI,Williams,COL,Alpine,0.449,282.0,291.0,-9.0,5.0,MEDIUM,38.0,HARD,True,harvest_rich,False
1,Melbourne,Australian Grand Prix,39,S1,BEA,Haas F1 Team,LIN,Racing Bulls,0.525,294.0,259.0,35.0,21.0,HARD,21.0,HARD,True,harvest_rich,False
1,Melbourne,Australian Grand Prix,39,S1,BOR,Audi,GAS,Alpine,0.589,293.0,286.0,7.0,6.0,HARD,28.0,HARD,True,harvest_rich,False
1,Melbourne,Australian Grand Prix,39,S1,OCO,Haas F1 Team,BOR,Audi,0.805,265.0,293.0,-28.0,28.0,HARD,6.0,HARD,True,harvest_rich,False
1,Melbourne,Australian Grand Prix,39,S1,SAI,Williams,COL,Alpine,0.394,289.0,288.0,1.0,6.0,MEDIUM,39.0,HARD,True,harvest_rich,False
1,Melbourne,Australian Grand Prix,39,S2,LIN,Racing Bulls,NOR,McLaren,0.906,259.0,292.0,-33.0,21.0,HARD,5.0,MEDIUM,True,harvest_rich,False
1,Melbourne,Australian Grand Prix,39,S2,BEA,Haas F1 Team,LIN,Racing Bulls,0.335,294.0,259.0,35.0,21.0,HARD,21.0,HARD,True,harvest_rich,False
1,Melbourne,Australian Grand Prix,39,S2,BOR,Audi,GAS,Alpine,0.791,293.0,286.0,7.0,6.0,HARD,28.0,HARD,True,harvest_rich,False
1,Melbourne,Australian Grand Prix,39,S2,OCO,Haas F1 Team,BOR,Audi,0.661,265.0,293.0,-28.0,28.0,HARD,6.0,HARD,True,harvest_rich,False
1,Melbourne,Australian Grand Prix,39,S2,SAI,Williams,COL,Alpine,0.045,289.0,288.0,1.0,6.0,MEDIUM,39.0,HARD,True,harvest_rich,False
1,Melbourne,Australian Grand Prix,39,S3,BEA,Haas F1 Team,LIN,Racing Bulls,0.176,294.0,259.0,35.0,21.0,HARD,21.0,HARD,True,harvest_rich,True
1,Melbourne,Australian Grand Prix,39,S3,BOR,Audi,GAS,Alpine,0.174,293.0,286.0,7.0,6.0,HARD,28.0,HARD,True,harvest_rich,True
1,Melbourne,Australian Grand Prix,39,S3,SAI,Williams,COL,Alpine,0.751,289.0,288.0,1.0,6.0,MEDIUM,39.0,HARD,True,harvest_rich,False
1,Melbourne,Australian Grand Prix,40,S1,LIN,Racing Bulls,BEA,Haas F1 Team,0.374,275.0,292.0,-17.0,22.0,HARD,22.0,HARD,True,harvest_rich,False
1,Melbourne,Australian Grand Prix,40,S1,OCO,Haas F1 Team,GAS,Alpine,0.728,293.0,271.0,22.0,29.0,HARD,29.0,HARD,True,harvest_rich,False
1,Melbourne,Australian Grand Prix,40,S1,SAI,Williams,COL,Alpine,0.388,286.0,262.0,24.0,7.0,MEDIUM,40.0,HARD,True,harvest_rich,False
1,Melbourne,Australian Grand Prix,40,S2,LIN,Racing Bulls,BEA,Haas F1 Team,0.008,275.0,292.0,-17.0,22.0,HARD,22.0,HARD,True,harvest_rich,False
1,Melbourne,Australian Grand Prix,40,S2,GAS,Alpine,BOR,Audi,0.299,271.0,306.0,-35.0,29.0,HARD,7.0,HARD,True,harvest_rich,False
1,Melbourne,Australian Grand Prix,40,S2,OCO,Haas F1 Team,GAS,Alpine,0.748,293.0,271.0,22.0,29.0,HARD,29.0,HARD,True,harvest_rich,False
1,Melbourne,Australian Grand Prix,40,S2,SAI,Williams,COL,Alpine,0.384,286.0,262.0,24.0,7.0,MEDIUM,40.0,HARD,True,harvest_rich,False
1,Melbourne,Australian Grand Prix,40,S3,OCO,Haas F1 Team,GAS,Alpine,0.512,293.0,271.0,22.0,29.0,HARD,29.0,HARD,True,harvest_rich,False
1,Melbourne,Australian Grand Prix,40,S3,SAI,Williams,COL,Alpine,0.308,286.0,262.0,24.0,7.0,MEDIUM,40.0,HARD,True,harvest_rich,False
1,Melbourne,Australian Grand Prix,41,S1,LIN,Racing Bulls,BEA,Haas F1 Team,0.987,293.0,280.0,13.0,23.0,HARD,23.0,HARD,True,harvest_rich,False
1,Melbourne,Australian Grand Prix,41,S1,OCO,Haas F1 Team,GAS,Alpine,0.754,294.0,295.0,-1.0,30.0,HARD,30.0,HARD,True,harvest_rich,False
1,Melbourne,Australian Grand Prix,41,S1,SAI,Williams,COL,Alpine,0.492,287.0,287.0,0.0,8.0,MEDIUM,41.0,HARD,True,harvest_rich,False
1,Melbourne,Australian Grand Prix,41,S2,LIN,Racing Bulls,BEA,Haas F1 Team,0.974,293.0,280.0,13.0,23.0,HARD,23.0,HARD,True,harvest_rich,False
1,Melbourne,Australian Grand Prix,41,S2,OCO,Haas F1 Team,GAS,Alpine,0.514,294.0,295.0,-1.0,30.0,HARD,30.0,HARD,True,harvest_rich,False
1,Melbourne,Australian Grand Prix,41,S2,SAI,Williams,COL,Alpine,0.147,287.0,287.0,0.0,8.0,MEDIUM,41.0,HARD,True,harvest_rich,False
1,Melbourne,Australian Grand Prix,41,S3,OCO,Haas F1 Team,GAS,Alpine,0.357,294.0,295.0,-1.0,30.0,HARD,30.0,HARD,True,harvest_rich,False
1,Melbourne,Australian Grand Prix,41,S3,SAI,Williams,COL,Alpine,0.556,287.0,287.0,0.0,8.0,MEDIUM,41.0,HARD,True,harvest_rich,False
1,Melbourne,Australian Grand Prix,42,S1,OCO,Haas F1 Team,GAS,Alpine,0.898,288.0,306.0,-18.0,31.0,HARD,31.0,HARD,True,harvest_rich,False
1,Melbourne,Australian Grand Prix,42,S1,SAI,Williams,COL,Alpine,0.565,286.0,288.0,-2.0,9.0,MEDIUM,42.0,HARD,True,harvest_rich,False
1,Melbourne,Australian Grand Prix,42,S2,OCO,Haas F1 Team,GAS,Alpine,0.774,288.0,306.0,-18.0,31.0,HARD,31.0,HARD,True,harvest_rich,False
1,Melbourne,Australian Grand Prix,42,S2,SAI,Williams,COL,Alpine,0.411,286.0,288.0,-2.0,9.0,MEDIUM,42.0,HARD,True,harvest_rich,False
1,Melbourne,Australian Grand Prix,42,S3,OCO,Haas F1 Team,GAS,Alpine,0.727,288.0,306.0,-18.0,31.0,HARD,31.0,HARD,True,harvest_rich,False
1,Melbourne,Australian Grand Prix,42,S3,SAI,Williams,COL,Alpine,0.642,286.0,288.0,-2.0,9.0,MEDIUM,42.0,HARD,True,harvest_rich,False
1,Melbourne,Australian Grand Prix,43,S1,OCO,Haas F1 Team,GAS,Alpine,0.758,290.0,289.0,1.0,32.0,HARD,32.0,HARD,True,harvest_rich,False
1,Melbourne,Australian Grand Prix,43,S1,SAI,Williams,COL,Alpine,0.666,295.0,290.0,5.0,10.0,MEDIUM,43.0,HARD,True,harvest_rich,False
1,Melbourne,Australian Grand Prix,43,S2,OCO,Haas F1 Team,GAS,Alpine,0.476,290.0,289.0,1.0,32.0,HARD,32.0,HARD,True,harvest_rich,False
1,Melbourne,Australian Grand Prix,43,S2,SAI,Williams,COL,Alpine,0.465,295.0,290.0,5.0,10.0,MEDIUM,43.0,HARD,True,harvest_rich,False
1,Melbourne,Australian Grand Prix,43,S3,OCO,Haas F1 Team,GAS,Alpine,0.856,290.0,289.0,1.0,32.0,HARD,32.0,HARD,True,harvest_rich,False
1,Melbourne,Australian Grand Prix,43,S3,SAI,Williams,COL,Alpine,0.548,295.0,290.0,5.0,10.0,MEDIUM,43.0,HARD,True,harvest_rich,False
1,Melbourne,Australian Grand Prix,44,S1,SAI,Williams,COL,Alpine,0.714,303.0,292.0,11.0,11.0,MEDIUM,44.0,HARD,True,harvest_rich,False
1,Melbourne,Australian Grand Prix,44,S2,OCO,Haas F1 Team,GAS,Alpine,0.764,273.0,290.0,-17.0,33.0,HARD,33.0,HARD,True,harvest_rich,False
1,Melbourne,Australian Grand Prix,44,S2,SAI,Williams,COL,Alpine,0.708,303.0,292.0,11.0,11.0,MEDIUM,44.0,HARD,True,harvest_rich,False
1,Melbourne,Australian Grand Prix,44,S3,SAI,Williams,COL,Alpine,0.837,303.0,292.0,11.0,11.0,MEDIUM,44.0,HARD,True,harvest_rich,False
1,Melbourne,Australian Grand Prix,45,S1,SAI,Williams,COL,Alpine,0.895,300.0,288.0,12.0,12.0,MEDIUM,45.0,HARD,True,harvest_rich,False
1,Melbourne,Australian Grand Prix,45,S2,SAI,Williams,COL,Alpine,0.944,300.0,288.0,12.0,12.0,MEDIUM,45.0,HARD,True,harvest_rich,False
1,Melbourne,Australian Grand Prix,45,S3,OCO,Haas F1 Team,GAS,Alpine,0.478,286.0,292.0,-6.0,34.0,HARD,34.0,HARD,True,harvest_rich,False
1,Melbourne,Australian Grand Prix,46,S1,OCO,Haas F1 Team,GAS,Alpine,0.613,284.0,286.0,-2.0,35.0,HARD,35.0,HARD,True,harvest_rich,False
1,Melbourne,Australian Grand Prix,46,S2,OCO,Haas F1 Team,GAS,Alpine,0.09,284.0,286.0,-2.0,35.0,HARD,35.0,HARD,True,harvest_rich,False
1,Melbourne,Australian Grand Prix,46,S3,VER,Red Bull Racing,NOR,McLaren,0.98,302.0,292.0,10.0,5.0,HARD,12.0,MEDIUM,True,harvest_rich,False
1,Melbourne,Australian Grand Prix,47,S1,VER,Red Bull Racing,NOR,McLaren,0.77,309.0,297.0,12.0,6.0,HARD,13.0,MEDIUM,True,harvest_rich,False
1,Melbourne,Australian Grand Prix,47,S2,VER,Red Bull Racing,NOR,McLaren,0.575,309.0,297.0,12.0,6.0,HARD,13.0,MEDIUM,True,harvest_rich,False
1,Melbourne,Australian Grand Prix,47,S3,VER,Red Bull Racing,NOR,McLaren,0.691,309.0,297.0,12.0,6.0,HARD,13.0,MEDIUM,True,harvest_rich,False
1,Melbourne,Australian Grand Prix,48,S1,VER,Red Bull Racing,NOR,McLaren,0.678,307.0,297.0,10.0,7.0,HARD,14.0,MEDIUM,True,harvest_rich,False
1,Melbourne,Australian Grand Prix,48,S2,VER,Red Bull Racing,NOR,McLaren,0.471,307.0,297.0,10.0,7.0,HARD,14.0,MEDIUM,True,harvest_rich,False
1,Melbourne,Australian Grand Prix,48,S3,VER,Red Bull Racing,NOR,McLaren,0.644,307.0,297.0,10.0,7.0,HARD,14.0,MEDIUM,True,harvest_rich,False
1,Melbourne,Australian Grand Prix,49,S1,VER,Red Bull Racing,NOR,McLaren,0.751,302.0,285.0,17.0,8.0,HARD,15.0,MEDIUM,True,harvest_rich,False
1,Melbourne,Australian Grand Prix,49,S1,OCO,Haas F1 Team,GAS,Alpine,0.983,295.0,292.0,3.0,38.0,HARD,38.0,HARD,True,harvest_rich,False
1,Melbourne,Australian Grand Prix,49,S2,VER,Red Bull Racing,NOR,McLaren,0.455,302.0,285.0,17.0,8.0,HARD,15.0,MEDIUM,True,harvest_rich,False
1,Melbourne,Australian Grand Prix,49,S2,OCO,Haas F1 Team,GAS,Alpine,0.997,295.0,292.0,3.0,38.0,HARD,38.0,HARD,True,harvest_rich,False
1,Melbourne,Australian Grand Prix,49,S3,VER,Red Bull Racing,NOR,McLaren,0.779,302.0,285.0,17.0,8.0,HARD,15.0,MEDIUM,True,harvest_rich,False
1,Melbourne,Australian Grand Prix,50,S1,VER,Red Bull Racing,NOR,McLaren,0.847,306.0,289.0,17.0,9.0,HARD,16.0,MEDIUM,True,harvest_rich,False
1,Melbourne,Australian Grand Prix,50,S2,VER,Red Bull Racing,NOR,McLaren,0.656,306.0,289.0,17.0,9.0,HARD,16.0,MEDIUM,True,harvest_rich,False
1,Melbourne,Australian Grand Prix,50,S3,VER,Red Bull Racing,NOR,McLaren,0.754,306.0,289.0,17.0,9.0,HARD,16.0,MEDIUM,True,harvest_rich,False
1,Melbourne,Australian Grand Prix,51,S1,VER,Red Bull Racing,NOR,McLaren,0.764,307.0,285.0,22.0,10.0,HARD,17.0,MEDIUM,True,harvest_rich,False
1,Melbourne,Australian Grand Prix,51,S2,VER,Red Bull Racing,NOR,McLaren,0.586,307.0,285.0,22.0,10.0,HARD,17.0,MEDIUM,True,harvest_rich,False
1,Melbourne,Australian Grand Prix,51,S2,LAW,Racing Bulls,ALB,Williams,0.939,294.0,285.0,9.0,18.0,SOFT,18.0,SOFT,True,harvest_rich,False
1,Melbourne,Australian Grand Prix,51,S3,VER,Red Bull Racing,NOR,McLaren,0.846,307.0,285.0,22.0,10.0,HARD,17.0,MEDIUM,True,harvest_rich,False
1,Melbourne,Australian Grand Prix,51,S3,LAW,Racing Bulls,ALB,Williams,0.742,294.0,285.0,9.0,18.0,SOFT,18.0,SOFT,True,harvest_rich,False
1,Melbourne,Australian Grand Prix,52,S1,VER,Red Bull Racing,NOR,McLaren,0.74,309.0,290.0,19.0,11.0,HARD,18.0,MEDIUM,True,harvest_rich,False
1,Melbourne,Australian Grand Prix,52,S1,LAW,Racing Bulls,ALB,Williams,0.972,294.0,290.0,4.0,19.0,SOFT,19.0,SOFT,True,harvest_rich,False
1,Melbourne,Australian Grand Prix,52,S2,VER,Red Bull Racing,NOR,McLaren,0.565,309.0,290.0,19.0,11.0,HARD,18.0,MEDIUM,True,harvest_rich,False
1,Melbourne,Australian Grand Prix,52,S2,LAW,Racing Bulls,ALB,Williams,0.518,294.0,290.0,4.0,19.0,SOFT,19.0,SOFT,True,harvest_rich,False
1,Melbourne,Australian Grand Prix,52,S3,VER,Red Bull Racing,NOR,McLaren,0.745,309.0,290.0,19.0,11.0,HARD,18.0,MEDIUM,True,harvest_rich,False
1,Melbourne,Australian Grand Prix,52,S3,OCO,Haas F1 Team,GAS,Alpine,0.836,295.0,290.0,5.0,41.0,HARD,41.0,HARD,True,harvest_rich,False
1,Melbourne,Australian Grand Prix,52,S3,LAW,Racing Bulls,ALB,Williams,0.643,294.0,290.0,4.0,19.0,SOFT,19.0,SOFT,True,harvest_rich,False
1,Melbourne,Australian Grand Prix,53,S1,VER,Red Bull Racing,NOR,McLaren,0.881,313.0,288.0,25.0,12.0,HARD,19.0,MEDIUM,True,harvest_rich,False
1,Melbourne,Australian Grand Prix,53,S1,OCO,Haas F1 Team,GAS,Alpine,0.774,298.0,293.0,5.0,42.0,HARD,42.0,HARD,True,harvest_rich,False
1,Melbourne,Australian Grand Prix,53,S1,LAW,Racing Bulls,ALB,Williams,0.862,290.0,286.0,4.0,20.0,SOFT,20.0,SOFT,True,harvest_rich,False
1,Melbourne,Australian Grand Prix,53,S2,VER,Red Bull Racing,NOR,McLaren,0.995,313.0,288.0,25.0,12.0,HARD,19.0,MEDIUM,True,harvest_rich,False
1,Melbourne,Australian Grand Prix,53,S2,OCO,Haas F1 Team,GAS,Alpine,0.484,298.0,293.0,5.0,42.0,HARD,42.0,HARD,True,harvest_rich,False
1,Melbourne,Australian Grand Prix,53,S2,LAW,Racing Bulls,ALB,Williams,0.454,290.0,286.0,4.0,20.0,SOFT,20.0,SOFT,True,harvest_rich,False
1,Melbourne,Australian Grand Prix,53,S3,OCO,Haas F1 Team,GAS,Alpine,0.668,298.0,293.0,5.0,42.0,HARD,42.0,HARD,True,harvest_rich,False
1,Melbourne,Australian Grand Prix,53,S3,LAW,Racing Bulls,ALB,Williams,0.786,290.0,286.0,4.0,20.0,SOFT,20.0,SOFT,True,harvest_rich,False
1,Melbourne,Australian Grand Prix,54,S1,OCO,Haas F1 Team,GAS,Alpine,0.842,298.0,295.0,3.0,43.0,HARD,43.0,HARD,True,harvest_rich,False
1,Melbourne,Australian Grand Prix,54,S1,LAW,Racing Bulls,ALB,Williams,0.97,282.0,291.0,-9.0,21.0,SOFT,21.0,SOFT,True,harvest_rich,False
1,Melbourne,Australian Grand Prix,54,S2,OCO,Haas F1 Team,GAS,Alpine,0.449,298.0,295.0,3.0,43.0,HARD,43.0,HARD,True,harvest_rich,False
1,Melbourne,Australian Grand Prix,54,S2,LAW,Racing Bulls,ALB,Williams,0.458,282.0,291.0,-9.0,21.0,SOFT,21.0,SOFT,True,harvest_rich,False
1,Melbourne,Australian Grand Prix,54,S3,BOR,Audi,LIN,Racing Bulls,0.31,305.0,272.0,33.0,21.0,HARD,36.0,HARD,True,harvest_rich,False
1,Melbourne,Australian Grand Prix,54,S3,LAW,Racing Bulls,ALB,Williams,0.45,282.0,291.0,-9.0,21.0,SOFT,21.0,SOFT,True,harvest_rich,False
1,Melbourne,Australian Grand Prix,55,S1,BOR,Audi,LIN,Racing Bulls,0.444,279.0,290.0,-11.0,22.0,HARD,37.0,HARD,True,harvest_rich,False
1,Melbourne,Australian Grand Prix,55,S1,LAW,Racing Bulls,ALB,Williams,0.805,271.0,287.0,-16.0,22.0,SOFT,22.0,SOFT,True,harvest_rich,False
1,Melbourne,Australian Grand Prix,55,S2,BOR,Audi,LIN,Racing Bulls,0.79,279.0,290.0,-11.0,22.0,HARD,37.0,HARD,True,harvest_rich,False
1,Melbourne,Australian Grand Prix,55,S2,LAW,Racing Bulls,ALB,Williams,0.593,271.0,287.0,-16.0,22.0,SOFT,22.0,SOFT,True,harvest_rich,False
1,Melbourne,Australian Grand Prix,55,S3,BOR,Audi,LIN,Racing Bulls,0.964,279.0,290.0,-11.0,22.0,HARD,37.0,HARD,True,harvest_rich,False
1,Melbourne,Australian Grand Prix,55,S3,LAW,Racing Bulls,ALB,Williams,0.578,271.0,287.0,-16.0,22.0,SOFT,22.0,SOFT,True,harvest_rich,False
1,Melbourne,Australian Grand Prix,56,S1,BOR,Audi,LIN,Racing Bulls,0.826,300.0,299.0,1.0,23.0,HARD,38.0,HARD,True,harvest_rich,False
1,Melbourne,Australian Grand Prix,56,S2,BOR,Audi,LIN,Racing Bulls,0.928,300.0,299.0,1.0,23.0,HARD,38.0,HARD,True,harvest_rich,False
1,Melbourne,Australian Grand Prix,56,S2,OCO,Haas F1 Team,GAS,Alpine,0.955,301.0,298.0,3.0,45.0,HARD,45.0,HARD,True,harvest_rich,False
1,Melbourne,Australian Grand Prix,56,S3,BOR,Audi,LIN,Racing Bulls,0.791,300.0,299.0,1.0,23.0,HARD,38.0,HARD,True,harvest_rich,False
1,Melbourne,Australian Grand Prix,57,S1,BOR,Audi,LIN,Racing Bulls,0.441,304.0,296.0,8.0,24.0,HARD,39.0,HARD,True,harvest_rich,False
1,Melbourne,Australian Grand Prix,57,S1,LAW,Racing Bulls,ALB,Williams,0.66,264.0,278.0,-14.0,24.0,SOFT,24.0,SOFT,True,harvest_rich,False
1,Melbourne,Australian Grand Prix,57,S2,BOR,Audi,LIN,Racing Bulls,0.88,304.0,296.0,8.0,24.0,HARD,39.0,HARD,True,harvest_rich,False
1,Melbourne,Australian Grand Prix,57,S2,LAW,Racing Bulls,ALB,Williams,0.545,264.0,278.0,-14.0,24.0,SOFT,24.0,SOFT,True,harvest_rich,False
1,Melbourne,Australian Grand Prix,57,S3,BOR,Audi,LIN,Racing Bulls,0.923,304.0,296.0,8.0,24.0,HARD,39.0,HARD,True,harvest_rich,False
1,Melbourne,Australian Grand Prix,57,S3,OCO,Haas F1 Team,GAS,Alpine,0.821,295.0,295.0,0.0,46.0,HARD,46.0,HARD,True,harvest_rich,False
1,Melbourne,Australian Grand Prix,58,S2,HAM,Ferrari,LEC,Ferrari,0.846,315.0,277.0,38.0,30.0,HARD,33.0,HARD,True,harvest_rich,False
1,Melbourne,Australian Grand Prix,58,S3,HAM,Ferrari,LEC,Ferrari,0.633,315.0,277.0,38.0,30.0,HARD,33.0,HARD,True,harvest_rich,False
2,Shanghai,Chinese Grand Prix,1,S2,ANT,Mercedes,HAM,Ferrari,0.98,325.0,309.0,16.0,1.0,MEDIUM,1.0,MEDIUM,True,harvest_rich,False
2,Shanghai,Chinese Grand Prix,1,S2,LEC,Ferrari,ANT,Mercedes,0.508,320.0,325.0,-5.0,1.0,MEDIUM,1.0,MEDIUM,True,harvest_rich,False
2,Shanghai,Chinese Grand Prix,1,S2,RUS,Mercedes,LEC,Ferrari,0.577,320.0,320.0,0.0,1.0,MEDIUM,1.0,MEDIUM,True,harvest_rich,False
2,Shanghai,Chinese Grand Prix,1,S2,GAS,Alpine,RUS,Mercedes,0.836,337.0,320.0,17.0,1.0,MEDIUM,1.0,MEDIUM,True,harvest_rich,False
2,Shanghai,Chinese Grand Prix,1,S2,BEA,Haas F1 Team,GAS,Alpine,0.577,340.0,337.0,3.0,1.0,MEDIUM,1.0,MEDIUM,True,harvest_rich,False
2,Shanghai,Chinese Grand Prix,1,S2,HAD,Red Bull Racing,BEA,Haas F1 Team,0.107,274.0,340.0,-66.0,4.0,SOFT,1.0,MEDIUM,True,harvest_rich,False
2,Shanghai,Chinese Grand Prix,1,S2,COL,Alpine,HAD,Red Bull Racing,0.587,319.0,274.0,45.0,1.0,HARD,4.0,SOFT,True,harvest_rich,True
2,Shanghai,Chinese Grand Prix,1,S2,LIN,Racing Bulls,COL,Alpine,0.678,336.0,319.0,17.0,1.0,HARD,1.0,HARD,True,harvest_rich,False
2,Shanghai,Chinese Grand Prix,1,S2,LAW,Racing Bulls,LIN,Racing Bulls,0.353,345.0,336.0,9.0,1.0,MEDIUM,1.0,HARD,True,harvest_rich,True
2,Shanghai,Chinese Grand Prix,1,S2,ALO,Aston Martin,LAW,Racing Bulls,0.346,323.0,345.0,-22.0,1.0,HARD,1.0,MEDIUM,True,harvest_rich,False
2,Shanghai,Chinese Grand Prix,1,S2,OCO,Haas F1 Team,ALO,Aston Martin,0.396,333.0,323.0,10.0,1.0,HARD,1.0,HARD,True,harvest_rich,True
2,Shanghai,Chinese Grand Prix,1,S2,SAI,Williams,OCO,Haas F1 Team,0.517,345.0,333.0,12.0,1.0,MEDIUM,1.0,HARD,True,harvest_rich,False
2,Shanghai,Chinese Grand Prix,1,S2,VER,Red Bull Racing,SAI,Williams,0.358,341.0,345.0,-4.0,4.0,SOFT,1.0,MEDIUM,True,harvest_rich,False
2,Shanghai,Chinese Grand Prix,1,S2,BOT,Cadillac,VER,Red Bull Racing,0.401,335.0,341.0,-6.0,1.0,MEDIUM,4.0,SOFT,True,harvest_rich,False
2,Shanghai,Chinese Grand Prix,1,S2,HUL,Audi,BOT,Cadillac,0.462,336.0,335.0,1.0,1.0,HARD,1.0,MEDIUM,True,harvest_rich,False
2,Shanghai,Chinese Grand Prix,1,S2,STR,Aston Martin,HUL,Audi,0.352,321.0,336.0,-15.0,1.0,HARD,1.0,HARD,True,harvest_rich,False
2,Shanghai,Chinese Grand Prix,1,S3,ANT,Mercedes,HAM,Ferrari,0.75,325.0,309.0,16.0,1.0,MEDIUM,1.0,MEDIUM,True,harvest_rich,False
2,Shanghai,Chinese Grand Prix,1,S3,LEC,Ferrari,ANT,Mercedes,0.838,320.0,325.0,-5.0,1.0,MEDIUM,1.0,MEDIUM,True,harvest_rich,False
2,Shanghai,Chinese Grand Prix,1,S3,RUS,Mercedes,LEC,Ferrari,0.792,320.0,320.0,0.0,1.0,MEDIUM,1.0,MEDIUM,True,harvest_rich,False
2,Shanghai,Chinese Grand Prix,1,S3,GAS,Alpine,RUS,Mercedes,0.711,337.0,320.0,17.0,1.0,MEDIUM,1.0,MEDIUM,True,harvest_rich,False
2,Shanghai,Chinese Grand Prix,1,S3,LAW,Racing Bulls,COL,Alpine,0.555,345.0,319.0,26.0,1.0,MEDIUM,1.0,HARD,True,harvest_rich,False
2,Shanghai,Chinese Grand Prix,1,S3,LIN,Racing Bulls,LAW,Racing Bulls,0.609,336.0,345.0,-9.0,1.0,HARD,1.0,MEDIUM,True,harvest_rich,False
2,Shanghai,Chinese Grand Prix,1,S3,OCO,Haas F1 Team,LIN,Racing Bulls,0.184,333.0,336.0,-3.0,1.0,HARD,1.0,HARD,True,harvest_rich,False
2,Shanghai,Chinese Grand Prix,1,S3,ALO,Aston Martin,OCO,Haas F1 Team,0.504,323.0,333.0,-10.0,1.0,HARD,1.0,HARD,True,harvest_rich,False
2,Shanghai,Chinese Grand Prix,1,S3,SAI,Williams,ALO,Aston Martin,0.149,345.0,323.0,22.0,1.0,MEDIUM,1.0,HARD,True,harvest_rich,True
2,Shanghai,Chinese Grand Prix,1,S3,VER,Red Bull Racing,SAI,Williams,0.57,341.0,345.0,-4.0,4.0,SOFT,1.0,MEDIUM,True,harvest_rich,False
2,Shanghai,Chinese Grand Prix,1,S3,BEA,Haas F1 Team,VER,Red Bull Racing,0.0,340.0,341.0,-1.0,1.0,MEDIUM,4.0,SOFT,True,harvest_rich,False
2,Shanghai,Chinese Grand Prix,1,S3,BOT,Cadillac,BEA,Haas F1 Team,0.375,335.0,340.0,-5.0,1.0,MEDIUM,1.0,MEDIUM,True,harvest_rich,False
2,Shanghai,Chinese Grand Prix,1,S3,HUL,Audi,BOT,Cadillac,0.314,336.0,335.0,1.0,1.0,HARD,1.0,MEDIUM,True,harvest_rich,False
2,Shanghai,Chinese Grand Prix,1,S3,STR,Aston Martin,HUL,Audi,0.82,321.0,336.0,-15.0,1.0,HARD,1.0,HARD,True,harvest_rich,False
2,Shanghai,Chinese Grand Prix,2,S1,ANT,Mercedes,HAM,Ferrari,0.273,316.0,306.0,10.0,2.0,MEDIUM,2.0,MEDIUM,True,harvest_rich,False
2,Shanghai,Chinese Grand Prix,2,S1,LEC,Ferrari,ANT,Mercedes,0.719,314.0,316.0,-2.0,2.0,MEDIUM,2.0,MEDIUM,True,harvest_rich,False
2,Shanghai,Chinese Grand Prix,2,S1,RUS,Mercedes,LEC,Ferrari,0.768,318.0,314.0,4.0,2.0,MEDIUM,2.0,MEDIUM,True,harvest_rich,False
2,Shanghai,Chinese Grand Prix,2,S1,LAW,Racing Bulls,COL,Alpine,0.74,318.0,313.0,5.0,2.0,MEDIUM,2.0,HARD,True,harvest_rich,False
2,Shanghai,Chinese Grand Prix,2,S1,LIN,Racing Bulls,LAW,Racing Bulls,0.783,323.0,318.0,5.0,2.0,HARD,2.0,MEDIUM,True,harvest_rich,False
2,Shanghai,Chinese Grand Prix,2,S1,OCO,Haas F1 Team,LIN,Racing Bulls,0.126,317.0,323.0,-6.0,2.0,HARD,2.0,HARD,True,harvest_rich,True
2,Shanghai,Chinese Grand Prix,2,S1,SAI,Williams,OCO,Haas F1 Team,0.564,349.0,317.0,32.0,2.0,MEDIUM,2.0,HARD,True,harvest_rich,False
2,Shanghai,Chinese Grand Prix,2,S1,ALO,Aston Martin,SAI,Williams,0.209,325.0,349.0,-24.0,2.0,HARD,2.0,MEDIUM,True,harvest_rich,False
2,Shanghai,Chinese Grand Prix,2,S1,VER,Red Bull Racing,ALO,Aston Martin,0.146,322.0,325.0,-3.0,5.0,SOFT,2.0,HARD,True,harvest_rich,True
2,Shanghai,Chinese Grand Prix,2,S1,BEA,Haas F1 Team,VER,Red Bull Racing,0.754,331.0,322.0,9.0,2.0,MEDIUM,5.0,SOFT,True,harvest_rich,False
2,Shanghai,Chinese Grand Prix,2,S1,BOT,Cadillac,BEA,Haas F1 Team,0.426,328.0,331.0,-3.0,2.0,MEDIUM,2.0,MEDIUM,True,harvest_rich,False
2,Shanghai,Chinese Grand Prix,2,S1,HUL,Audi,BOT,Cadillac,0.143,342.0,328.0,14.0,2.0,HARD,2.0,MEDIUM,True,harvest_rich,False
2,Shanghai,Chinese Grand Prix,2,S1,STR,Aston Martin,HUL,Audi,0.835,312.0,342.0,-30.0,2.0,HARD,2.0,HARD,True,harvest_rich,False
2,Shanghai,Chinese Grand Prix,2,S2,ANT,Mercedes,HAM,Ferrari,0.384,316.0,306.0,10.0,2.0,MEDIUM,2.0,MEDIUM,True,harvest_rich,True
2,Shanghai,Chinese Grand Prix,2,S2,LEC,Ferrari,ANT,Mercedes,0.439,314.0,316.0,-2.0,2.0,MEDIUM,2.0,MEDIUM,True,harvest_rich,False
2,Shanghai,Chinese Grand Prix,2,S2,RUS,Mercedes,LEC,Ferrari,0.489,318.0,314.0,4.0,2.0,MEDIUM,2.0,MEDIUM,True,harvest_rich,False
2,Shanghai,Chinese Grand Prix,2,S2,OCO,Haas F1 Team,LAW,Racing Bulls,0.87,317.0,318.0,-1.0,2.0,HARD,2.0,MEDIUM,True,harvest_rich,False
2,Shanghai,Chinese Grand Prix,2,S2,LIN,Racing Bulls,OCO,Haas F1 Team,0.496,323.0,317.0,6.0,2.0,HARD,2.0,HARD,True,harvest_rich,False
2,Shanghai,Chinese Grand Prix,2,S2,SAI,Williams,LIN,Racing Bulls,0.548,349.0,323.0,26.0,2.0,MEDIUM,2.0,HARD,True,harvest_rich,False
2,Shanghai,Chinese Grand Prix,2,S2,VER,Red Bull Racing,SAI,Williams,0.444,322.0,349.0,-27.0,5.0,SOFT,2.0,MEDIUM,True,harvest_rich,True
2,Shanghai,Chinese Grand Prix,2,S2,ALO,Aston Martin,VER,Red Bull Racing,0.413,325.0,322.0,3.0,2.0,HARD,5.0,SOFT,True,harvest_rich,False
2,Shanghai,Chinese Grand Prix,2,S2,BEA,Haas F1 Team,ALO,Aston Martin,0.251,331.0,325.0,6.0,2.0,MEDIUM,2.0,HARD,True,harvest_rich,True
2,Shanghai,Chinese Grand Prix,2,S2,BOT,Cadillac,BEA,Haas F1 Team,0.794,328.0,331.0,-3.0,2.0,MEDIUM,2.0,MEDIUM,True,harvest_rich,False
2,Shanghai,Chinese Grand Prix,2,S2,HUL,Audi,BOT,Cadillac,0.256,342.0,328.0,14.0,2.0,HARD,2.0,MEDIUM,True,harvest_rich,False
2,Shanghai,Chinese Grand Prix,2,S2,STR,Aston Martin,HUL,Audi,0.855,312.0,342.0,-30.0,2.0,HARD,2.0,HARD,True,harvest_rich,False
2,Shanghai,Chinese Grand Prix,2,S3,HAM,Ferrari,ANT,Mercedes,0.541,306.0,316.0,-10.0,2.0,MEDIUM,2.0,MEDIUM,True,harvest_rich,False
2,Shanghai,Chinese Grand Prix,2,S3,LEC,Ferrari,HAM,Ferrari,0.606,314.0,306.0,8.0,2.0,MEDIUM,2.0,MEDIUM,True,harvest_rich,False
2,Shanghai,Chinese Grand Prix,2,S3,RUS,Mercedes,LEC,Ferrari,0.217,318.0,314.0,4.0,2.0,MEDIUM,2.0,MEDIUM,True,harvest_rich,True
2,Shanghai,Chinese Grand Prix,2,S3,OCO,Haas F1 Team,LAW,Racing Bulls,0.618,317.0,318.0,-1.0,2.0,HARD,2.0,MEDIUM,True,harvest_rich,False
2,Shanghai,Chinese Grand Prix,2,S3,VER,Red Bull Racing,LIN,Racing Bulls,0.639,322.0,323.0,-1.0,5.0,SOFT,2.0,HARD,True,harvest_rich,False
2,Shanghai,Chinese Grand Prix,2,S3,SAI,Williams,VER,Red Bull Racing,0.002,349.0,322.0,27.0,2.0,MEDIUM,5.0,SOFT,True,harvest_rich,False
2,Shanghai,Chinese Grand Prix,2,S3,BEA,Haas F1 Team,SAI,Williams,0.803,331.0,349.0,-18.0,2.0,MEDIUM,2.0,MEDIUM,True,harvest_rich,False
2,Shanghai,Chinese Grand Prix,2,S3,ALO,Aston Martin,BEA,Haas F1 Team,0.531,325.0,331.0,-6.0,2.0,HARD,2.0,MEDIUM,True,harvest_rich,False
2,Shanghai,Chinese Grand Prix,2,S3,BOT,Cadillac,ALO,Aston Martin,0.408,328.0,325.0,3.0,2.0,MEDIUM,2.0,HARD,True,harvest_rich,False
2,Shanghai,Chinese Grand Prix,2,S3,HUL,Audi,BOT,Cadillac,0.372,342.0,328.0,14.0,2.0,HARD,2.0,MEDIUM,True,harvest_rich,True
2,Shanghai,Chinese Grand Prix,3,S1,HAM,Ferrari,ANT,Mercedes,0.629,301.0,304.0,-3.0,3.0,MEDIUM,3.0,MEDIUM,True,harvest_rich,False
2,Shanghai,Chinese Grand Prix,3,S1,RUS,Mercedes,HAM,Ferrari,0.432,310.0,301.0,9.0,3.0,MEDIUM,3.0,MEDIUM,True,harvest_rich,False
2,Shanghai,Chinese Grand Prix,3,S1,LEC,Ferrari,RUS,Mercedes,0.807,324.0,310.0,14.0,3.0,MEDIUM,3.0,MEDIUM,True,harvest_rich,False
2,Shanghai,Chinese Grand Prix,3,S1,LAW,Racing Bulls,COL,Alpine,0.817,318.0,314.0,4.0,3.0,MEDIUM,3.0,HARD,True,harvest_rich,False
2,Shanghai,Chinese Grand Prix,3,S1,OCO,Haas F1 Team,LAW,Racing Bulls,0.908,321.0,318.0,3.0,3.0,HARD,3.0,MEDIUM,True,harvest_rich,False
2,Shanghai,Chinese Grand Prix,3,S1,LIN,Racing Bulls,OCO,Haas F1 Team,0.97,317.0,321.0,-4.0,3.0,HARD,3.0,HARD,True,harvest_rich,False
2,Shanghai,Chinese Grand Prix,3,S1,VER,Red Bull Racing,LIN,Racing Bulls,0.496,321.0,317.0,4.0,6.0,SOFT,3.0,HARD,True,harvest_rich,False
2,Shanghai,Chinese Grand Prix,3,S1,BEA,Haas F1 Team,SAI,Williams,0.688,339.0,330.0,9.0,3.0,MEDIUM,3.0,MEDIUM,True,harvest_rich,False
2,Shanghai,Chinese Grand Prix,3,S1,ALO,Aston Martin,BEA,Haas F1 Team,0.169,309.0,339.0,-30.0,3.0,HARD,3.0,MEDIUM,True,harvest_rich,False
2,Shanghai,Chinese Grand Prix,3,S1,HUL,Audi,ALO,Aston Martin,0.455,329.0,309.0,20.0,3.0,HARD,3.0,HARD,True,harvest_rich,False
2,Shanghai,Chinese Grand Prix,3,S1,BOT,Cadillac,HUL,Audi,0.012,327.0,329.0,-2.0,3.0,MEDIUM,3.0,HARD,True,harvest_rich,False
2,Shanghai,Chinese Grand Prix,3,S2,HAM,Ferrari,ANT,Mercedes,0.956,301.0,304.0,-3.0,3.0,MEDIUM,3.0,MEDIUM,True,harvest_rich,False
2,Shanghai,Chinese Grand Prix,3,S2,RUS,Mercedes,HAM,Ferrari,0.513,310.0,301.0,9.0,3.0,MEDIUM,3.0,MEDIUM,True,harvest_rich,False
2,Shanghai,Chinese Grand Prix,3,S2,LEC,Ferrari,RUS,Mercedes,0.729,324.0,310.0,14.0,3.0,MEDIUM,3.0,MEDIUM,True,harvest_rich,False
2,Shanghai,Chinese Grand Prix,3,S2,OCO,Haas F1 Team,LAW,Racing Bulls,0.857,321.0,318.0,3.0,3.0,HARD,3.0,MEDIUM,True,harvest_rich,False
2,Shanghai,Chinese Grand Prix,3,S2,VER,Red Bull Racing,LIN,Racing Bulls,0.707,321.0,317.0,4.0,6.0,SOFT,3.0,HARD,True,harvest_rich,False
2,Shanghai,Chinese Grand Prix,3,S2,SAI,Williams,VER,Red Bull Racing,0.857,330.0,321.0,9.0,3.0,MEDIUM,6.0,SOFT,True,harvest_rich,False
2,Shanghai,Chinese Grand Prix,3,S2,BEA,Haas F1 Team,SAI,Williams,0.661,339.0,330.0,9.0,3.0,MEDIUM,3.0,MEDIUM,True,harvest_rich,False
2,Shanghai,Chinese Grand Prix,3,S2,ALO,Aston Martin,BEA,Haas F1 Team,0.958,309.0,339.0,-30.0,3.0,HARD,3.0,MEDIUM,True,harvest_rich,False
2,Shanghai,Chinese Grand Prix,3,S2,HUL,Audi,ALO,Aston Martin,0.289,329.0,309.0,20.0,3.0,HARD,3.0,HARD,True,harvest_rich,True
2,Shanghai,Chinese Grand Prix,3,S2,BOT,Cadillac,HUL,Audi,0.961,327.0,329.0,-2.0,3.0,MEDIUM,3.0,HARD,True,harvest_rich,False
2,Shanghai,Chinese Grand Prix,3,S3,RUS,Mercedes,HAM,Ferrari,0.361,310.0,301.0,9.0,3.0,MEDIUM,3.0,MEDIUM,True,harvest_rich,True
2,Shanghai,Chinese Grand Prix,3,S3,LEC,Ferrari,RUS,Mercedes,0.806,324.0,310.0,14.0,3.0,MEDIUM,3.0,MEDIUM,True,harvest_rich,False
2,Shanghai,Chinese Grand Prix,3,S3,OCO,Haas F1 Team,LAW,Racing Bulls,0.753,321.0,318.0,3.0,3.0,HARD,3.0,MEDIUM,True,harvest_rich,False
2,Shanghai,Chinese Grand Prix,3,S3,VER,Red Bull Racing,LIN,Racing Bulls,0.411,321.0,317.0,4.0,6.0,SOFT,3.0,HARD,True,harvest_rich,False
2,Shanghai,Chinese Grand Prix,3,S3,SAI,Williams,VER,Red Bull Racing,0.909,330.0,321.0,9.0,3.0,MEDIUM,6.0,SOFT,True,harvest_rich,False
2,Shanghai,Chinese Grand Prix,3,S3,BEA,Haas F1 Team,SAI,Williams,0.531,339.0,330.0,9.0,3.0,MEDIUM,3.0,MEDIUM,True,harvest_rich,False
2,Shanghai,Chinese Grand Prix,3,S3,ALO,Aston Martin,HUL,Audi,0.901,309.0,329.0,-20.0,3.0,HARD,3.0,HARD,True,harvest_rich,False
2,Shanghai,Chinese Grand Prix,3,S3,BOT,Cadillac,ALO,Aston Martin,0.649,327.0,309.0,18.0,3.0,MEDIUM,3.0,HARD,True,harvest_rich,False
2,Shanghai,Chinese Grand Prix,4,S1,RUS,Mercedes,ANT,Mercedes,0.876,311.0,306.0,5.0,4.0,MEDIUM,4.0,MEDIUM,True,harvest_rich,False
2,Shanghai,Chinese Grand Prix,4,S1,HAM,Ferrari,RUS,Mercedes,0.681,317.0,311.0,6.0,4.0,MEDIUM,4.0,MEDIUM,True,harvest_rich,False
2,Shanghai,Chinese Grand Prix,4,S1,LEC,Ferrari,HAM,Ferrari,0.636,314.0,317.0,-3.0,4.0,MEDIUM,4.0,MEDIUM,True,harvest_rich,False
2,Shanghai,Chinese Grand Prix,4,S1,OCO,Haas F1 Team,LAW,Racing Bulls,0.759,325.0,318.0,7.0,4.0,HARD,4.0,MEDIUM,True,harvest_rich,False
2,Shanghai,Chinese Grand Prix,4,S1,VER,Red Bull Racing,LIN,Racing Bulls,0.747,325.0,320.0,5.0,7.0,SOFT,4.0,HARD,True,harvest_rich,False
2,Shanghai,Chinese Grand Prix,4,S1,BEA,Haas F1 Team,SAI,Williams,0.686,333.0,333.0,0.0,4.0,MEDIUM,4.0,MEDIUM,True,harvest_rich,False
2,Shanghai,Chinese Grand Prix,4,S2,RUS,Mercedes,ANT,Mercedes,0.791,311.0,306.0,5.0,4.0,MEDIUM,4.0,MEDIUM,True,harvest_rich,False
2,Shanghai,Chinese Grand Prix,4,S2,HAM,Ferrari,RUS,Mercedes,0.957,317.0,311.0,6.0,4.0,MEDIUM,4.0,MEDIUM,True,harvest_rich,False
2,Shanghai,Chinese Grand Prix,4,S2,LEC,Ferrari,HAM,Ferrari,0.779,314.0,317.0,-3.0,4.0,MEDIUM,4.0,MEDIUM,True,harvest_rich,False
2,Shanghai,Chinese Grand Prix,4,S2,OCO,Haas F1 Team,LAW,Racing Bulls,0.696,325.0,318.0,7.0,4.0,HARD,4.0,MEDIUM,True,harvest_rich,False
2,Shanghai,Chinese Grand Prix,4,S2,VER,Red Bull Racing,LIN,Racing Bulls,0.817,325.0,320.0,5.0,7.0,SOFT,4.0,HARD,True,harvest_rich,False
2,Shanghai,Chinese Grand Prix,4,S2,SAI,Williams,VER,Red Bull Racing,0.992,333.0,325.0,8.0,4.0,MEDIUM,7.0,SOFT,True,harvest_rich,False
2,Shanghai,Chinese Grand Prix,4,S2,BEA,Haas F1 Team,SAI,Williams,0.752,333.0,333.0,0.0,4.0,MEDIUM,4.0,MEDIUM,True,harvest_rich,False
2,Shanghai,Chinese Grand Prix,4,S3,HAM,Ferrari,RUS,Mercedes,0.78,317.0,311.0,6.0,4.0,MEDIUM,4.0,MEDIUM,True,harvest_rich,False
2,Shanghai,Chinese Grand Prix,4,S3,LEC,Ferrari,HAM,Ferrari,0.768,314.0,317.0,-3.0,4.0,MEDIUM,4.0,MEDIUM,True,harvest_rich,False
2,Shanghai,Chinese Grand Prix,4,S3,OCO,Haas F1 Team,LAW,Racing Bulls,0.741,325.0,318.0,7.0,4.0,HARD,4.0,MEDIUM,True,harvest_rich,False
2,Shanghai,Chinese Grand Prix,4,S3,VER,Red Bull Racing,LIN,Racing Bulls,0.233,325.0,320.0,5.0,7.0,SOFT,4.0,HARD,True,harvest_rich,False
2,Shanghai,Chinese Grand Prix,4,S3,SAI,Williams,VER,Red Bull Racing,0.777,333.0,325.0,8.0,4.0,MEDIUM,7.0,SOFT,True,harvest_rich,False
2,Shanghai,Chinese Grand Prix,4,S3,BEA,Haas F1 Team,SAI,Williams,0.723,333.0,333.0,0.0,4.0,MEDIUM,4.0,MEDIUM,True,harvest_rich,False
2,Shanghai,Chinese Grand Prix,5,S1,RUS,Mercedes,ANT,Mercedes,0.868,311.0,307.0,4.0,5.0,MEDIUM,5.0,MEDIUM,True,harvest_rich,False
2,Shanghai,Chinese Grand Prix,5,S1,OCO,Haas F1 Team,LAW,Racing Bulls,0.632,324.0,312.0,12.0,5.0,HARD,5.0,MEDIUM,True,harvest_rich,False
2,Shanghai,Chinese Grand Prix,5,S1,VER,Red Bull Racing,LIN,Racing Bulls,0.819,324.0,316.0,8.0,8.0,SOFT,5.0,HARD,True,harvest_rich,False
2,Shanghai,Chinese Grand Prix,5,S1,SAI,Williams,VER,Red Bull Racing,0.58,345.0,324.0,21.0,5.0,MEDIUM,8.0,SOFT,True,harvest_rich,False
2,Shanghai,Chinese Grand Prix,5,S1,BEA,Haas F1 Team,SAI,Williams,0.754,340.0,345.0,-5.0,5.0,MEDIUM,5.0,MEDIUM,True,harvest_rich,False
2,Shanghai,Chinese Grand Prix,5,S2,RUS,Mercedes,ANT,Mercedes,0.76,311.0,307.0,4.0,5.0,MEDIUM,5.0,MEDIUM,True,harvest_rich,False
2,Shanghai,Chinese Grand Prix,5,S2,LEC,Ferrari,HAM,Ferrari,0.865,320.0,316.0,4.0,5.0,MEDIUM,5.0,MEDIUM,True,harvest_rich,False
2,Shanghai,Chinese Grand Prix,5,S2,OCO,Haas F1 Team,LAW,Racing Bulls,0.533,324.0,312.0,12.0,5.0,HARD,5.0,MEDIUM,True,harvest_rich,True
2,Shanghai,Chinese Grand Prix,5,S2,VER,Red Bull Racing,LIN,Racing Bulls,0.814,324.0,316.0,8.0,8.0,SOFT,5.0,HARD,True,harvest_rich,False
2,Shanghai,Chinese Grand Prix,5,S2,SAI,Williams,VER,Red Bull Racing,0.683,345.0,324.0,21.0,5.0,MEDIUM,8.0,SOFT,True,harvest_rich,False
2,Shanghai,Chinese Grand Prix,5,S2,BEA,Haas F1 Team,SAI,Williams,0.693,340.0,345.0,-5.0,5.0,MEDIUM,5.0,MEDIUM,True,harvest_rich,False
2,Shanghai,Chinese Grand Prix,5,S3,HAM,Ferrari,RUS,Mercedes,0.954,316.0,311.0,5.0,5.0,MEDIUM,5.0,MEDIUM,True,harvest_rich,False
2,Shanghai,Chinese Grand Prix,5,S3,LEC,Ferrari,HAM,Ferrari,0.995,320.0,316.0,4.0,5.0,MEDIUM,5.0,MEDIUM,True,harvest_rich,False
2,Shanghai,Chinese Grand Prix,5,S3,LAW,Racing Bulls,OCO,Haas F1 Team,0.468,312.0,324.0,-12.0,5.0,MEDIUM,5.0,HARD,True,harvest_rich,False
2,Shanghai,Chinese Grand Prix,5,S3,VER,Red Bull Racing,LIN,Racing Bulls,0.42,324.0,316.0,8.0,8.0,SOFT,5.0,HARD,True,harvest_rich,False
2,Shanghai,Chinese Grand Prix,5,S3,SAI,Williams,VER,Red Bull Racing,0.949,345.0,324.0,21.0,5.0,MEDIUM,8.0,SOFT,True,harvest_rich,False
2,Shanghai,Chinese Grand Prix,5,S3,BEA,Haas F1 Team,SAI,Williams,0.473,340.0,345.0,-5.0,5.0,MEDIUM,5.0,MEDIUM,True,harvest_rich,True
2,Shanghai,Chinese Grand Prix,5,S3,BOT,Cadillac,ALO,Aston Martin,0.924,320.0,306.0,14.0,5.0,MEDIUM,5.0,HARD,True,harvest_rich,False
2,Shanghai,Chinese Grand Prix,6,S1,LEC,Ferrari,HAM,Ferrari,0.751,312.0,316.0,-4.0,6.0,MEDIUM,6.0,MEDIUM,True,harvest_rich,False
2,Shanghai,Chinese Grand Prix,6,S1,LAW,Racing Bulls,OCO,Haas F1 Team,0.586,319.0,305.0,14.0,6.0,MEDIUM,6.0,HARD,True,harvest_rich,False
2,Shanghai,Chinese Grand Prix,6,S1,VER,Red Bull Racing,LIN,Racing Bulls,0.504,328.0,320.0,8.0,9.0,SOFT,6.0,HARD,True,harvest_rich,False
2,Shanghai,Chinese Grand Prix,6,S1,SAI,Williams,BEA,Haas F1 Team,0.306,329.0,329.0,0.0,6.0,MEDIUM,6.0,MEDIUM,True,harvest_rich,False
2,Shanghai,Chinese Grand Prix,6,S1,BOT,Cadillac,ALO,Aston Martin,0.922,330.0,302.0,28.0,6.0,MEDIUM,6.0,HARD,True,harvest_rich,False
2,Shanghai,Chinese Grand Prix,6,S2,VER,Red Bull Racing,LIN,Racing Bulls,0.6,328.0,320.0,8.0,9.0,SOFT,6.0,HARD,True,harvest_rich,False
2,Shanghai,Chinese Grand Prix,6,S2,BEA,Haas F1 Team,VER,Red Bull Racing,0.93,329.0,328.0,1.0,6.0,MEDIUM,9.0,SOFT,True,harvest_rich,False
2,Shanghai,Chinese Grand Prix,6,S2,SAI,Williams,BEA,Haas F1 Team,0.828,329.0,329.0,0.0,6.0,MEDIUM,6.0,MEDIUM,True,harvest_rich,False
2,Shanghai,Chinese Grand Prix,6,S2,HUL,Audi,SAI,Williams,0.759,329.0,329.0,0.0,6.0,HARD,6.0,MEDIUM,True,harvest_rich,False
2,Shanghai,Chinese Grand Prix,6,S2,BOT,Cadillac,ALO,Aston Martin,0.827,330.0,302.0,28.0,6.0,MEDIUM,6.0,HARD,True,harvest_rich,True
2,Shanghai,Chinese Grand Prix,6,S3,VER,Red Bull Racing,LIN,Racing Bulls,0.263,328.0,320.0,8.0,9.0,SOFT,6.0,HARD,True,harvest_rich,False
2,Shanghai,Chinese Grand Prix,6,S3,BEA,Haas F1 Team,VER,Red Bull Racing,0.826,329.0,328.0,1.0,6.0,MEDIUM,9.0,SOFT,True,harvest_rich,False
2,Shanghai,Chinese Grand Prix,6,S3,HUL,Audi,SAI,Williams,0.71,329.0,329.0,0.0,6.0,HARD,6.0,MEDIUM,True,harvest_rich,False
2,Shanghai,Chinese Grand Prix,6,S3,ALO,Aston Martin,BOT,Cadillac,0.622,302.0,330.0,-28.0,6.0,HARD,6.0,MEDIUM,True,harvest_rich,False
2,Shanghai,Chinese Grand Prix,7,S1,LEC,Ferrari,HAM,Ferrari,0.71,311.0,308.0,3.0,7.0,MEDIUM,7.0,MEDIUM,True,harvest_rich,False
2,Shanghai,Chinese Grand Prix,7,S1,VER,Red Bull Racing,LIN,Racing Bulls,0.476,325.0,320.0,5.0,10.0,SOFT,7.0,HARD,True,harvest_rich,False
2,Shanghai,Chinese Grand Prix,7,S1,BEA,Haas F1 Team,VER,Red Bull Racing,0.815,336.0,325.0,11.0,7.0,MEDIUM,10.0,SOFT,True,harvest_rich,False
2,Shanghai,Chinese Grand Prix,7,S1,HUL,Audi,SAI,Williams,0.313,329.0,331.0,-2.0,7.0,HARD,7.0,MEDIUM,True,harvest_rich,False
2,Shanghai,Chinese Grand Prix,7,S1,ALO,Aston Martin,BOT,Cadillac,0.597,316.0,315.0,1.0,7.0,HARD,7.0,MEDIUM,True,harvest_rich,False
2,Shanghai,Chinese Grand Prix,7,S2,LEC,Ferrari,HAM,Ferrari,0.803,311.0,308.0,3.0,7.0,MEDIUM,7.0,MEDIUM,True,harvest_rich,False
2,Shanghai,Chinese Grand Prix,7,S2,VER,Red Bull Racing,LIN,Racing Bulls,0.708,325.0,320.0,5.0,10.0,SOFT,7.0,HARD,True,harvest_rich,False
2,Shanghai,Chinese Grand Prix,7,S2,BEA,Haas F1 Team,VER,Red Bull Racing,0.651,336.0,325.0,11.0,7.0,MEDIUM,10.0,SOFT,True,harvest_rich,False
2,Shanghai,Chinese Grand Prix,7,S2,HUL,Audi,SAI,Williams,0.257,329.0,331.0,-2.0,7.0,HARD,7.0,MEDIUM,True,harvest_rich,True
2,Shanghai,Chinese Grand Prix,7,S2,ALO,Aston Martin,BOT,Cadillac,0.915,316.0,315.0,1.0,7.0,HARD,7.0,MEDIUM,True,harvest_rich,False
2,Shanghai,Chinese Grand Prix,7,S3,LEC,Ferrari,HAM,Ferrari,0.942,311.0,308.0,3.0,7.0,MEDIUM,7.0,MEDIUM,True,harvest_rich,False
2,Shanghai,Chinese Grand Prix,7,S3,LIN,Racing Bulls,LAW,Racing Bulls,0.977,320.0,314.0,6.0,7.0,HARD,7.0,MEDIUM,True,harvest_rich,False
2,Shanghai,Chinese Grand Prix,7,S3,VER,Red Bull Racing,LIN,Racing Bulls,0.639,325.0,320.0,5.0,10.0,SOFT,7.0,HARD,True,harvest_rich,False
2,Shanghai,Chinese Grand Prix,7,S3,BEA,Haas F1 Team,VER,Red Bull Racing,0.575,336.0,325.0,11.0,7.0,MEDIUM,10.0,SOFT,True,harvest_rich,False
2,Shanghai,Chinese Grand Prix,7,S3,SAI,Williams,HUL,Audi,0.531,331.0,329.0,2.0,7.0,MEDIUM,7.0,HARD,True,harvest_rich,False
2,Shanghai,Chinese Grand Prix,8,S1,LEC,Ferrari,HAM,Ferrari,0.835,314.0,304.0,10.0,8.0,MEDIUM,8.0,MEDIUM,True,harvest_rich,False
2,Shanghai,Chinese Grand Prix,8,S1,LIN,Racing Bulls,LAW,Racing Bulls,0.73,336.0,314.0,22.0,8.0,HARD,8.0,MEDIUM,True,harvest_rich,False
2,Shanghai,Chinese Grand Prix,8,S1,VER,Red Bull Racing,LIN,Racing Bulls,0.617,322.0,336.0,-14.0,11.0,SOFT,8.0,HARD,True,harvest_rich,False
2,Shanghai,Chinese Grand Prix,8,S1,BEA,Haas F1 Team,VER,Red Bull Racing,0.75,334.0,322.0,12.0,8.0,MEDIUM,11.0,SOFT,True,harvest_rich,False
2,Shanghai,Chinese Grand Prix,8,S1,SAI,Williams,HUL,Audi,0.775,330.0,314.0,16.0,8.0,MEDIUM,8.0,HARD,True,harvest_rich,False
2,Shanghai,Chinese Grand Prix,8,S1,ALO,Aston Martin,BOT,Cadillac,0.913,315.0,313.0,2.0,8.0,HARD,8.0,MEDIUM,True,harvest_rich,False
2,Shanghai,Chinese Grand Prix,8,S2,LEC,Ferrari,HAM,Ferrari,0.924,314.0,304.0,10.0,8.0,MEDIUM,8.0,MEDIUM,True,harvest_rich,False
2,Shanghai,Chinese Grand Prix,8,S2,LIN,Racing Bulls,LAW,Racing Bulls,0.77,336.0,314.0,22.0,8.0,HARD,8.0,MEDIUM,True,harvest_rich,False
2,Shanghai,Chinese Grand Prix,8,S2,VER,Red Bull Racing,LIN,Racing Bulls,0.925,322.0,336.0,-14.0,11.0,SOFT,8.0,HARD,True,harvest_rich,False
2,Shanghai,Chinese Grand Prix,8,S2,BEA,Haas F1 Team,VER,Red Bull Racing,0.613,334.0,322.0,12.0,8.0,MEDIUM,11.0,SOFT,True,harvest_rich,False
2,Shanghai,Chinese Grand Prix,8,S3,LEC,Ferrari,HAM,Ferrari,0.807,314.0,304.0,10.0,8.0,MEDIUM,8.0,MEDIUM,True,harvest_rich,False
2,Shanghai,Chinese Grand Prix,8,S3,LIN,Racing Bulls,LAW,Racing Bulls,0.549,336.0,314.0,22.0,8.0,HARD,8.0,MEDIUM,True,harvest_rich,False
2,Shanghai,Chinese Grand Prix,8,S3,VER,Red Bull Racing,LIN,Racing Bulls,0.654,322.0,336.0,-14.0,11.0,SOFT,8.0,HARD,True,harvest_rich,False
2,Shanghai,Chinese Grand Prix,8,S3,BEA,Haas F1 Team,VER,Red Bull Racing,0.546,334.0,322.0,12.0,8.0,MEDIUM,11.0,SOFT,True,harvest_rich,False
2,Shanghai,Chinese Grand Prix,9,S1,LEC,Ferrari,HAM,Ferrari,0.684,314.0,304.0,10.0,9.0,MEDIUM,9.0,MEDIUM,True,harvest_rich,False
2,Shanghai,Chinese Grand Prix,9,S1,LIN,Racing Bulls,LAW,Racing Bulls,0.52,328.0,310.0,18.0,9.0,HARD,9.0,MEDIUM,True,harvest_rich,False
2,Shanghai,Chinese Grand Prix,9,S1,VER,Red Bull Racing,LIN,Racing Bulls,0.62,323.0,328.0,-5.0,12.0,SOFT,9.0,HARD,True,harvest_rich,False
2,Shanghai,Chinese Grand Prix,9,S1,BEA,Haas F1 Team,VER,Red Bull Racing,0.593,333.0,323.0,10.0,9.0,MEDIUM,12.0,SOFT,True,harvest_rich,False
2,Shanghai,Chinese Grand Prix,9,S1,ALO,Aston Martin,BOT,Cadillac,0.978,310.0,310.0,0.0,9.0,HARD,9.0,MEDIUM,True,harvest_rich,False
2,Shanghai,Chinese Grand Prix,9,S2,LEC,Ferrari,HAM,Ferrari,0.743,314.0,304.0,10.0,9.0,MEDIUM,9.0,MEDIUM,True,harvest_rich,False
2,Shanghai,Chinese Grand Prix,9,S2,LIN,Racing Bulls,LAW,Racing Bulls,0.596,328.0,310.0,18.0,9.0,HARD,9.0,MEDIUM,True,harvest_rich,True
2,Shanghai,Chinese Grand Prix,9,S2,VER,Red Bull Racing,LIN,Racing Bulls,0.673,323.0,328.0,-5.0,12.0,SOFT,9.0,HARD,True,harvest_rich,False
2,Shanghai,Chinese Grand Prix,9,S2,BEA,Haas F1 Team,VER,Red Bull Racing,0.555,333.0,323.0,10.0,9.0,MEDIUM,12.0,SOFT,True,harvest_rich,True
2,Shanghai,Chinese Grand Prix,9,S2,HUL,Audi,BEA,Haas F1 Team,0.66,323.0,333.0,-10.0,9.0,HARD,9.0,MEDIUM,True,harvest_rich,False
2,Shanghai,Chinese Grand Prix,9,S2,STR,Aston Martin,ALO,Aston Martin,0.627,320.0,310.0,10.0,9.0,HARD,9.0,HARD,True,harvest_rich,False
2,Shanghai,Chinese Grand Prix,9,S3,LEC,Ferrari,HAM,Ferrari,0.566,314.0,304.0,10.0,9.0,MEDIUM,9.0,MEDIUM,True,harvest_rich,False
2,Shanghai,Chinese Grand Prix,9,S3,HUL,Audi,BEA,Haas F1 Team,0.877,323.0,333.0,-10.0,9.0,HARD,9.0,MEDIUM,True,harvest_rich,False
2,Shanghai,Chinese Grand Prix,9,S3,VER,Red Bull Racing,LAW,Racing Bulls,0.549,323.0,310.0,13.0,12.0,SOFT,9.0,MEDIUM,True,harvest_rich,False
2,Shanghai,Chinese Grand Prix,9,S3,STR,Aston Martin,ALO,Aston Martin,0.59,320.0,310.0,10.0,9.0,HARD,9.0,HARD,True,harvest_rich,False
2,Shanghai,Chinese Grand Prix,10,S1,LEC,Ferrari,HAM,Ferrari,0.563,238.0,296.0,-58.0,10.0,MEDIUM,10.0,MEDIUM,True,harvest_rich,False
2,Shanghai,Chinese Grand Prix,10,S1,HUL,Audi,BEA,Haas F1 Team,0.518,260.0,258.0,2.0,10.0,HARD,10.0,MEDIUM,True,harvest_rich,False
2,Shanghai,Chinese Grand Prix,10,S2,HUL,Audi,BEA,Haas F1 Team,0.756,260.0,258.0,2.0,10.0,HARD,10.0,MEDIUM,True,harvest_rich,True
2,Shanghai,Chinese Grand Prix,10,S2,VER,Red Bull Racing,LAW,Racing Bulls,0.52,223.0,198.0,25.0,1.0,HARD,1.0,HARD,True,harvest_rich,False
2,Shanghai,Chinese Grand Prix,11,S2,OCO,Haas F1 Team,COL,Alpine,0.948,167.0,214.0,-47.0,11.0,HARD,11.0,HARD,True,harvest_rich,False
2,Shanghai,Chinese Grand Prix,11,S2,HUL,Audi,LEC,Ferrari,0.713,245.0,235.0,10.0,11.0,HARD,1.0,HARD,True,harvest_rich,False
2,Shanghai,Chinese Grand Prix,11,S3,COL,Alpine,ANT,Mercedes,0.378,214.0,210.0,4.0,11.0,HARD,1.0,HARD,True,harvest_rich,False
2,Shanghai,Chinese Grand Prix,11,S3,OCO,Haas F1 Team,COL,Alpine,0.842,167.0,214.0,-47.0,11.0,HARD,11.0,HARD,True,harvest_rich,False
2,Shanghai,Chinese Grand Prix,11,S3,HAM,Ferrari,RUS,Mercedes,0.844,218.0,232.0,-14.0,1.0,HARD,1.0,HARD,True,harvest_rich,False
2,Shanghai,Chinese Grand Prix,11,S3,HUL,Audi,LEC,Ferrari,0.37,245.0,235.0,10.0,11.0,HARD,1.0,HARD,True,harvest_rich,False
2,Shanghai,Chinese Grand Prix,11,S3,ALO,Aston Martin,BEA,Haas F1 Team,0.663,250.0,198.0,52.0,11.0,HARD,1.0,HARD,True,harvest_rich,False
2,Shanghai,Chinese Grand Prix,12,S1,COL,Alpine,ANT,Mercedes,0.739,182.0,186.0,-4.0,12.0,HARD,2.0,HARD,True,harvest_rich,False
2,Shanghai,Chinese Grand Prix,12,S1,OCO,Haas F1 Team,COL,Alpine,0.913,161.0,182.0,-21.0,12.0,HARD,12.0,HARD,True,harvest_rich,False
2,Shanghai,Chinese Grand Prix,12,S1,HAM,Ferrari,RUS,Mercedes,0.607,200.0,216.0,-16.0,2.0,HARD,2.0,HARD,True,harvest_rich,False
2,Shanghai,Chinese Grand Prix,12,S1,LIN,Racing Bulls,HAM,Ferrari,0.624,182.0,200.0,-18.0,12.0,HARD,2.0,HARD,True,harvest_rich,False
2,Shanghai,Chinese Grand Prix,12,S1,HUL,Audi,LEC,Ferrari,0.61,178.0,154.0,24.0,12.0,HARD,2.0,HARD,True,harvest_rich,False
2,Shanghai,Chinese Grand Prix,12,S1,VER,Red Bull Racing,LAW,Racing Bulls,0.615,106.0,111.0,-5.0,3.0,HARD,3.0,HARD,True,harvest_rich,False
2,Shanghai,Chinese Grand Prix,12,S2,COL,Alpine,ANT,Mercedes,0.462,182.0,186.0,-4.0,12.0,HARD,2.0,HARD,True,harvest_rich,False
2,Shanghai,Chinese Grand Prix,12,S2,OCO,Haas F1 Team,COL,Alpine,0.93,161.0,182.0,-21.0,12.0,HARD,12.0,HARD,True,harvest_rich,False
2,Shanghai,Chinese Grand Prix,12,S2,LIN,Racing Bulls,HAM,Ferrari,0.561,182.0,200.0,-18.0,12.0,HARD,2.0,HARD,True,harvest_rich,False
2,Shanghai,Chinese Grand Prix,12,S2,HUL,Audi,LEC,Ferrari,0.502,178.0,154.0,24.0,12.0,HARD,2.0,HARD,True,harvest_rich,False
2,Shanghai,Chinese Grand Prix,12,S2,ALO,Aston Martin,BEA,Haas F1 Team,0.717,124.0,98.0,26.0,12.0,HARD,2.0,HARD,True,harvest_rich,False
2,Shanghai,Chinese Grand Prix,12,S2,VER,Red Bull Racing,LAW,Racing Bulls,0.909,106.0,111.0,-5.0,3.0,HARD,3.0,HARD,True,harvest_rich,False
2,Shanghai,Chinese Grand Prix,12,S3,COL,Alpine,ANT,Mercedes,0.631,182.0,186.0,-4.0,12.0,HARD,2.0,HARD,True,harvest_rich,False
2,Shanghai,Chinese Grand Prix,12,S3,OCO,Haas F1 Team,COL,Alpine,0.718,161.0,182.0,-21.0,12.0,HARD,12.0,HARD,True,harvest_rich,False
2,Shanghai,Chinese Grand Prix,12,S3,VER,Red Bull Racing,LAW,Racing Bulls,0.547,106.0,111.0,-5.0,3.0,HARD,3.0,HARD,True,harvest_rich,False
2,Shanghai,Chinese Grand Prix,12,S3,PER,Cadillac,BOT,Cadillac,0.699,272.0,180.0,92.0,1.0,HARD,2.0,HARD,True,harvest_rich,False
2,Shanghai,Chinese Grand Prix,13,S1,COL,Alpine,ANT,Mercedes,0.593,166.0,158.0,8.0,13.0,HARD,3.0,HARD,True,harvest_rich,False
2,Shanghai,Chinese Grand Prix,13,S1,OCO,Haas F1 Team,COL,Alpine,0.819,172.0,166.0,6.0,13.0,HARD,13.0,HARD,True,harvest_rich,False
2,Shanghai,Chinese Grand Prix,13,S1,LIN,Racing Bulls,HAM,Ferrari,0.625,169.0,166.0,3.0,13.0,HARD,3.0,HARD,True,harvest_rich,False
2,Shanghai,Chinese Grand Prix,13,S1,HUL,Audi,LEC,Ferrari,0.664,186.0,174.0,12.0,13.0,HARD,3.0,HARD,True,harvest_rich,False
2,Shanghai,Chinese Grand Prix,13,S1,BEA,Haas F1 Team,GAS,Alpine,0.926,175.0,184.0,-9.0,3.0,HARD,3.0,HARD,True,harvest_rich,False
2,Shanghai,Chinese Grand Prix,13,S1,ALO,Aston Martin,BEA,Haas F1 Team,0.612,196.0,175.0,21.0,13.0,HARD,3.0,HARD,True,harvest_rich,False
2,Shanghai,Chinese Grand Prix,13,S1,VER,Red Bull Racing,LAW,Racing Bulls,0.802,205.0,206.0,-1.0,4.0,HARD,4.0,HARD,True,harvest_rich,False
2,Shanghai,Chinese Grand Prix,13,S1,PER,Cadillac,BOT,Cadillac,0.434,182.0,181.0,1.0,2.0,HARD,3.0,HARD,True,harvest_rich,False
2,Shanghai,Chinese Grand Prix,13,S2,COL,Alpine,ANT,Mercedes,0.717,166.0,158.0,8.0,13.0,HARD,3.0,HARD,True,harvest_rich,False
2,Shanghai,Chinese Grand Prix,13,S2,OCO,Haas F1 Team,COL,Alpine,0.96,172.0,166.0,6.0,13.0,HARD,13.0,HARD,True,harvest_rich,True
2,Shanghai,Chinese Grand Prix,13,S2,RUS,Mercedes,OCO,Haas F1 Team,0.917,164.0,172.0,-8.0,3.0,HARD,13.0,HARD,True,harvest_rich,False
2,Shanghai,Chinese Grand Prix,13,S2,HAM,Ferrari,RUS,Mercedes,0.902,166.0,164.0,2.0,3.0,HARD,3.0,HARD,True,harvest_rich,False
2,Shanghai,Chinese Grand Prix,13,S2,HUL,Audi,LEC,Ferrari,0.678,186.0,174.0,12.0,13.0,HARD,3.0,HARD,True,harvest_rich,False
2,Shanghai,Chinese Grand Prix,13,S2,BEA,Haas F1 Team,GAS,Alpine,0.596,175.0,184.0,-9.0,3.0,HARD,3.0,HARD,True,harvest_rich,False
2,Shanghai,Chinese Grand Prix,13,S2,VER,Red Bull Racing,LAW,Racing Bulls,0.811,205.0,206.0,-1.0,4.0,HARD,4.0,HARD,True,harvest_rich,False
2,Shanghai,Chinese Grand Prix,13,S2,SAI,Williams,VER,Red Bull Racing,0.755,179.0,205.0,-26.0,4.0,HARD,4.0,HARD,True,harvest_rich,False
2,Shanghai,Chinese Grand Prix,13,S2,PER,Cadillac,BOT,Cadillac,0.749,182.0,181.0,1.0,2.0,HARD,3.0,HARD,True,harvest_rich,False
2,Shanghai,Chinese Grand Prix,13,S2,HAD,Red Bull Racing,PER,Cadillac,0.93,164.0,182.0,-18.0,3.0,HARD,2.0,HARD,True,harvest_rich,False
2,Shanghai,Chinese Grand Prix,13,S3,OCO,Haas F1 Team,ANT,Mercedes,0.61,172.0,158.0,14.0,13.0,HARD,3.0,HARD,True,harvest_rich,False
2,Shanghai,Chinese Grand Prix,13,S3,COL,Alpine,OCO,Haas F1 Team,0.015,166.0,172.0,-6.0,13.0,HARD,13.0,HARD,True,harvest_rich,True
2,Shanghai,Chinese Grand Prix,13,S3,RUS,Mercedes,COL,Alpine,0.523,164.0,166.0,-2.0,3.0,HARD,13.0,HARD,True,harvest_rich,False
2,Shanghai,Chinese Grand Prix,13,S3,HAM,Ferrari,RUS,Mercedes,0.299,166.0,164.0,2.0,3.0,HARD,3.0,HARD,True,harvest_rich,False
2,Shanghai,Chinese Grand Prix,13,S3,LIN,Racing Bulls,HAM,Ferrari,0.405,169.0,166.0,3.0,13.0,HARD,3.0,HARD,True,harvest_rich,False
2,Shanghai,Chinese Grand Prix,13,S3,LEC,Ferrari,LIN,Racing Bulls,0.294,174.0,169.0,5.0,3.0,HARD,13.0,HARD,True,harvest_rich,False
2,Shanghai,Chinese Grand Prix,13,S3,HUL,Audi,LEC,Ferrari,0.378,186.0,174.0,12.0,13.0,HARD,3.0,HARD,True,harvest_rich,False
2,Shanghai,Chinese Grand Prix,13,S3,BEA,Haas F1 Team,GAS,Alpine,0.08,175.0,184.0,-9.0,3.0,HARD,3.0,HARD,True,harvest_rich,True
2,Shanghai,Chinese Grand Prix,13,S3,ALO,Aston Martin,BEA,Haas F1 Team,0.485,196.0,175.0,21.0,13.0,HARD,3.0,HARD,True,harvest_rich,False
2,Shanghai,Chinese Grand Prix,13,S3,LAW,Racing Bulls,ALO,Aston Martin,0.079,206.0,196.0,10.0,4.0,HARD,13.0,HARD,True,harvest_rich,True
2,Shanghai,Chinese Grand Prix,13,S3,VER,Red Bull Racing,LAW,Racing Bulls,0.477,205.0,206.0,-1.0,4.0,HARD,4.0,HARD,True,harvest_rich,False
2,Shanghai,Chinese Grand Prix,13,S3,SAI,Williams,VER,Red Bull Racing,0.269,179.0,205.0,-26.0,4.0,HARD,4.0,HARD,True,harvest_rich,False
2,Shanghai,Chinese Grand Prix,13,S3,BOT,Cadillac,SAI,Williams,0.756,181.0,179.0,2.0,3.0,HARD,4.0,HARD,True,harvest_rich,False
2,Shanghai,Chinese Grand Prix,13,S3,PER,Cadillac,BOT,Cadillac,0.546,182.0,181.0,1.0,2.0,HARD,3.0,HARD,True,harvest_rich,False
2,Shanghai,Chinese Grand Prix,13,S3,HAD,Red Bull Racing,PER,Cadillac,0.387,164.0,182.0,-18.0,3.0,HARD,2.0,HARD,True,harvest_rich,True
2,Shanghai,Chinese Grand Prix,14,S1,COL,Alpine,ANT,Mercedes,0.674,318.0,309.0,9.0,14.0,HARD,4.0,HARD,True,harvest_rich,False
2,Shanghai,Chinese Grand Prix,14,S1,OCO,Haas F1 Team,COL,Alpine,0.176,326.0,318.0,8.0,14.0,HARD,14.0,HARD,True,harvest_rich,False
2,Shanghai,Chinese Grand Prix,14,S1,RUS,Mercedes,OCO,Haas F1 Team,0.591,321.0,326.0,-5.0,4.0,HARD,14.0,HARD,True,harvest_rich,False
2,Shanghai,Chinese Grand Prix,14,S1,HAM,Ferrari,RUS,Mercedes,0.34,312.0,321.0,-9.0,4.0,HARD,4.0,HARD,True,harvest_rich,True
2,Shanghai,Chinese Grand Prix,14,S1,LIN,Racing Bulls,HAM,Ferrari,0.357,339.0,312.0,27.0,14.0,HARD,4.0,HARD,True,harvest_rich,False
2,Shanghai,Chinese Grand Prix,14,S1,LEC,Ferrari,LIN,Racing Bulls,0.405,336.0,339.0,-3.0,4.0,HARD,14.0,HARD,True,harvest_rich,False
2,Shanghai,Chinese Grand Prix,14,S1,HUL,Audi,LEC,Ferrari,0.528,341.0,336.0,5.0,14.0,HARD,4.0,HARD,True,harvest_rich,False
2,Shanghai,Chinese Grand Prix,14,S1,BEA,Haas F1 Team,HUL,Audi,0.798,342.0,341.0,1.0,4.0,HARD,14.0,HARD,True,harvest_rich,False
2,Shanghai,Chinese Grand Prix,14,S1,GAS,Alpine,BEA,Haas F1 Team,0.864,328.0,342.0,-14.0,4.0,HARD,4.0,HARD,True,harvest_rich,False
2,Shanghai,Chinese Grand Prix,14,S1,LAW,Racing Bulls,GAS,Alpine,0.14,339.0,328.0,11.0,5.0,HARD,4.0,HARD,True,harvest_rich,False
2,Shanghai,Chinese Grand Prix,14,S1,VER,Red Bull Racing,LAW,Racing Bulls,0.112,325.0,339.0,-14.0,5.0,HARD,5.0,HARD,True,harvest_rich,True
2,Shanghai,Chinese Grand Prix,14,S1,SAI,Williams,VER,Red Bull Racing,0.647,346.0,325.0,21.0,5.0,HARD,5.0,HARD,True,harvest_rich,False
2,Shanghai,Chinese Grand Prix,14,S1,ALO,Aston Martin,SAI,Williams,0.03,325.0,346.0,-21.0,14.0,HARD,5.0,HARD,True,harvest_rich,False
2,Shanghai,Chinese Grand Prix,14,S1,HAD,Red Bull Racing,ALO,Aston Martin,0.884,332.0,325.0,7.0,4.0,HARD,14.0,HARD,True,harvest_rich,False
2,Shanghai,Chinese Grand Prix,14,S1,BOT,Cadillac,HAD,Red Bull Racing,0.023,332.0,332.0,0.0,4.0,HARD,4.0,HARD,True,harvest_rich,False
2,Shanghai,Chinese Grand Prix,14,S1,PER,Cadillac,BOT,Cadillac,0.796,335.0,332.0,3.0,3.0,HARD,4.0,HARD,True,harvest_rich,False
2,Shanghai,Chinese Grand Prix,14,S2,OCO,Haas F1 Team,COL,Alpine,0.486,326.0,318.0,8.0,14.0,HARD,14.0,HARD,True,harvest_rich,False
2,Shanghai,Chinese Grand Prix,14,S2,HAM,Ferrari,OCO,Haas F1 Team,0.325,312.0,326.0,-14.0,4.0,HARD,14.0,HARD,True,harvest_rich,True
2,Shanghai,Chinese Grand Prix,14,S2,RUS,Mercedes,HAM,Ferrari,0.602,321.0,312.0,9.0,4.0,HARD,4.0,HARD,True,harvest_rich,False
2,Shanghai,Chinese Grand Prix,14,S2,LIN,Racing Bulls,RUS,Mercedes,0.579,339.0,321.0,18.0,14.0,HARD,4.0,HARD,True,harvest_rich,False
2,Shanghai,Chinese Grand Prix,14,S2,LEC,Ferrari,LIN,Racing Bulls,0.325,336.0,339.0,-3.0,4.0,HARD,14.0,HARD,True,harvest_rich,True
2,Shanghai,Chinese Grand Prix,14,S2,HUL,Audi,LEC,Ferrari,0.343,341.0,336.0,5.0,14.0,HARD,4.0,HARD,True,harvest_rich,False
2,Shanghai,Chinese Grand Prix,14,S2,BEA,Haas F1 Team,HUL,Audi,0.473,342.0,341.0,1.0,4.0,HARD,14.0,HARD,True,harvest_rich,True
2,Shanghai,Chinese Grand Prix,14,S2,VER,Red Bull Racing,GAS,Alpine,0.582,325.0,328.0,-3.0,5.0,HARD,4.0,HARD,True,harvest_rich,False
2,Shanghai,Chinese Grand Prix,14,S2,LAW,Racing Bulls,VER,Red Bull Racing,0.163,339.0,325.0,14.0,5.0,HARD,5.0,HARD,True,harvest_rich,False
2,Shanghai,Chinese Grand Prix,14,S2,SAI,Williams,LAW,Racing Bulls,0.304,346.0,339.0,7.0,5.0,HARD,5.0,HARD,True,harvest_rich,False
2,Shanghai,Chinese Grand Prix,14,S2,ALO,Aston Martin,SAI,Williams,0.987,325.0,346.0,-21.0,14.0,HARD,5.0,HARD,True,harvest_rich,False
2,Shanghai,Chinese Grand Prix,14,S2,HAD,Red Bull Racing,ALO,Aston Martin,0.073,332.0,325.0,7.0,4.0,HARD,14.0,HARD,True,harvest_rich,True
2,Shanghai,Chinese Grand Prix,14,S2,BOT,Cadillac,HAD,Red Bull Racing,0.56,332.0,332.0,0.0,4.0,HARD,4.0,HARD,True,harvest_rich,False
2,Shanghai,Chinese Grand Prix,14,S2,PER,Cadillac,BOT,Cadillac,0.452,335.0,332.0,3.0,3.0,HARD,4.0,HARD,True,harvest_rich,False
2,Shanghai,Chinese Grand Prix,14,S3,HAM,Ferrari,COL,Alpine,0.474,312.0,318.0,-6.0,4.0,HARD,14.0,HARD,True,harvest_rich,False
2,Shanghai,Chinese Grand Prix,14,S3,OCO,Haas F1 Team,HAM,Ferrari,0.522,326.0,312.0,14.0,14.0,HARD,4.0,HARD,True,harvest_rich,False
2,Shanghai,Chinese Grand Prix,14,S3,RUS,Mercedes,OCO,Haas F1 Team,0.801,321.0,326.0,-5.0,4.0,HARD,14.0,HARD,True,harvest_rich,False
2,Shanghai,Chinese Grand Prix,14,S3,LEC,Ferrari,RUS,Mercedes,0.261,336.0,321.0,15.0,4.0,HARD,4.0,HARD,True,harvest_rich,True
2,Shanghai,Chinese Grand Prix,14,S3,LIN,Racing Bulls,LEC,Ferrari,0.728,339.0,336.0,3.0,14.0,HARD,4.0,HARD,True,harvest_rich,False
2,Shanghai,Chinese Grand Prix,14,S3,BEA,Haas F1 Team,LIN,Racing Bulls,0.293,342.0,339.0,3.0,4.0,HARD,14.0,HARD,True,harvest_rich,False
2,Shanghai,Chinese Grand Prix,14,S3,HUL,Audi,BEA,Haas F1 Team,0.451,341.0,342.0,-1.0,14.0,HARD,4.0,HARD,True,harvest_rich,False
2,Shanghai,Chinese Grand Prix,14,S3,GAS,Alpine,HUL,Audi,0.637,328.0,341.0,-13.0,4.0,HARD,14.0,HARD,True,harvest_rich,False
2,Shanghai,Chinese Grand Prix,14,S3,VER,Red Bull Racing,GAS,Alpine,0.286,325.0,328.0,-3.0,5.0,HARD,4.0,HARD,True,harvest_rich,False
2,Shanghai,Chinese Grand Prix,14,S3,LAW,Racing Bulls,VER,Red Bull Racing,0.729,339.0,325.0,14.0,5.0,HARD,5.0,HARD,True,harvest_rich,False
2,Shanghai,Chinese Grand Prix,14,S3,SAI,Williams,LAW,Racing Bulls,0.451,346.0,339.0,7.0,5.0,HARD,5.0,HARD,True,harvest_rich,False
2,Shanghai,Chinese Grand Prix,14,S3,HAD,Red Bull Racing,SAI,Williams,0.536,332.0,346.0,-14.0,4.0,HARD,5.0,HARD,True,harvest_rich,False
2,Shanghai,Chinese Grand Prix,14,S3,ALO,Aston Martin,BOT,Cadillac,0.625,325.0,332.0,-7.0,14.0,HARD,4.0,HARD,True,harvest_rich,False
2,Shanghai,Chinese Grand Prix,14,S3,PER,Cadillac,ALO,Aston Martin,0.386,335.0,325.0,10.0,3.0,HARD,14.0,HARD,True,harvest_rich,False
2,Shanghai,Chinese Grand Prix,15,S1,HAM,Ferrari,COL,Alpine,0.251,322.0,325.0,-3.0,5.0,HARD,15.0,HARD,True,harvest_rich,True
2,Shanghai,Chinese Grand Prix,15,S1,OCO,Haas F1 Team,HAM,Ferrari,0.68,316.0,322.0,-6.0,15.0,HARD,5.0,HARD,True,harvest_rich,False
2,Shanghai,Chinese Grand Prix,15,S1,LEC,Ferrari,OCO,Haas F1 Team,0.846,329.0,316.0,13.0,5.0,HARD,15.0,HARD,True,harvest_rich,False
2,Shanghai,Chinese Grand Prix,15,S1,RUS,Mercedes,LEC,Ferrari,0.036,335.0,329.0,6.0,5.0,HARD,5.0,HARD,True,harvest_rich,False
2,Shanghai,Chinese Grand Prix,15,S1,BEA,Haas F1 Team,LIN,Racing Bulls,0.27,343.0,334.0,9.0,5.0,HARD,15.0,HARD,True,harvest_rich,False
2,Shanghai,Chinese Grand Prix,15,S1,HUL,Audi,BEA,Haas F1 Team,0.44,344.0,343.0,1.0,15.0,HARD,5.0,HARD,True,harvest_rich,False
2,Shanghai,Chinese Grand Prix,15,S1,GAS,Alpine,HUL,Audi,0.55,353.0,344.0,9.0,5.0,HARD,15.0,HARD,True,harvest_rich,False
2,Shanghai,Chinese Grand Prix,15,S1,VER,Red Bull Racing,GAS,Alpine,0.121,322.0,353.0,-31.0,6.0,HARD,5.0,HARD,True,harvest_rich,False
2,Shanghai,Chinese Grand Prix,15,S1,LAW,Racing Bulls,VER,Red Bull Racing,0.786,335.0,322.0,13.0,6.0,HARD,6.0,HARD,True,harvest_rich,False
2,Shanghai,Chinese Grand Prix,15,S1,SAI,Williams,LAW,Racing Bulls,0.677,348.0,335.0,13.0,6.0,HARD,6.0,HARD,True,harvest_rich,False
2,Shanghai,Chinese Grand Prix,15,S1,HAD,Red Bull Racing,SAI,Williams,0.634,335.0,348.0,-13.0,5.0,HARD,6.0,HARD,True,harvest_rich,False
2,Shanghai,Chinese Grand Prix,15,S1,BOT,Cadillac,HAD,Red Bull Racing,0.848,320.0,335.0,-15.0,5.0,HARD,5.0,HARD,True,harvest_rich,False
2,Shanghai,Chinese Grand Prix,15,S1,ALO,Aston Martin,BOT,Cadillac,0.7,317.0,320.0,-3.0,15.0,HARD,5.0,HARD,True,harvest_rich,False
2,Shanghai,Chinese Grand Prix,15,S1,PER,Cadillac,ALO,Aston Martin,0.465,330.0,317.0,13.0,4.0,HARD,15.0,HARD,True,harvest_rich,False
2,Shanghai,Chinese Grand Prix,15,S2,COL,Alpine,HAM,Ferrari,0.305,325.0,322.0,3.0,15.0,HARD,5.0,HARD,True,harvest_rich,False
2,Shanghai,Chinese Grand Prix,15,S2,OCO,Haas F1 Team,COL,Alpine,0.818,316.0,325.0,-9.0,15.0,HARD,15.0,HARD,True,harvest_rich,False
2,Shanghai,Chinese Grand Prix,15,S2,LEC,Ferrari,OCO,Haas F1 Team,0.627,329.0,316.0,13.0,5.0,HARD,15.0,HARD,True,harvest_rich,True
2,Shanghai,Chinese Grand Prix,15,S2,RUS,Mercedes,LEC,Ferrari,0.521,335.0,329.0,6.0,5.0,HARD,5.0,HARD,True,harvest_rich,False
2,Shanghai,Chinese Grand Prix,15,S2,BEA,Haas F1 Team,LIN,Racing Bulls,0.416,343.0,334.0,9.0,5.0,HARD,15.0,HARD,True,harvest_rich,False
2,Shanghai,Chinese Grand Prix,15,S2,HUL,Audi,BEA,Haas F1 Team,0.365,344.0,343.0,1.0,15.0,HARD,5.0,HARD,True,harvest_rich,False
2,Shanghai,Chinese Grand Prix,15,S2,GAS,Alpine,HUL,Audi,0.496,353.0,344.0,9.0,5.0,HARD,15.0,HARD,True,harvest_rich,False
2,Shanghai,Chinese Grand Prix,15,S2,VER,Red Bull Racing,GAS,Alpine,0.578,322.0,353.0,-31.0,6.0,HARD,5.0,HARD,True,harvest_rich,False
2,Shanghai,Chinese Grand Prix,15,S2,LAW,Racing Bulls,VER,Red Bull Racing,0.492,335.0,322.0,13.0,6.0,HARD,6.0,HARD,True,harvest_rich,False
2,Shanghai,Chinese Grand Prix,15,S2,SAI,Williams,LAW,Racing Bulls,0.509,348.0,335.0,13.0,6.0,HARD,6.0,HARD,True,harvest_rich,False
2,Shanghai,Chinese Grand Prix,15,S2,HAD,Red Bull Racing,SAI,Williams,0.667,335.0,348.0,-13.0,5.0,HARD,6.0,HARD,True,harvest_rich,False
2,Shanghai,Chinese Grand Prix,15,S2,ALO,Aston Martin,BOT,Cadillac,0.923,317.0,320.0,-3.0,15.0,HARD,5.0,HARD,True,harvest_rich,False
2,Shanghai,Chinese Grand Prix,15,S2,PER,Cadillac,ALO,Aston Martin,0.454,330.0,317.0,13.0,4.0,HARD,15.0,HARD,True,harvest_rich,True
2,Shanghai,Chinese Grand Prix,15,S3,HAM,Ferrari,ANT,Mercedes,0.498,322.0,308.0,14.0,5.0,HARD,5.0,HARD,True,harvest_rich,False
2,Shanghai,Chinese Grand Prix,15,S3,LEC,Ferrari,COL,Alpine,0.434,329.0,325.0,4.0,5.0,HARD,15.0,HARD,True,harvest_rich,True
2,Shanghai,Chinese Grand Prix,15,S3,OCO,Haas F1 Team,LEC,Ferrari,0.776,316.0,329.0,-13.0,15.0,HARD,5.0,HARD,True,harvest_rich,False
2,Shanghai,Chinese Grand Prix,15,S3,RUS,Mercedes,OCO,Haas F1 Team,0.668,335.0,316.0,19.0,5.0,HARD,15.0,HARD,True,harvest_rich,False
2,Shanghai,Chinese Grand Prix,15,S3,BEA,Haas F1 Team,LIN,Racing Bulls,0.498,343.0,334.0,9.0,5.0,HARD,15.0,HARD,True,harvest_rich,False
2,Shanghai,Chinese Grand Prix,15,S3,HUL,Audi,BEA,Haas F1 Team,0.36,344.0,343.0,1.0,15.0,HARD,5.0,HARD,True,harvest_rich,False
2,Shanghai,Chinese Grand Prix,15,S3,GAS,Alpine,HUL,Audi,0.322,353.0,344.0,9.0,5.0,HARD,15.0,HARD,True,harvest_rich,False
2,Shanghai,Chinese Grand Prix,15,S3,VER,Red Bull Racing,GAS,Alpine,0.471,322.0,353.0,-31.0,6.0,HARD,5.0,HARD,True,harvest_rich,False
2,Shanghai,Chinese Grand Prix,15,S3,LAW,Racing Bulls,VER,Red Bull Racing,0.681,335.0,322.0,13.0,6.0,HARD,6.0,HARD,True,harvest_rich,False
2,Shanghai,Chinese Grand Prix,15,S3,SAI,Williams,LAW,Racing Bulls,0.556,348.0,335.0,13.0,6.0,HARD,6.0,HARD,True,harvest_rich,False
2,Shanghai,Chinese Grand Prix,15,S3,HAD,Red Bull Racing,SAI,Williams,0.572,335.0,348.0,-13.0,5.0,HARD,6.0,HARD,True,harvest_rich,False
2,Shanghai,Chinese Grand Prix,15,S3,ALO,Aston Martin,PER,Cadillac,0.793,317.0,330.0,-13.0,15.0,HARD,4.0,HARD,True,harvest_rich,False
2,Shanghai,Chinese Grand Prix,16,S1,HAM,Ferrari,ANT,Mercedes,0.694,315.0,305.0,10.0,6.0,HARD,6.0,HARD,True,harvest_rich,False
2,Shanghai,Chinese Grand Prix,16,S1,COL,Alpine,LEC,Ferrari,0.185,313.0,310.0,3.0,16.0,HARD,6.0,HARD,True,harvest_rich,False
2,Shanghai,Chinese Grand Prix,16,S1,OCO,Haas F1 Team,COL,Alpine,0.996,322.0,313.0,9.0,16.0,HARD,16.0,HARD,True,harvest_rich,False
2,Shanghai,Chinese Grand Prix,16,S1,RUS,Mercedes,OCO,Haas F1 Team,0.152,328.0,322.0,6.0,6.0,HARD,16.0,HARD,True,harvest_rich,True
2,Shanghai,Chinese Grand Prix,16,S1,BEA,Haas F1 Team,LIN,Racing Bulls,0.686,327.0,319.0,8.0,6.0,HARD,16.0,HARD,True,harvest_rich,False
2,Shanghai,Chinese Grand Prix,16,S1,HUL,Audi,BEA,Haas F1 Team,0.396,333.0,327.0,6.0,16.0,HARD,6.0,HARD,True,harvest_rich,False
2,Shanghai,Chinese Grand Prix,16,S1,GAS,Alpine,HUL,Audi,0.28,338.0,333.0,5.0,6.0,HARD,16.0,HARD,True,harvest_rich,False
2,Shanghai,Chinese Grand Prix,16,S1,VER,Red Bull Racing,GAS,Alpine,0.627,320.0,338.0,-18.0,7.0,HARD,6.0,HARD,True,harvest_rich,False
2,Shanghai,Chinese Grand Prix,16,S1,LAW,Racing Bulls,VER,Red Bull Racing,0.638,319.0,320.0,-1.0,7.0,HARD,7.0,HARD,True,harvest_rich,False
2,Shanghai,Chinese Grand Prix,16,S1,SAI,Williams,LAW,Racing Bulls,0.755,349.0,319.0,30.0,7.0,HARD,7.0,HARD,True,harvest_rich,False
2,Shanghai,Chinese Grand Prix,16,S1,HAD,Red Bull Racing,SAI,Williams,0.695,325.0,349.0,-24.0,6.0,HARD,7.0,HARD,True,harvest_rich,False
2,Shanghai,Chinese Grand Prix,16,S1,PER,Cadillac,BOT,Cadillac,0.95,323.0,317.0,6.0,5.0,HARD,6.0,HARD,True,harvest_rich,False
2,Shanghai,Chinese Grand Prix,16,S1,ALO,Aston Martin,PER,Cadillac,0.792,313.0,323.0,-10.0,16.0,HARD,5.0,HARD,True,harvest_rich,False
2,Shanghai,Chinese Grand Prix,16,S2,HAM,Ferrari,ANT,Mercedes,0.848,315.0,305.0,10.0,6.0,HARD,6.0,HARD,True,harvest_rich,False
2,Shanghai,Chinese Grand Prix,16,S2,RUS,Mercedes,COL,Alpine,0.596,328.0,313.0,15.0,6.0,HARD,16.0,HARD,True,harvest_rich,True
2,Shanghai,Chinese Grand Prix,16,S2,OCO,Haas F1 Team,RUS,Mercedes,0.63,322.0,328.0,-6.0,16.0,HARD,6.0,HARD,True,harvest_rich,False
2,Shanghai,Chinese Grand Prix,16,S2,BEA,Haas F1 Team,LIN,Racing Bulls,0.444,327.0,319.0,8.0,6.0,HARD,16.0,HARD,True,harvest_rich,True
2,Shanghai,Chinese Grand Prix,16,S2,HUL,Audi,BEA,Haas F1 Team,0.597,333.0,327.0,6.0,16.0,HARD,6.0,HARD,True,harvest_rich,False
2,Shanghai,Chinese Grand Prix,16,S2,GAS,Alpine,HUL,Audi,0.357,338.0,333.0,5.0,6.0,HARD,16.0,HARD,True,harvest_rich,True
2,Shanghai,Chinese Grand Prix,16,S2,VER,Red Bull Racing,GAS,Alpine,0.476,320.0,338.0,-18.0,7.0,HARD,6.0,HARD,True,harvest_rich,False
2,Shanghai,Chinese Grand Prix,16,S2,LAW,Racing Bulls,VER,Red Bull Racing,0.844,319.0,320.0,-1.0,7.0,HARD,7.0,HARD,True,harvest_rich,False
2,Shanghai,Chinese Grand Prix,16,S2,SAI,Williams,LAW,Racing Bulls,0.755,349.0,319.0,30.0,7.0,HARD,7.0,HARD,True,harvest_rich,False
2,Shanghai,Chinese Grand Prix,16,S2,ALO,Aston Martin,PER,Cadillac,0.924,313.0,323.0,-10.0,16.0,HARD,5.0,HARD,True,harvest_rich,False
2,Shanghai,Chinese Grand Prix,16,S3,HAM,Ferrari,ANT,Mercedes,0.825,315.0,305.0,10.0,6.0,HARD,6.0,HARD,True,harvest_rich,False
2,Shanghai,Chinese Grand Prix,16,S3,COL,Alpine,RUS,Mercedes,0.696,313.0,328.0,-15.0,16.0,HARD,6.0,HARD,True,harvest_rich,False
2,Shanghai,Chinese Grand Prix,16,S3,OCO,Haas F1 Team,COL,Alpine,0.521,322.0,313.0,9.0,16.0,HARD,16.0,HARD,True,harvest_rich,False
2,Shanghai,Chinese Grand Prix,16,S3,LIN,Racing Bulls,BEA,Haas F1 Team,0.561,319.0,327.0,-8.0,16.0,HARD,6.0,HARD,True,harvest_rich,False
2,Shanghai,Chinese Grand Prix,16,S3,GAS,Alpine,LIN,Racing Bulls,0.496,338.0,319.0,19.0,6.0,HARD,16.0,HARD,True,harvest_rich,False
2,Shanghai,Chinese Grand Prix,16,S3,HUL,Audi,GAS,Alpine,0.6,333.0,338.0,-5.0,16.0,HARD,6.0,HARD,True,harvest_rich,False
2,Shanghai,Chinese Grand Prix,16,S3,VER,Red Bull Racing,HUL,Audi,0.18,320.0,333.0,-13.0,7.0,HARD,16.0,HARD,True,harvest_rich,True
2,Shanghai,Chinese Grand Prix,16,S3,SAI,Williams,LAW,Racing Bulls,0.547,349.0,319.0,30.0,7.0,HARD,7.0,HARD,True,harvest_rich,False
2,Shanghai,Chinese Grand Prix,16,S3,HAD,Red Bull Racing,SAI,Williams,0.833,325.0,349.0,-24.0,6.0,HARD,7.0,HARD,True,harvest_rich,False
2,Shanghai,Chinese Grand Prix,16,S3,PER,Cadillac,BOT,Cadillac,0.891,323.0,317.0,6.0,5.0,HARD,6.0,HARD,True,harvest_rich,False
2,Shanghai,Chinese Grand Prix,17,S1,HAM,Ferrari,ANT,Mercedes,0.836,312.0,309.0,3.0,7.0,HARD,7.0,HARD,True,harvest_rich,False
2,Shanghai,Chinese Grand Prix,17,S1,OCO,Haas F1 Team,COL,Alpine,0.468,322.0,315.0,7.0,17.0,HARD,17.0,HARD,True,harvest_rich,False
2,Shanghai,Chinese Grand Prix,17,S1,LIN,Racing Bulls,BEA,Haas F1 Team,0.617,322.0,315.0,7.0,17.0,HARD,7.0,HARD,True,harvest_rich,False
2,Shanghai,Chinese Grand Prix,17,S1,GAS,Alpine,LIN,Racing Bulls,0.291,337.0,322.0,15.0,7.0,HARD,17.0,HARD,True,harvest_rich,False
2,Shanghai,Chinese Grand Prix,17,S1,VER,Red Bull Racing,GAS,Alpine,0.712,328.0,337.0,-9.0,8.0,HARD,7.0,HARD,True,harvest_rich,False
2,Shanghai,Chinese Grand Prix,17,S1,HUL,Audi,VER,Red Bull Racing,0.552,328.0,328.0,0.0,17.0,HARD,8.0,HARD,True,harvest_rich,False
2,Shanghai,Chinese Grand Prix,17,S1,LAW,Racing Bulls,HUL,Audi,0.831,321.0,328.0,-7.0,8.0,HARD,17.0,HARD,True,harvest_rich,False
2,Shanghai,Chinese Grand Prix,17,S1,SAI,Williams,LAW,Racing Bulls,0.688,335.0,321.0,14.0,8.0,HARD,8.0,HARD,True,harvest_rich,False
2,Shanghai,Chinese Grand Prix,17,S1,HAD,Red Bull Racing,SAI,Williams,0.769,328.0,335.0,-7.0,7.0,HARD,8.0,HARD,True,harvest_rich,False
2,Shanghai,Chinese Grand Prix,17,S1,PER,Cadillac,BOT,Cadillac,0.61,298.0,313.0,-15.0,6.0,HARD,7.0,HARD,True,harvest_rich,False
2,Shanghai,Chinese Grand Prix,17,S2,HAM,Ferrari,ANT,Mercedes,0.893,312.0,309.0,3.0,7.0,HARD,7.0,HARD,True,harvest_rich,False
2,Shanghai,Chinese Grand Prix,17,S2,OCO,Haas F1 Team,COL,Alpine,0.607,322.0,315.0,7.0,17.0,HARD,17.0,HARD,True,harvest_rich,False
2,Shanghai,Chinese Grand Prix,17,S2,BEA,Haas F1 Team,OCO,Haas F1 Team,0.901,315.0,322.0,-7.0,7.0,HARD,17.0,HARD,True,harvest_rich,False
2,Shanghai,Chinese Grand Prix,17,S2,GAS,Alpine,LIN,Racing Bulls,0.351,337.0,322.0,15.0,7.0,HARD,17.0,HARD,True,harvest_rich,True
2,Shanghai,Chinese Grand Prix,17,S2,VER,Red Bull Racing,GAS,Alpine,0.541,328.0,337.0,-9.0,8.0,HARD,7.0,HARD,True,harvest_rich,False
2,Shanghai,Chinese Grand Prix,17,S2,HUL,Audi,VER,Red Bull Racing,0.635,328.0,328.0,0.0,17.0,HARD,8.0,HARD,True,harvest_rich,False
2,Shanghai,Chinese Grand Prix,17,S2,LAW,Racing Bulls,HUL,Audi,0.756,321.0,328.0,-7.0,8.0,HARD,17.0,HARD,True,harvest_rich,False
2,Shanghai,Chinese Grand Prix,17,S2,SAI,Williams,LAW,Racing Bulls,0.846,335.0,321.0,14.0,8.0,HARD,8.0,HARD,True,harvest_rich,False
2,Shanghai,Chinese Grand Prix,17,S2,HAD,Red Bull Racing,SAI,Williams,0.967,328.0,335.0,-7.0,7.0,HARD,8.0,HARD,True,harvest_rich,False
2,Shanghai,Chinese Grand Prix,17,S2,PER,Cadillac,BOT,Cadillac,0.567,298.0,313.0,-15.0,6.0,HARD,7.0,HARD,True,harvest_rich,False
2,Shanghai,Chinese Grand Prix,17,S3,HAM,Ferrari,ANT,Mercedes,0.967,312.0,309.0,3.0,7.0,HARD,7.0,HARD,True,harvest_rich,False
2,Shanghai,Chinese Grand Prix,17,S3,OCO,Haas F1 Team,COL,Alpine,0.495,322.0,315.0,7.0,17.0,HARD,17.0,HARD,True,harvest_rich,False
2,Shanghai,Chinese Grand Prix,17,S3,GAS,Alpine,BEA,Haas F1 Team,0.952,337.0,315.0,22.0,7.0,HARD,7.0,HARD,True,harvest_rich,False
2,Shanghai,Chinese Grand Prix,17,S3,LIN,Racing Bulls,GAS,Alpine,0.553,322.0,337.0,-15.0,17.0,HARD,7.0,HARD,True,harvest_rich,False
2,Shanghai,Chinese Grand Prix,17,S3,VER,Red Bull Racing,LIN,Racing Bulls,0.256,328.0,322.0,6.0,8.0,HARD,17.0,HARD,True,harvest_rich,True
2,Shanghai,Chinese Grand Prix,17,S3,HUL,Audi,VER,Red Bull Racing,0.788,328.0,328.0,0.0,17.0,HARD,8.0,HARD,True,harvest_rich,False
2,Shanghai,Chinese Grand Prix,17,S3,SAI,Williams,LAW,Racing Bulls,0.667,335.0,321.0,14.0,8.0,HARD,8.0,HARD,True,harvest_rich,False
2,Shanghai,Chinese Grand Prix,17,S3,HAD,Red Bull Racing,SAI,Williams,0.756,328.0,335.0,-7.0,7.0,HARD,8.0,HARD,True,harvest_rich,False
2,Shanghai,Chinese Grand Prix,17,S3,PER,Cadillac,ALO,Aston Martin,0.408,298.0,315.0,-17.0,6.0,HARD,17.0,HARD,True,harvest_rich,True
2,Shanghai,Chinese Grand Prix,18,S1,OCO,Haas F1 Team,COL,Alpine,0.437,319.0,311.0,8.0,18.0,HARD,18.0,HARD,True,harvest_rich,False
2,Shanghai,Chinese Grand Prix,18,S1,GAS,Alpine,BEA,Haas F1 Team,0.759,343.0,327.0,16.0,8.0,HARD,8.0,HARD,True,harvest_rich,False
2,Shanghai,Chinese Grand Prix,18,S1,VER,Red Bull Racing,GAS,Alpine,0.653,323.0,343.0,-20.0,9.0,HARD,8.0,HARD,True,harvest_rich,False
2,Shanghai,Chinese Grand Prix,18,S1,LIN,Racing Bulls,VER,Red Bull Racing,0.733,322.0,323.0,-1.0,18.0,HARD,9.0,HARD,True,harvest_rich,False
2,Shanghai,Chinese Grand Prix,18,S1,HUL,Audi,LIN,Racing Bulls,0.531,339.0,322.0,17.0,18.0,HARD,18.0,HARD,True,harvest_rich,False
2,Shanghai,Chinese Grand Prix,18,S1,SAI,Williams,LAW,Racing Bulls,0.823,339.0,322.0,17.0,9.0,HARD,9.0,HARD,True,harvest_rich,False
2,Shanghai,Chinese Grand Prix,18,S1,HAD,Red Bull Racing,SAI,Williams,0.672,335.0,339.0,-4.0,8.0,HARD,9.0,HARD,True,harvest_rich,False
2,Shanghai,Chinese Grand Prix,18,S1,ALO,Aston Martin,PER,Cadillac,0.834,313.0,321.0,-8.0,18.0,HARD,7.0,HARD,True,harvest_rich,False
2,Shanghai,Chinese Grand Prix,18,S2,OCO,Haas F1 Team,COL,Alpine,0.365,319.0,311.0,8.0,18.0,HARD,18.0,HARD,True,harvest_rich,False
2,Shanghai,Chinese Grand Prix,18,S2,BEA,Haas F1 Team,OCO,Haas F1 Team,0.894,327.0,319.0,8.0,8.0,HARD,18.0,HARD,True,harvest_rich,False
2,Shanghai,Chinese Grand Prix,18,S2,GAS,Alpine,BEA,Haas F1 Team,0.646,343.0,327.0,16.0,8.0,HARD,8.0,HARD,True,harvest_rich,False
2,Shanghai,Chinese Grand Prix,18,S2,HUL,Audi,LIN,Racing Bulls,0.522,339.0,322.0,17.0,18.0,HARD,18.0,HARD,True,harvest_rich,False
2,Shanghai,Chinese Grand Prix,18,S2,LAW,Racing Bulls,HUL,Audi,0.799,322.0,339.0,-17.0,9.0,HARD,18.0,HARD,True,harvest_rich,False
2,Shanghai,Chinese Grand Prix,18,S2,SAI,Williams,LAW,Racing Bulls,0.978,339.0,322.0,17.0,9.0,HARD,9.0,HARD,True,harvest_rich,False
2,Shanghai,Chinese Grand Prix,18,S2,HAD,Red Bull Racing,SAI,Williams,0.739,335.0,339.0,-4.0,8.0,HARD,9.0,HARD,True,harvest_rich,False
2,Shanghai,Chinese Grand Prix,18,S2,ALO,Aston Martin,PER,Cadillac,0.923,313.0,321.0,-8.0,18.0,HARD,7.0,HARD,True,harvest_rich,False
2,Shanghai,Chinese Grand Prix,18,S3,RUS,Mercedes,LEC,Ferrari,0.927,322.0,307.0,15.0,8.0,HARD,8.0,HARD,True,harvest_rich,False
2,Shanghai,Chinese Grand Prix,18,S3,OCO,Haas F1 Team,COL,Alpine,0.22,319.0,311.0,8.0,18.0,HARD,18.0,HARD,True,harvest_rich,False
2,Shanghai,Chinese Grand Prix,18,S3,BEA,Haas F1 Team,OCO,Haas F1 Team,0.693,327.0,319.0,8.0,8.0,HARD,18.0,HARD,True,harvest_rich,False
2,Shanghai,Chinese Grand Prix,18,S3,GAS,Alpine,BEA,Haas F1 Team,0.348,343.0,327.0,16.0,8.0,HARD,8.0,HARD,True,harvest_rich,False
2,Shanghai,Chinese Grand Prix,18,S3,VER,Red Bull Racing,GAS,Alpine,0.566,323.0,343.0,-20.0,9.0,HARD,8.0,HARD,True,harvest_rich,False
2,Shanghai,Chinese Grand Prix,18,S3,HUL,Audi,LIN,Racing Bulls,0.448,339.0,322.0,17.0,18.0,HARD,18.0,HARD,True,harvest_rich,False
2,Shanghai,Chinese Grand Prix,18,S3,LAW,Racing Bulls,HUL,Audi,0.854,322.0,339.0,-17.0,9.0,HARD,18.0,HARD,True,harvest_rich,False
2,Shanghai,Chinese Grand Prix,18,S3,SAI,Williams,LAW,Racing Bulls,0.615,339.0,322.0,17.0,9.0,HARD,9.0,HARD,True,harvest_rich,False
2,Shanghai,Chinese Grand Prix,18,S3,HAD,Red Bull Racing,SAI,Williams,0.922,335.0,339.0,-4.0,8.0,HARD,9.0,HARD,True,harvest_rich,False
2,Shanghai,Chinese Grand Prix,19,S1,OCO,Haas F1 Team,COL,Alpine,0.112,317.0,309.0,8.0,19.0,HARD,19.0,HARD,True,harvest_rich,False
2,Shanghai,Chinese Grand Prix,19,S1,BEA,Haas F1 Team,OCO,Haas F1 Team,0.603,328.0,317.0,11.0,9.0,HARD,19.0,HARD,True,harvest_rich,False
2,Shanghai,Chinese Grand Prix,19,S1,GAS,Alpine,BEA,Haas F1 Team,0.521,327.0,328.0,-1.0,9.0,HARD,9.0,HARD,True,harvest_rich,False
2,Shanghai,Chinese Grand Prix,19,S1,VER,Red Bull Racing,GAS,Alpine,0.073,340.0,327.0,13.0,10.0,HARD,9.0,HARD,True,harvest_rich,False
2,Shanghai,Chinese Grand Prix,19,S1,HUL,Audi,LIN,Racing Bulls,0.389,336.0,319.0,17.0,19.0,HARD,19.0,HARD,True,harvest_rich,False
2,Shanghai,Chinese Grand Prix,19,S1,LAW,Racing Bulls,HUL,Audi,0.896,320.0,336.0,-16.0,10.0,HARD,19.0,HARD,True,harvest_rich,False
2,Shanghai,Chinese Grand Prix,19,S1,SAI,Williams,LAW,Racing Bulls,0.785,339.0,320.0,19.0,10.0,HARD,10.0,HARD,True,harvest_rich,False
2,Shanghai,Chinese Grand Prix,19,S1,HAD,Red Bull Racing,SAI,Williams,0.82,333.0,339.0,-6.0,9.0,HARD,10.0,HARD,True,harvest_rich,False
2,Shanghai,Chinese Grand Prix,19,S2,HAM,Ferrari,ANT,Mercedes,0.983,308.0,308.0,0.0,9.0,HARD,9.0,HARD,True,harvest_rich,False
2,Shanghai,Chinese Grand Prix,19,S2,RUS,Mercedes,LEC,Ferrari,0.884,315.0,307.0,8.0,9.0,HARD,9.0,HARD,True,harvest_rich,False
2,Shanghai,Chinese Grand Prix,19,S2,OCO,Haas F1 Team,COL,Alpine,0.372,317.0,309.0,8.0,19.0,HARD,19.0,HARD,True,harvest_rich,False
2,Shanghai,Chinese Grand Prix,19,S2,BEA,Haas F1 Team,OCO,Haas F1 Team,0.332,328.0,317.0,11.0,9.0,HARD,19.0,HARD,True,harvest_rich,True
2,Shanghai,Chinese Grand Prix,19,S2,GAS,Alpine,BEA,Haas F1 Team,0.737,327.0,328.0,-1.0,9.0,HARD,9.0,HARD,True,harvest_rich,False
2,Shanghai,Chinese Grand Prix,19,S2,VER,Red Bull Racing,GAS,Alpine,0.316,340.0,327.0,13.0,10.0,HARD,9.0,HARD,True,harvest_rich,False
2,Shanghai,Chinese Grand Prix,19,S2,HUL,Audi,LIN,Racing Bulls,0.415,336.0,319.0,17.0,19.0,HARD,19.0,HARD,True,harvest_rich,True
2,Shanghai,Chinese Grand Prix,19,S2,LAW,Racing Bulls,HUL,Audi,0.82,320.0,336.0,-16.0,10.0,HARD,19.0,HARD,True,harvest_rich,False
2,Shanghai,Chinese Grand Prix,19,S2,SAI,Williams,LAW,Racing Bulls,0.783,339.0,320.0,19.0,10.0,HARD,10.0,HARD,True,harvest_rich,False
2,Shanghai,Chinese Grand Prix,19,S2,HAD,Red Bull Racing,SAI,Williams,0.846,333.0,339.0,-6.0,9.0,HARD,10.0,HARD,True,harvest_rich,False
2,Shanghai,Chinese Grand Prix,19,S3,RUS,Mercedes,LEC,Ferrari,0.734,315.0,307.0,8.0,9.0,HARD,9.0,HARD,True,harvest_rich,False
2,Shanghai,Chinese Grand Prix,19,S3,BEA,Haas F1 Team,COL,Alpine,0.356,328.0,309.0,19.0,9.0,HARD,19.0,HARD,True,harvest_rich,False
2,Shanghai,Chinese Grand Prix,19,S3,OCO,Haas F1 Team,BEA,Haas F1 Team,0.209,317.0,328.0,-11.0,19.0,HARD,9.0,HARD,True,harvest_rich,False
2,Shanghai,Chinese Grand Prix,19,S3,GAS,Alpine,OCO,Haas F1 Team,0.455,327.0,317.0,10.0,9.0,HARD,19.0,HARD,True,harvest_rich,False
2,Shanghai,Chinese Grand Prix,19,S3,VER,Red Bull Racing,GAS,Alpine,0.276,340.0,327.0,13.0,10.0,HARD,9.0,HARD,True,harvest_rich,True
2,Shanghai,Chinese Grand Prix,19,S3,LIN,Racing Bulls,HUL,Audi,0.533,319.0,336.0,-17.0,19.0,HARD,19.0,HARD,True,harvest_rich,False
2,Shanghai,Chinese Grand Prix,19,S3,LAW,Racing Bulls,LIN,Racing Bulls,0.928,320.0,319.0,1.0,10.0,HARD,19.0,HARD,True,harvest_rich,False
2,Shanghai,Chinese Grand Prix,19,S3,SAI,Williams,LAW,Racing Bulls,0.745,339.0,320.0,19.0,10.0,HARD,10.0,HARD,True,harvest_rich,False
2,Shanghai,Chinese Grand Prix,19,S3,HAD,Red Bull Racing,SAI,Williams,0.56,333.0,339.0,-6.0,9.0,HARD,10.0,HARD,True,harvest_rich,False
2,Shanghai,Chinese Grand Prix,20,S1,RUS,Mercedes,LEC,Ferrari,0.491,323.0,308.0,15.0,10.0,HARD,10.0,HARD,True,harvest_rich,False
2,Shanghai,Chinese Grand Prix,20,S1,BEA,Haas F1 Team,COL,Alpine,0.544,325.0,308.0,17.0,10.0,HARD,20.0,HARD,True,harvest_rich,False
2,Shanghai,Chinese Grand Prix,20,S1,OCO,Haas F1 Team,BEA,Haas F1 Team,0.646,316.0,325.0,-9.0,20.0,HARD,10.0,HARD,True,harvest_rich,False
2,Shanghai,Chinese Grand Prix,20,S1,VER,Red Bull Racing,OCO,Haas F1 Team,0.67,327.0,316.0,11.0,11.0,HARD,20.0,HARD,True,harvest_rich,False
2,Shanghai,Chinese Grand Prix,20,S1,GAS,Alpine,VER,Red Bull Racing,0.354,332.0,327.0,5.0,10.0,HARD,11.0,HARD,True,harvest_rich,False
2,Shanghai,Chinese Grand Prix,20,S1,HUL,Audi,GAS,Alpine,0.831,315.0,332.0,-17.0,20.0,HARD,10.0,HARD,True,harvest_rich,False
2,Shanghai,Chinese Grand Prix,20,S1,LIN,Racing Bulls,HUL,Audi,0.692,320.0,315.0,5.0,20.0,HARD,20.0,HARD,True,harvest_rich,False
2,Shanghai,Chinese Grand Prix,20,S1,LAW,Racing Bulls,LIN,Racing Bulls,0.863,322.0,320.0,2.0,11.0,HARD,20.0,HARD,True,harvest_rich,False
2,Shanghai,Chinese Grand Prix,20,S1,SAI,Williams,LAW,Racing Bulls,0.886,339.0,322.0,17.0,11.0,HARD,11.0,HARD,True,harvest_rich,False
2,Shanghai,Chinese Grand Prix,20,S1,HAD,Red Bull Racing,SAI,Williams,0.622,344.0,339.0,5.0,10.0,HARD,11.0,HARD,True,harvest_rich,False
2,Shanghai,Chinese Grand Prix,20,S2,RUS,Mercedes,LEC,Ferrari,0.47,323.0,308.0,15.0,10.0,HARD,10.0,HARD,True,harvest_rich,False
2,Shanghai,Chinese Grand Prix,20,S2,BEA,Haas F1 Team,COL,Alpine,0.385,325.0,308.0,17.0,10.0,HARD,20.0,HARD,True,harvest_rich,False
2,Shanghai,Chinese Grand Prix,20,S2,OCO,Haas F1 Team,BEA,Haas F1 Team,0.593,316.0,325.0,-9.0,20.0,HARD,10.0,HARD,True,harvest_rich,False
2,Shanghai,Chinese Grand Prix,20,S2,VER,Red Bull Racing,OCO,Haas F1 Team,0.819,327.0,316.0,11.0,11.0,HARD,20.0,HARD,True,harvest_rich,False
2,Shanghai,Chinese Grand Prix,20,S2,GAS,Alpine,VER,Red Bull Racing,0.575,332.0,327.0,5.0,10.0,HARD,11.0,HARD,True,harvest_rich,False
2,Shanghai,Chinese Grand Prix,20,S2,HUL,Audi,GAS,Alpine,0.795,315.0,332.0,-17.0,20.0,HARD,10.0,HARD,True,harvest_rich,False
2,Shanghai,Chinese Grand Prix,20,S2,LAW,Racing Bulls,LIN,Racing Bulls,0.753,322.0,320.0,2.0,11.0,HARD,20.0,HARD,True,harvest_rich,False
2,Shanghai,Chinese Grand Prix,20,S2,HAD,Red Bull Racing,SAI,Williams,0.592,344.0,339.0,5.0,10.0,HARD,11.0,HARD,True,harvest_rich,False
2,Shanghai,Chinese Grand Prix,20,S3,RUS,Mercedes,LEC,Ferrari,0.518,323.0,308.0,15.0,10.0,HARD,10.0,HARD,True,harvest_rich,False
2,Shanghai,Chinese Grand Prix,20,S3,BEA,Haas F1 Team,COL,Alpine,0.019,325.0,308.0,17.0,10.0,HARD,20.0,HARD,True,harvest_rich,False
2,Shanghai,Chinese Grand Prix,20,S3,OCO,Haas F1 Team,BEA,Haas F1 Team,0.582,316.0,325.0,-9.0,20.0,HARD,10.0,HARD,True,harvest_rich,False
2,Shanghai,Chinese Grand Prix,20,S3,VER,Red Bull Racing,OCO,Haas F1 Team,0.271,327.0,316.0,11.0,11.0,HARD,20.0,HARD,True,harvest_rich,True
2,Shanghai,Chinese Grand Prix,20,S3,GAS,Alpine,VER,Red Bull Racing,0.697,332.0,327.0,5.0,10.0,HARD,11.0,HARD,True,harvest_rich,False
2,Shanghai,Chinese Grand Prix,20,S3,LAW,Racing Bulls,LIN,Racing Bulls,0.649,322.0,320.0,2.0,11.0,HARD,20.0,HARD,True,harvest_rich,False
2,Shanghai,Chinese Grand Prix,20,S3,SAI,Williams,LAW,Racing Bulls,0.955,339.0,322.0,17.0,11.0,HARD,11.0,HARD,True,harvest_rich,False
2,Shanghai,Chinese Grand Prix,20,S3,HAD,Red Bull Racing,SAI,Williams,0.432,344.0,339.0,5.0,10.0,HARD,11.0,HARD,True,harvest_rich,False
2,Shanghai,Chinese Grand Prix,21,S1,RUS,Mercedes,LEC,Ferrari,0.247,333.0,308.0,25.0,11.0,HARD,11.0,HARD,True,harvest_rich,False
2,Shanghai,Chinese Grand Prix,21,S1,BEA,Haas F1 Team,COL,Alpine,0.35,315.0,308.0,7.0,11.0,HARD,21.0,HARD,True,harvest_rich,False
2,Shanghai,Chinese Grand Prix,21,S1,VER,Red Bull Racing,BEA,Haas F1 Team,0.184,323.0,315.0,8.0,12.0,HARD,11.0,HARD,True,harvest_rich,False
2,Shanghai,Chinese Grand Prix,21,S1,OCO,Haas F1 Team,VER,Red Bull Racing,0.1,323.0,323.0,0.0,21.0,HARD,12.0,HARD,True,harvest_rich,False
2,Shanghai,Chinese Grand Prix,21,S1,GAS,Alpine,OCO,Haas F1 Team,0.723,343.0,323.0,20.0,11.0,HARD,21.0,HARD,True,harvest_rich,False
2,Shanghai,Chinese Grand Prix,21,S1,LAW,Racing Bulls,LIN,Racing Bulls,0.666,334.0,315.0,19.0,12.0,HARD,21.0,HARD,True,harvest_rich,False
2,Shanghai,Chinese Grand Prix,21,S1,HAD,Red Bull Racing,SAI,Williams,0.686,339.0,337.0,2.0,11.0,HARD,12.0,HARD,True,harvest_rich,False
2,Shanghai,Chinese Grand Prix,21,S2,RUS,Mercedes,LEC,Ferrari,0.648,333.0,308.0,25.0,11.0,HARD,11.0,HARD,True,harvest_rich,False
2,Shanghai,Chinese Grand Prix,21,S2,BEA,Haas F1 Team,COL,Alpine,0.268,315.0,308.0,7.0,11.0,HARD,21.0,HARD,True,harvest_rich,True
2,Shanghai,Chinese Grand Prix,21,S2,VER,Red Bull Racing,BEA,Haas F1 Team,0.571,323.0,315.0,8.0,12.0,HARD,11.0,HARD,True,harvest_rich,False
2,Shanghai,Chinese Grand Prix,21,S2,OCO,Haas F1 Team,VER,Red Bull Racing,0.447,323.0,323.0,0.0,21.0,HARD,12.0,HARD,True,harvest_rich,False
2,Shanghai,Chinese Grand Prix,21,S2,GAS,Alpine,OCO,Haas F1 Team,0.329,343.0,323.0,20.0,11.0,HARD,21.0,HARD,True,harvest_rich,False
2,Shanghai,Chinese Grand Prix,21,S2,HUL,Audi,GAS,Alpine,0.961,320.0,343.0,-23.0,21.0,HARD,11.0,HARD,True,harvest_rich,False
2,Shanghai,Chinese Grand Prix,21,S2,LAW,Racing Bulls,LIN,Racing Bulls,0.554,334.0,315.0,19.0,12.0,HARD,21.0,HARD,True,harvest_rich,True
2,Shanghai,Chinese Grand Prix,21,S2,HAD,Red Bull Racing,SAI,Williams,0.795,339.0,337.0,2.0,11.0,HARD,12.0,HARD,True,harvest_rich,False
2,Shanghai,Chinese Grand Prix,21,S3,RUS,Mercedes,LEC,Ferrari,0.476,333.0,308.0,25.0,11.0,HARD,11.0,HARD,True,harvest_rich,False
2,Shanghai,Chinese Grand Prix,21,S3,COL,Alpine,BEA,Haas F1 Team,0.779,308.0,315.0,-7.0,21.0,HARD,11.0,HARD,True,harvest_rich,False
2,Shanghai,Chinese Grand Prix,21,S3,VER,Red Bull Racing,COL,Alpine,0.316,323.0,308.0,15.0,12.0,HARD,21.0,HARD,True,harvest_rich,False
2,Shanghai,Chinese Grand Prix,21,S3,OCO,Haas F1 Team,VER,Red Bull Racing,0.783,323.0,323.0,0.0,21.0,HARD,12.0,HARD,True,harvest_rich,False
2,Shanghai,Chinese Grand Prix,21,S3,GAS,Alpine,OCO,Haas F1 Team,0.354,343.0,323.0,20.0,11.0,HARD,21.0,HARD,True,harvest_rich,False
2,Shanghai,Chinese Grand Prix,21,S3,HUL,Audi,GAS,Alpine,0.441,320.0,343.0,-23.0,21.0,HARD,11.0,HARD,True,harvest_rich,True
2,Shanghai,Chinese Grand Prix,21,S3,LIN,Racing Bulls,LAW,Racing Bulls,0.64,315.0,334.0,-19.0,21.0,HARD,12.0,HARD,True,harvest_rich,False
2,Shanghai,Chinese Grand Prix,21,S3,SAI,Williams,LIN,Racing Bulls,0.968,337.0,315.0,22.0,12.0,HARD,21.0,HARD,True,harvest_rich,False
2,Shanghai,Chinese Grand Prix,21,S3,HAD,Red Bull Racing,SAI,Williams,0.421,339.0,337.0,2.0,11.0,HARD,12.0,HARD,True,harvest_rich,True
2,Shanghai,Chinese Grand Prix,22,S1,RUS,Mercedes,LEC,Ferrari,0.619,332.0,311.0,21.0,12.0,HARD,12.0,HARD,True,harvest_rich,False
2,Shanghai,Chinese Grand Prix,22,S1,COL,Alpine,BEA,Haas F1 Team,0.817,323.0,301.0,22.0,22.0,HARD,12.0,HARD,True,harvest_rich,False
2,Shanghai,Chinese Grand Prix,22,S1,VER,Red Bull Racing,COL,Alpine,0.059,304.0,323.0,-19.0,13.0,HARD,22.0,HARD,True,harvest_rich,True
2,Shanghai,Chinese Grand Prix,22,S1,HUL,Audi,OCO,Haas F1 Team,0.506,340.0,321.0,19.0,22.0,HARD,22.0,HARD,True,harvest_rich,False
2,Shanghai,Chinese Grand Prix,22,S1,GAS,Alpine,HUL,Audi,0.126,333.0,340.0,-7.0,12.0,HARD,22.0,HARD,True,harvest_rich,False
2,Shanghai,Chinese Grand Prix,22,S1,LIN,Racing Bulls,LAW,Racing Bulls,0.761,323.0,315.0,8.0,22.0,HARD,13.0,HARD,True,harvest_rich,False
2,Shanghai,Chinese Grand Prix,22,S1,SAI,Williams,HAD,Red Bull Racing,0.402,327.0,328.0,-1.0,13.0,HARD,12.0,HARD,True,harvest_rich,False
2,Shanghai,Chinese Grand Prix,22,S2,RUS,Mercedes,LEC,Ferrari,0.802,332.0,311.0,21.0,12.0,HARD,12.0,HARD,True,harvest_rich,False
2,Shanghai,Chinese Grand Prix,22,S2,COL,Alpine,VER,Red Bull Racing,0.789,323.0,304.0,19.0,22.0,HARD,13.0,HARD,True,harvest_rich,False
2,Shanghai,Chinese Grand Prix,22,S2,OCO,Haas F1 Team,COL,Alpine,0.652,321.0,323.0,-2.0,22.0,HARD,22.0,HARD,True,harvest_rich,False
2,Shanghai,Chinese Grand Prix,22,S2,HUL,Audi,OCO,Haas F1 Team,0.795,340.0,321.0,19.0,22.0,HARD,22.0,HARD,True,harvest_rich,False
2,Shanghai,Chinese Grand Prix,22,S2,GAS,Alpine,HUL,Audi,0.363,333.0,340.0,-7.0,12.0,HARD,22.0,HARD,True,harvest_rich,False
2,Shanghai,Chinese Grand Prix,22,S2,SAI,Williams,HAD,Red Bull Racing,0.941,327.0,328.0,-1.0,13.0,HARD,12.0,HARD,True,harvest_rich,False
2,Shanghai,Chinese Grand Prix,22,S3,LEC,Ferrari,HAM,Ferrari,0.799,311.0,307.0,4.0,12.0,HARD,12.0,HARD,True,harvest_rich,False
2,Shanghai,Chinese Grand Prix,22,S3,RUS,Mercedes,LEC,Ferrari,0.727,332.0,311.0,21.0,12.0,HARD,12.0,HARD,True,harvest_rich,False
2,Shanghai,Chinese Grand Prix,22,S3,COL,Alpine,VER,Red Bull Racing,0.719,323.0,304.0,19.0,22.0,HARD,13.0,HARD,True,harvest_rich,False
2,Shanghai,Chinese Grand Prix,22,S3,OCO,Haas F1 Team,COL,Alpine,0.617,321.0,323.0,-2.0,22.0,HARD,22.0,HARD,True,harvest_rich,False
2,Shanghai,Chinese Grand Prix,22,S3,HUL,Audi,OCO,Haas F1 Team,0.538,340.0,321.0,19.0,22.0,HARD,22.0,HARD,True,harvest_rich,False
2,Shanghai,Chinese Grand Prix,22,S3,GAS,Alpine,HUL,Audi,0.454,333.0,340.0,-7.0,12.0,HARD,22.0,HARD,True,harvest_rich,False
2,Shanghai,Chinese Grand Prix,22,S3,HAD,Red Bull Racing,LIN,Racing Bulls,0.475,328.0,323.0,5.0,12.0,HARD,22.0,HARD,True,harvest_rich,False
2,Shanghai,Chinese Grand Prix,23,S1,LEC,Ferrari,HAM,Ferrari,0.698,321.0,304.0,17.0,13.0,HARD,13.0,HARD,True,harvest_rich,False
2,Shanghai,Chinese Grand Prix,23,S1,RUS,Mercedes,LEC,Ferrari,0.719,333.0,321.0,12.0,13.0,HARD,13.0,HARD,True,harvest_rich,False
2,Shanghai,Chinese Grand Prix,23,S1,COL,Alpine,VER,Red Bull Racing,0.64,323.0,313.0,10.0,23.0,HARD,14.0,HARD,True,harvest_rich,False
2,Shanghai,Chinese Grand Prix,23,S1,OCO,Haas F1 Team,COL,Alpine,0.469,323.0,323.0,0.0,23.0,HARD,23.0,HARD,True,harvest_rich,False
2,Shanghai,Chinese Grand Prix,23,S1,HUL,Audi,OCO,Haas F1 Team,0.638,321.0,323.0,-2.0,23.0,HARD,23.0,HARD,True,harvest_rich,False
2,Shanghai,Chinese Grand Prix,23,S1,GAS,Alpine,HUL,Audi,0.159,328.0,321.0,7.0,13.0,HARD,23.0,HARD,True,harvest_rich,True
2,Shanghai,Chinese Grand Prix,23,S1,LIN,Racing Bulls,LAW,Racing Bulls,0.996,333.0,318.0,15.0,23.0,HARD,14.0,HARD,True,harvest_rich,False
2,Shanghai,Chinese Grand Prix,23,S1,HAD,Red Bull Racing,LIN,Racing Bulls,0.642,338.0,333.0,5.0,13.0,HARD,23.0,HARD,True,harvest_rich,False
2,Shanghai,Chinese Grand Prix,23,S2,LEC,Ferrari,HAM,Ferrari,0.736,321.0,304.0,17.0,13.0,HARD,13.0,HARD,True,harvest_rich,False
2,Shanghai,Chinese Grand Prix,23,S2,RUS,Mercedes,LEC,Ferrari,0.765,333.0,321.0,12.0,13.0,HARD,13.0,HARD,True,harvest_rich,False
2,Shanghai,Chinese Grand Prix,23,S2,COL,Alpine,VER,Red Bull Racing,0.884,323.0,313.0,10.0,23.0,HARD,14.0,HARD,True,harvest_rich,False
2,Shanghai,Chinese Grand Prix,23,S2,OCO,Haas F1 Team,COL,Alpine,0.44,323.0,323.0,0.0,23.0,HARD,23.0,HARD,True,harvest_rich,False
2,Shanghai,Chinese Grand Prix,23,S2,GAS,Alpine,OCO,Haas F1 Team,0.845,328.0,323.0,5.0,13.0,HARD,23.0,HARD,True,harvest_rich,False
2,Shanghai,Chinese Grand Prix,23,S2,HUL,Audi,GAS,Alpine,0.621,321.0,328.0,-7.0,23.0,HARD,13.0,HARD,True,harvest_rich,False
2,Shanghai,Chinese Grand Prix,23,S2,HAD,Red Bull Racing,LIN,Racing Bulls,0.785,338.0,333.0,5.0,13.0,HARD,23.0,HARD,True,harvest_rich,False
2,Shanghai,Chinese Grand Prix,23,S3,LEC,Ferrari,HAM,Ferrari,0.563,321.0,304.0,17.0,13.0,HARD,13.0,HARD,True,harvest_rich,False
2,Shanghai,Chinese Grand Prix,23,S3,RUS,Mercedes,LEC,Ferrari,0.475,333.0,321.0,12.0,13.0,HARD,13.0,HARD,True,harvest_rich,False
2,Shanghai,Chinese Grand Prix,23,S3,OCO,Haas F1 Team,COL,Alpine,0.458,323.0,323.0,0.0,23.0,HARD,23.0,HARD,True,harvest_rich,False
2,Shanghai,Chinese Grand Prix,23,S3,GAS,Alpine,OCO,Haas F1 Team,0.725,328.0,323.0,5.0,13.0,HARD,23.0,HARD,True,harvest_rich,False
2,Shanghai,Chinese Grand Prix,23,S3,HUL,Audi,GAS,Alpine,0.975,321.0,328.0,-7.0,23.0,HARD,13.0,HARD,True,harvest_rich,False
2,Shanghai,Chinese Grand Prix,23,S3,HAD,Red Bull Racing,LIN,Racing Bulls,0.456,338.0,333.0,5.0,13.0,HARD,23.0,HARD,True,harvest_rich,False
2,Shanghai,Chinese Grand Prix,24,S1,LEC,Ferrari,HAM,Ferrari,0.547,331.0,302.0,29.0,14.0,HARD,14.0,HARD,True,harvest_rich,False
2,Shanghai,Chinese Grand Prix,24,S1,RUS,Mercedes,LEC,Ferrari,0.397,345.0,331.0,14.0,14.0,HARD,14.0,HARD,True,harvest_rich,False
2,Shanghai,Chinese Grand Prix,24,S1,OCO,Haas F1 Team,COL,Alpine,0.48,328.0,319.0,9.0,24.0,HARD,24.0,HARD,True,harvest_rich,False
2,Shanghai,Chinese Grand Prix,24,S1,GAS,Alpine,OCO,Haas F1 Team,0.475,336.0,328.0,8.0,14.0,HARD,24.0,HARD,True,harvest_rich,False
2,Shanghai,Chinese Grand Prix,24,S1,HAD,Red Bull Racing,LIN,Racing Bulls,0.616,339.0,319.0,20.0,14.0,HARD,24.0,HARD,True,harvest_rich,False
2,Shanghai,Chinese Grand Prix,24,S1,PER,Cadillac,BOT,Cadillac,0.972,314.0,307.0,7.0,13.0,HARD,14.0,HARD,True,harvest_rich,False
2,Shanghai,Chinese Grand Prix,24,S2,LEC,Ferrari,HAM,Ferrari,0.711,331.0,302.0,29.0,14.0,HARD,14.0,HARD,True,harvest_rich,True
2,Shanghai,Chinese Grand Prix,24,S2,RUS,Mercedes,LEC,Ferrari,0.501,345.0,331.0,14.0,14.0,HARD,14.0,HARD,True,harvest_rich,False
2,Shanghai,Chinese Grand Prix,24,S2,OCO,Haas F1 Team,COL,Alpine,0.446,328.0,319.0,9.0,24.0,HARD,24.0,HARD,True,harvest_rich,False
2,Shanghai,Chinese Grand Prix,24,S2,GAS,Alpine,OCO,Haas F1 Team,0.524,336.0,328.0,8.0,14.0,HARD,24.0,HARD,True,harvest_rich,False
2,Shanghai,Chinese Grand Prix,24,S2,HAD,Red Bull Racing,LIN,Racing Bulls,0.596,339.0,319.0,20.0,14.0,HARD,24.0,HARD,True,harvest_rich,False
2,Shanghai,Chinese Grand Prix,24,S3,HAM,Ferrari,LEC,Ferrari,0.383,302.0,331.0,-29.0,14.0,HARD,14.0,HARD,True,harvest_rich,False
2,Shanghai,Chinese Grand Prix,24,S3,RUS,Mercedes,HAM,Ferrari,0.26,345.0,302.0,43.0,14.0,HARD,14.0,HARD,True,harvest_rich,False
2,Shanghai,Chinese Grand Prix,24,S3,OCO,Haas F1 Team,COL,Alpine,0.861,328.0,319.0,9.0,24.0,HARD,24.0,HARD,True,harvest_rich,False
2,Shanghai,Chinese Grand Prix,24,S3,GAS,Alpine,OCO,Haas F1 Team,0.248,336.0,328.0,8.0,14.0,HARD,24.0,HARD,True,harvest_rich,False
2,Shanghai,Chinese Grand Prix,24,S3,HAD,Red Bull Racing,LIN,Racing Bulls,0.361,339.0,319.0,20.0,14.0,HARD,24.0,HARD,True,harvest_rich,False
2,Shanghai,Chinese Grand Prix,24,S3,PER,Cadillac,BOT,Cadillac,0.93,314.0,307.0,7.0,13.0,HARD,14.0,HARD,True,harvest_rich,False
2,Shanghai,Chinese Grand Prix,25,S1,HAM,Ferrari,LEC,Ferrari,0.368,316.0,299.0,17.0,15.0,HARD,15.0,HARD,True,harvest_rich,False
2,Shanghai,Chinese Grand Prix,25,S1,RUS,Mercedes,HAM,Ferrari,0.046,316.0,316.0,0.0,15.0,HARD,15.0,HARD,True,harvest_rich,False
2,Shanghai,Chinese Grand Prix,25,S1,GAS,Alpine,OCO,Haas F1 Team,0.294,335.0,314.0,21.0,15.0,HARD,25.0,HARD,True,harvest_rich,False
2,Shanghai,Chinese Grand Prix,25,S1,HUL,Audi,GAS,Alpine,0.993,315.0,335.0,-20.0,25.0,HARD,15.0,HARD,True,harvest_rich,False
2,Shanghai,Chinese Grand Prix,25,S1,HAD,Red Bull Racing,LIN,Racing Bulls,0.457,334.0,322.0,12.0,15.0,HARD,25.0,HARD,True,harvest_rich,False
2,Shanghai,Chinese Grand Prix,25,S2,HAM,Ferrari,LEC,Ferrari,0.653,316.0,299.0,17.0,15.0,HARD,15.0,HARD,True,harvest_rich,False
2,Shanghai,Chinese Grand Prix,25,S2,RUS,Mercedes,HAM,Ferrari,0.401,316.0,316.0,0.0,15.0,HARD,15.0,HARD,True,harvest_rich,False
2,Shanghai,Chinese Grand Prix,25,S2,OCO,Haas F1 Team,COL,Alpine,0.966,314.0,316.0,-2.0,25.0,HARD,25.0,HARD,True,harvest_rich,False
2,Shanghai,Chinese Grand Prix,25,S2,GAS,Alpine,OCO,Haas F1 Team,0.593,335.0,314.0,21.0,15.0,HARD,25.0,HARD,True,harvest_rich,False
2,Shanghai,Chinese Grand Prix,25,S2,HAD,Red Bull Racing,LIN,Racing Bulls,0.553,334.0,322.0,12.0,15.0,HARD,25.0,HARD,True,harvest_rich,True
2,Shanghai,Chinese Grand Prix,25,S3,HAM,Ferrari,LEC,Ferrari,0.595,316.0,299.0,17.0,15.0,HARD,15.0,HARD,True,harvest_rich,False
2,Shanghai,Chinese Grand Prix,25,S3,RUS,Mercedes,HAM,Ferrari,0.43,316.0,316.0,0.0,15.0,HARD,15.0,HARD,True,harvest_rich,False
2,Shanghai,Chinese Grand Prix,25,S3,OCO,Haas F1 Team,COL,Alpine,0.808,314.0,316.0,-2.0,25.0,HARD,25.0,HARD,True,harvest_rich,False
2,Shanghai,Chinese Grand Prix,25,S3,GAS,Alpine,OCO,Haas F1 Team,0.485,335.0,314.0,21.0,15.0,HARD,25.0,HARD,True,harvest_rich,False
2,Shanghai,Chinese Grand Prix,25,S3,LIN,Racing Bulls,HAD,Red Bull Racing,0.551,322.0,334.0,-12.0,25.0,HARD,15.0,HARD,True,harvest_rich,False
2,Shanghai,Chinese Grand Prix,26,S1,HAM,Ferrari,LEC,Ferrari,0.49,328.0,303.0,25.0,16.0,HARD,16.0,HARD,True,harvest_rich,False
2,Shanghai,Chinese Grand Prix,26,S1,RUS,Mercedes,HAM,Ferrari,0.362,323.0,328.0,-5.0,16.0,HARD,16.0,HARD,True,harvest_rich,False
2,Shanghai,Chinese Grand Prix,26,S1,OCO,Haas F1 Team,COL,Alpine,0.679,320.0,315.0,5.0,26.0,HARD,26.0,HARD,True,harvest_rich,False
2,Shanghai,Chinese Grand Prix,26,S1,GAS,Alpine,OCO,Haas F1 Team,0.679,333.0,320.0,13.0,16.0,HARD,26.0,HARD,True,harvest_rich,False
2,Shanghai,Chinese Grand Prix,26,S1,LIN,Racing Bulls,HAD,Red Bull Racing,0.65,318.0,312.0,6.0,26.0,HARD,16.0,HARD,True,harvest_rich,False
2,Shanghai,Chinese Grand Prix,26,S2,HAM,Ferrari,LEC,Ferrari,0.706,328.0,303.0,25.0,16.0,HARD,16.0,HARD,True,harvest_rich,True
2,Shanghai,Chinese Grand Prix,26,S2,RUS,Mercedes,HAM,Ferrari,0.576,323.0,328.0,-5.0,16.0,HARD,16.0,HARD,True,harvest_rich,False
2,Shanghai,Chinese Grand Prix,26,S2,OCO,Haas F1 Team,COL,Alpine,0.718,320.0,315.0,5.0,26.0,HARD,26.0,HARD,True,harvest_rich,False
2,Shanghai,Chinese Grand Prix,26,S2,GAS,Alpine,OCO,Haas F1 Team,0.67,333.0,320.0,13.0,16.0,HARD,26.0,HARD,True,harvest_rich,False
2,Shanghai,Chinese Grand Prix,26,S2,LIN,Racing Bulls,HAD,Red Bull Racing,0.897,318.0,312.0,6.0,26.0,HARD,16.0,HARD,True,harvest_rich,False
2,Shanghai,Chinese Grand Prix,26,S3,LEC,Ferrari,HAM,Ferrari,0.24,303.0,328.0,-25.0,16.0,HARD,16.0,HARD,True,harvest_rich,True
2,Shanghai,Chinese Grand Prix,26,S3,RUS,Mercedes,LEC,Ferrari,0.638,323.0,303.0,20.0,16.0,HARD,16.0,HARD,True,harvest_rich,False
2,Shanghai,Chinese Grand Prix,26,S3,OCO,Haas F1 Team,COL,Alpine,0.563,320.0,315.0,5.0,26.0,HARD,26.0,HARD,True,harvest_rich,False
2,Shanghai,Chinese Grand Prix,26,S3,GAS,Alpine,OCO,Haas F1 Team,0.48,333.0,320.0,13.0,16.0,HARD,26.0,HARD,True,harvest_rich,False
2,Shanghai,Chinese Grand Prix,27,S1,HAM,Ferrari,LEC,Ferrari,0.215,317.0,303.0,14.0,17.0,HARD,17.0,HARD,True,harvest_rich,False
2,Shanghai,Chinese Grand Prix,27,S1,RUS,Mercedes,HAM,Ferrari,0.569,327.0,317.0,10.0,17.0,HARD,17.0,HARD,True,harvest_rich,False
2,Shanghai,Chinese Grand Prix,27,S1,OCO,Haas F1 Team,COL,Alpine,0.628,323.0,311.0,12.0,27.0,HARD,27.0,HARD,True,harvest_rich,False
2,Shanghai,Chinese Grand Prix,27,S1,GAS,Alpine,OCO,Haas F1 Team,0.32,332.0,323.0,9.0,17.0,HARD,27.0,HARD,True,harvest_rich,False
2,Shanghai,Chinese Grand Prix,27,S2,HAM,Ferrari,LEC,Ferrari,0.22,317.0,303.0,14.0,17.0,HARD,17.0,HARD,True,harvest_rich,False
2,Shanghai,Chinese Grand Prix,27,S2,RUS,Mercedes,HAM,Ferrari,0.082,327.0,317.0,10.0,17.0,HARD,17.0,HARD,True,harvest_rich,True
2,Shanghai,Chinese Grand Prix,27,S2,OCO,Haas F1 Team,COL,Alpine,0.524,323.0,311.0,12.0,27.0,HARD,27.0,HARD,True,harvest_rich,False
2,Shanghai,Chinese Grand Prix,27,S2,GAS,Alpine,OCO,Haas F1 Team,0.517,332.0,323.0,9.0,17.0,HARD,27.0,HARD,True,harvest_rich,False
2,Shanghai,Chinese Grand Prix,27,S3,RUS,Mercedes,LEC,Ferrari,0.537,327.0,303.0,24.0,17.0,HARD,17.0,HARD,True,harvest_rich,False
2,Shanghai,Chinese Grand Prix,27,S3,HAM,Ferrari,RUS,Mercedes,0.583,317.0,327.0,-10.0,17.0,HARD,17.0,HARD,True,harvest_rich,False
2,Shanghai,Chinese Grand Prix,27,S3,OCO,Haas F1 Team,COL,Alpine,0.396,323.0,311.0,12.0,27.0,HARD,27.0,HARD,True,harvest_rich,False
2,Shanghai,Chinese Grand Prix,27,S3,GAS,Alpine,OCO,Haas F1 Team,0.522,332.0,323.0,9.0,17.0,HARD,27.0,HARD,True,harvest_rich,False
2,Shanghai,Chinese Grand Prix,28,S1,RUS,Mercedes,LEC,Ferrari,0.532,329.0,302.0,27.0,18.0,HARD,18.0,HARD,True,harvest_rich,False
2,Shanghai,Chinese Grand Prix,28,S1,HAM,Ferrari,RUS,Mercedes,1.0,318.0,329.0,-11.0,18.0,HARD,18.0,HARD,True,harvest_rich,False
2,Shanghai,Chinese Grand Prix,28,S1,OCO,Haas F1 Team,COL,Alpine,0.405,323.0,312.0,11.0,28.0,HARD,28.0,HARD,True,harvest_rich,False
2,Shanghai,Chinese Grand Prix,28,S1,GAS,Alpine,OCO,Haas F1 Team,0.457,335.0,323.0,12.0,18.0,HARD,28.0,HARD,True,harvest_rich,False
2,Shanghai,Chinese Grand Prix,28,S2,RUS,Mercedes,LEC,Ferrari,0.658,329.0,302.0,27.0,18.0,HARD,18.0,HARD,True,harvest_rich,False
2,Shanghai,Chinese Grand Prix,28,S2,OCO,Haas F1 Team,COL,Alpine,0.449,323.0,312.0,11.0,28.0,HARD,28.0,HARD,True,harvest_rich,True
2,Shanghai,Chinese Grand Prix,28,S2,GAS,Alpine,OCO,Haas F1 Team,0.512,335.0,323.0,12.0,18.0,HARD,28.0,HARD,True,harvest_rich,False
2,Shanghai,Chinese Grand Prix,28,S3,RUS,Mercedes,LEC,Ferrari,0.432,329.0,302.0,27.0,18.0,HARD,18.0,HARD,True,harvest_rich,False
2,Shanghai,Chinese Grand Prix,28,S3,HAM,Ferrari,RUS,Mercedes,0.83,318.0,329.0,-11.0,18.0,HARD,18.0,HARD,True,harvest_rich,False
2,Shanghai,Chinese Grand Prix,28,S3,GAS,Alpine,OCO,Haas F1 Team,0.078,335.0,323.0,12.0,18.0,HARD,28.0,HARD,True,harvest_rich,True
2,Shanghai,Chinese Grand Prix,28,S3,COL,Alpine,GAS,Alpine,0.156,312.0,335.0,-23.0,28.0,HARD,18.0,HARD,True,harvest_rich,False
2,Shanghai,Chinese Grand Prix,29,S1,RUS,Mercedes,LEC,Ferrari,0.529,326.0,300.0,26.0,19.0,HARD,19.0,HARD,True,harvest_rich,False
2,Shanghai,Chinese Grand Prix,29,S1,HAM,Ferrari,RUS,Mercedes,0.941,315.0,326.0,-11.0,19.0,HARD,19.0,HARD,True,harvest_rich,False
2,Shanghai,Chinese Grand Prix,29,S1,COL,Alpine,GAS,Alpine,0.72,320.0,312.0,8.0,29.0,HARD,19.0,HARD,True,harvest_rich,False
2,Shanghai,Chinese Grand Prix,29,S1,OCO,Haas F1 Team,COL,Alpine,0.403,320.0,320.0,0.0,29.0,HARD,29.0,HARD,True,harvest_rich,False
2,Shanghai,Chinese Grand Prix,29,S1,HUL,Audi,OCO,Haas F1 Team,0.586,328.0,320.0,8.0,29.0,HARD,29.0,HARD,True,harvest_rich,False
2,Shanghai,Chinese Grand Prix,29,S2,RUS,Mercedes,LEC,Ferrari,0.647,326.0,300.0,26.0,19.0,HARD,19.0,HARD,True,harvest_rich,True
2,Shanghai,Chinese Grand Prix,29,S2,OCO,Haas F1 Team,COL,Alpine,0.341,320.0,320.0,0.0,29.0,HARD,29.0,HARD,True,harvest_rich,False
2,Shanghai,Chinese Grand Prix,29,S2,HUL,Audi,OCO,Haas F1 Team,0.822,328.0,320.0,8.0,29.0,HARD,29.0,HARD,True,harvest_rich,True
2,Shanghai,Chinese Grand Prix,29,S3,LEC,Ferrari,RUS,Mercedes,0.517,300.0,326.0,-26.0,19.0,HARD,19.0,HARD,True,harvest_rich,False
2,Shanghai,Chinese Grand Prix,29,S3,HAM,Ferrari,LEC,Ferrari,0.926,315.0,300.0,15.0,19.0,HARD,19.0,HARD,True,harvest_rich,False
2,Shanghai,Chinese Grand Prix,30,S1,LEC,Ferrari,RUS,Mercedes,0.546,317.0,309.0,8.0,20.0,HARD,20.0,HARD,True,harvest_rich,False
2,Shanghai,Chinese Grand Prix,30,S1,HAM,Ferrari,LEC,Ferrari,0.907,322.0,317.0,5.0,20.0,HARD,20.0,HARD,True,harvest_rich,False
2,Shanghai,Chinese Grand Prix,30,S1,ALO,Aston Martin,OCO,Haas F1 Team,0.049,312.0,313.0,-1.0,30.0,HARD,1.0,MEDIUM,True,harvest_rich,False
2,Shanghai,Chinese Grand Prix,30,S2,LEC,Ferrari,RUS,Mercedes,0.796,317.0,309.0,8.0,20.0,HARD,20.0,HARD,True,harvest_rich,False
2,Shanghai,Chinese Grand Prix,30,S2,HAM,Ferrari,LEC,Ferrari,0.845,322.0,317.0,5.0,20.0,HARD,20.0,HARD,True,harvest_rich,False
2,Shanghai,Chinese Grand Prix,30,S2,OCO,Haas F1 Team,PER,Cadillac,0.154,313.0,319.0,-6.0,1.0,MEDIUM,19.0,HARD,True,harvest_rich,True
2,Shanghai,Chinese Grand Prix,30,S3,LEC,Ferrari,RUS,Mercedes,0.876,317.0,309.0,8.0,20.0,HARD,20.0,HARD,True,harvest_rich,False
2,Shanghai,Chinese Grand Prix,30,S3,HAM,Ferrari,LEC,Ferrari,0.814,322.0,317.0,5.0,20.0,HARD,20.0,HARD,True,harvest_rich,False
2,Shanghai,Chinese Grand Prix,30,S3,HUL,Audi,COL,Alpine,0.958,319.0,318.0,1.0,30.0,HARD,30.0,HARD,True,harvest_rich,False
2,Shanghai,Chinese Grand Prix,31,S1,LEC,Ferrari,RUS,Mercedes,0.717,319.0,311.0,8.0,21.0,HARD,21.0,HARD,True,harvest_rich,False
2,Shanghai,Chinese Grand Prix,31,S1,HUL,Audi,COL,Alpine,0.754,327.0,318.0,9.0,31.0,HARD,31.0,HARD,True,harvest_rich,False
2,Shanghai,Chinese Grand Prix,31,S1,OCO,Haas F1 Team,BOT,Cadillac,0.249,297.0,312.0,-15.0,2.0,MEDIUM,21.0,HARD,True,harvest_rich,True
2,Shanghai,Chinese Grand Prix,31,S2,LEC,Ferrari,RUS,Mercedes,0.766,319.0,311.0,8.0,21.0,HARD,21.0,HARD,True,harvest_rich,False
2,Shanghai,Chinese Grand Prix,31,S2,HUL,Audi,COL,Alpine,0.885,327.0,318.0,9.0,31.0,HARD,31.0,HARD,True,harvest_rich,False
2,Shanghai,Chinese Grand Prix,31,S3,HAM,Ferrari,LEC,Ferrari,0.901,317.0,319.0,-2.0,21.0,HARD,21.0,HARD,True,harvest_rich,False
2,Shanghai,Chinese Grand Prix,31,S3,HUL,Audi,COL,Alpine,0.918,327.0,318.0,9.0,31.0,HARD,31.0,HARD,True,harvest_rich,False
2,Shanghai,Chinese Grand Prix,32,S1,HAM,Ferrari,LEC,Ferrari,0.577,323.0,318.0,5.0,22.0,HARD,22.0,HARD,True,harvest_rich,False
2,Shanghai,Chinese Grand Prix,32,S1,HUL,Audi,COL,Alpine,0.995,313.0,321.0,-8.0,32.0,HARD,32.0,HARD,True,harvest_rich,False
2,Shanghai,Chinese Grand Prix,32,S2,HAM,Ferrari,LEC,Ferrari,0.712,323.0,318.0,5.0,22.0,HARD,22.0,HARD,True,harvest_rich,False
2,Shanghai,Chinese Grand Prix,32,S3,HAM,Ferrari,LEC,Ferrari,0.906,323.0,318.0,5.0,22.0,HARD,22.0,HARD,True,harvest_rich,False
2,Shanghai,Chinese Grand Prix,32,S3,COL,Alpine,HAD,Red Bull Racing,0.589,321.0,323.0,-2.0,32.0,HARD,22.0,HARD,True,harvest_rich,False
2,Shanghai,Chinese Grand Prix,33,S1,BOT,Cadillac,COL,Alpine,0.139,310.0,329.0,-19.0,23.0,HARD,1.0,MEDIUM,True,harvest_rich,False
2,Shanghai,Chinese Grand Prix,33,S2,BOT,Cadillac,COL,Alpine,0.83,310.0,329.0,-19.0,23.0,HARD,1.0,MEDIUM,True,harvest_rich,False
2,Shanghai,Chinese Grand Prix,33,S3,HAM,Ferrari,LEC,Ferrari,0.852,323.0,307.0,16.0,23.0,HARD,23.0,HARD,True,harvest_rich,False
2,Shanghai,Chinese Grand Prix,33,S3,LAW,Racing Bulls,HUL,Audi,0.846,319.0,305.0,14.0,24.0,HARD,33.0,HARD,True,harvest_rich,False
2,Shanghai,Chinese Grand Prix,33,S3,BOT,Cadillac,COL,Alpine,0.827,310.0,329.0,-19.0,23.0,HARD,1.0,MEDIUM,True,harvest_rich,False
2,Shanghai,Chinese Grand Prix,34,S1,HAM,Ferrari,LEC,Ferrari,0.964,316.0,305.0,11.0,24.0,HARD,24.0,HARD,True,harvest_rich,False
2,Shanghai,Chinese Grand Prix,34,S1,LAW,Racing Bulls,HUL,Audi,0.643,319.0,303.0,16.0,25.0,HARD,34.0,HARD,True,harvest_rich,False
2,Shanghai,Chinese Grand Prix,34,S1,OCO,Haas F1 Team,PER,Cadillac,0.908,325.0,314.0,11.0,5.0,MEDIUM,23.0,HARD,True,harvest_rich,False
2,Shanghai,Chinese Grand Prix,34,S2,LAW,Racing Bulls,HUL,Audi,0.965,319.0,303.0,16.0,25.0,HARD,34.0,HARD,True,harvest_rich,False
2,Shanghai,Chinese Grand Prix,34,S2,OCO,Haas F1 Team,PER,Cadillac,0.373,325.0,314.0,11.0,5.0,MEDIUM,23.0,HARD,True,harvest_rich,True
2,Shanghai,Chinese Grand Prix,34,S3,HAM,Ferrari,LEC,Ferrari,0.875,316.0,305.0,11.0,24.0,HARD,24.0,HARD,True,harvest_rich,False
2,Shanghai,Chinese Grand Prix,34,S3,LAW,Racing Bulls,HUL,Audi,0.643,319.0,303.0,16.0,25.0,HARD,34.0,HARD,True,harvest_rich,False
2,Shanghai,Chinese Grand Prix,34,S3,PER,Cadillac,OCO,Haas F1 Team,0.454,314.0,325.0,-11.0,23.0,HARD,5.0,MEDIUM,True,harvest_rich,False
2,Shanghai,Chinese Grand Prix,35,S1,LAW,Racing Bulls,HUL,Audi,0.529,330.0,318.0,12.0,26.0,HARD,35.0,HARD,True,harvest_rich,False
2,Shanghai,Chinese Grand Prix,35,S2,LAW,Racing Bulls,HUL,Audi,0.52,330.0,318.0,12.0,26.0,HARD,35.0,HARD,True,harvest_rich,True
2,Shanghai,Chinese Grand Prix,35,S2,HAD,Red Bull Racing,LAW,Racing Bulls,0.985,320.0,330.0,-10.0,25.0,HARD,26.0,HARD,True,harvest_rich,False
2,Shanghai,Chinese Grand Prix,35,S3,LEC,Ferrari,HAM,Ferrari,0.299,303.0,316.0,-13.0,25.0,HARD,25.0,HARD,True,harvest_rich,False
2,Shanghai,Chinese Grand Prix,35,S3,OCO,Haas F1 Team,BOT,Cadillac,0.529,317.0,305.0,12.0,6.0,MEDIUM,25.0,HARD,True,harvest_rich,False
2,Shanghai,Chinese Grand Prix,36,S1,LEC,Ferrari,HAM,Ferrari,0.416,327.0,302.0,25.0,26.0,HARD,26.0,HARD,True,harvest_rich,False
2,Shanghai,Chinese Grand Prix,36,S1,OCO,Haas F1 Team,BOT,Cadillac,0.175,300.0,315.0,-15.0,7.0,MEDIUM,26.0,HARD,True,harvest_rich,True
2,Shanghai,Chinese Grand Prix,36,S2,LEC,Ferrari,HAM,Ferrari,0.695,327.0,302.0,25.0,26.0,HARD,26.0,HARD,True,harvest_rich,False
2,Shanghai,Chinese Grand Prix,36,S3,LEC,Ferrari,HAM,Ferrari,0.545,327.0,302.0,25.0,26.0,HARD,26.0,HARD,True,harvest_rich,False
2,Shanghai,Chinese Grand Prix,36,S3,HAD,Red Bull Racing,LAW,Racing Bulls,0.845,322.0,309.0,13.0,26.0,HARD,27.0,HARD,True,harvest_rich,False
2,Shanghai,Chinese Grand Prix,37,S1,LEC,Ferrari,HAM,Ferrari,0.874,310.0,300.0,10.0,27.0,HARD,27.0,HARD,True,harvest_rich,False
2,Shanghai,Chinese Grand Prix,37,S1,HAD,Red Bull Racing,LAW,Racing Bulls,0.683,331.0,312.0,19.0,27.0,HARD,28.0,HARD,True,harvest_rich,False
2,Shanghai,Chinese Grand Prix,37,S2,LEC,Ferrari,HAM,Ferrari,0.952,310.0,300.0,10.0,27.0,HARD,27.0,HARD,True,harvest_rich,False
2,Shanghai,Chinese Grand Prix,37,S2,HAD,Red Bull Racing,LAW,Racing Bulls,0.975,331.0,312.0,19.0,27.0,HARD,28.0,HARD,True,harvest_rich,False
2,Shanghai,Chinese Grand Prix,37,S3,LEC,Ferrari,HAM,Ferrari,0.663,310.0,300.0,10.0,27.0,HARD,27.0,HARD,True,harvest_rich,False
2,Shanghai,Chinese Grand Prix,37,S3,HAD,Red Bull Racing,LAW,Racing Bulls,0.715,331.0,312.0,19.0,27.0,HARD,28.0,HARD,True,harvest_rich,False
2,Shanghai,Chinese Grand Prix,38,S1,LEC,Ferrari,HAM,Ferrari,0.486,316.0,300.0,16.0,28.0,HARD,28.0,HARD,True,harvest_rich,False
2,Shanghai,Chinese Grand Prix,38,S1,HAD,Red Bull Racing,LAW,Racing Bulls,0.722,322.0,310.0,12.0,28.0,HARD,29.0,HARD,True,harvest_rich,False
2,Shanghai,Chinese Grand Prix,38,S1,HUL,Audi,PER,Cadillac,0.151,340.0,310.0,30.0,3.0,MEDIUM,27.0,HARD,True,harvest_rich,True
2,Shanghai,Chinese Grand Prix,38,S2,LEC,Ferrari,HAM,Ferrari,0.827,316.0,300.0,16.0,28.0,HARD,28.0,HARD,True,harvest_rich,False
2,Shanghai,Chinese Grand Prix,38,S2,HUL,Audi,BOT,Cadillac,0.925,340.0,310.0,30.0,3.0,MEDIUM,28.0,HARD,True,harvest_rich,True
2,Shanghai,Chinese Grand Prix,38,S3,LEC,Ferrari,HAM,Ferrari,0.546,316.0,300.0,16.0,28.0,HARD,28.0,HARD,True,harvest_rich,False
2,Shanghai,Chinese Grand Prix,38,S3,HAD,Red Bull Racing,LAW,Racing Bulls,0.726,322.0,310.0,12.0,28.0,HARD,29.0,HARD,True,harvest_rich,False
2,Shanghai,Chinese Grand Prix,38,S3,BOT,Cadillac,HUL,Audi,0.813,310.0,340.0,-30.0,28.0,HARD,3.0,MEDIUM,True,harvest_rich,False
2,Shanghai,Chinese Grand Prix,39,S1,LEC,Ferrari,HAM,Ferrari,0.358,329.0,302.0,27.0,29.0,HARD,29.0,HARD,True,harvest_rich,False
2,Shanghai,Chinese Grand Prix,39,S1,HAD,Red Bull Racing,LAW,Racing Bulls,0.854,323.0,310.0,13.0,29.0,HARD,30.0,HARD,True,harvest_rich,False
2,Shanghai,Chinese Grand Prix,39,S2,LEC,Ferrari,HAM,Ferrari,0.538,329.0,302.0,27.0,29.0,HARD,29.0,HARD,True,harvest_rich,True
2,Shanghai,Chinese Grand Prix,39,S3,HAM,Ferrari,LEC,Ferrari,0.553,302.0,329.0,-27.0,29.0,HARD,29.0,HARD,True,harvest_rich,True
2,Shanghai,Chinese Grand Prix,39,S3,HAD,Red Bull Racing,LAW,Racing Bulls,0.616,323.0,310.0,13.0,29.0,HARD,30.0,HARD,True,harvest_rich,False
2,Shanghai,Chinese Grand Prix,40,S1,LEC,Ferrari,HAM,Ferrari,0.082,308.0,305.0,3.0,30.0,HARD,30.0,HARD,True,harvest_rich,False
2,Shanghai,Chinese Grand Prix,40,S1,HAD,Red Bull Racing,LAW,Racing Bulls,0.68,328.0,311.0,17.0,30.0,HARD,31.0,HARD,True,harvest_rich,False
2,Shanghai,Chinese Grand Prix,40,S1,PER,Cadillac,BOT,Cadillac,0.242,324.0,306.0,18.0,29.0,HARD,30.0,HARD,True,harvest_rich,False
2,Shanghai,Chinese Grand Prix,40,S2,LEC,Ferrari,HAM,Ferrari,0.479,308.0,305.0,3.0,30.0,HARD,30.0,HARD,True,harvest_rich,False
2,Shanghai,Chinese Grand Prix,40,S2,HAD,Red Bull Racing,LAW,Racing Bulls,0.947,328.0,311.0,17.0,30.0,HARD,31.0,HARD,True,harvest_rich,False
2,Shanghai,Chinese Grand Prix,40,S2,PER,Cadillac,BOT,Cadillac,0.748,324.0,306.0,18.0,29.0,HARD,30.0,HARD,True,harvest_rich,False
2,Shanghai,Chinese Grand Prix,40,S3,LEC,Ferrari,HAM,Ferrari,0.751,308.0,305.0,3.0,30.0,HARD,30.0,HARD,True,harvest_rich,False
2,Shanghai,Chinese Grand Prix,40,S3,HAD,Red Bull Racing,LAW,Racing Bulls,0.741,328.0,311.0,17.0,30.0,HARD,31.0,HARD,True,harvest_rich,False
2,Shanghai,Chinese Grand Prix,40,S3,PER,Cadillac,BOT,Cadillac,0.553,324.0,306.0,18.0,29.0,HARD,30.0,HARD,True,harvest_rich,False
2,Shanghai,Chinese Grand Prix,41,S1,LEC,Ferrari,HAM,Ferrari,0.565,311.0,302.0,9.0,31.0,HARD,31.0,HARD,True,harvest_rich,False
2,Shanghai,Chinese Grand Prix,41,S1,HAD,Red Bull Racing,LAW,Racing Bulls,0.808,316.0,305.0,11.0,31.0,HARD,32.0,HARD,True,harvest_rich,False
2,Shanghai,Chinese Grand Prix,41,S1,PER,Cadillac,BOT,Cadillac,0.658,320.0,292.0,28.0,30.0,HARD,31.0,HARD,True,harvest_rich,False
2,Shanghai,Chinese Grand Prix,41,S2,LEC,Ferrari,HAM,Ferrari,0.877,311.0,302.0,9.0,31.0,HARD,31.0,HARD,True,harvest_rich,False
2,Shanghai,Chinese Grand Prix,41,S3,HUL,Audi,OCO,Haas F1 Team,0.988,308.0,297.0,11.0,6.0,MEDIUM,12.0,MEDIUM,True,harvest_rich,False
2,Shanghai,Chinese Grand Prix,42,S1,HAD,Red Bull Racing,LAW,Racing Bulls,0.997,319.0,305.0,14.0,32.0,HARD,33.0,HARD,True,harvest_rich,False
2,Shanghai,Chinese Grand Prix,42,S1,HUL,Audi,OCO,Haas F1 Team,0.558,251.0,301.0,-50.0,7.0,MEDIUM,13.0,MEDIUM,True,harvest_rich,False
2,Shanghai,Chinese Grand Prix,42,S2,HUL,Audi,OCO,Haas F1 Team,0.619,251.0,301.0,-50.0,7.0,MEDIUM,13.0,MEDIUM,True,harvest_rich,False
2,Shanghai,Chinese Grand Prix,42,S3,HAD,Red Bull Racing,LAW,Racing Bulls,0.845,319.0,305.0,14.0,32.0,HARD,33.0,HARD,True,harvest_rich,False
2,Shanghai,Chinese Grand Prix,43,S1,HAD,Red Bull Racing,LAW,Racing Bulls,0.946,318.0,305.0,13.0,33.0,HARD,34.0,HARD,True,harvest_rich,False
2,Shanghai,Chinese Grand Prix,43,S1,HUL,Audi,OCO,Haas F1 Team,0.131,304.0,306.0,-2.0,8.0,MEDIUM,14.0,MEDIUM,True,harvest_rich,True
2,Shanghai,Chinese Grand Prix,43,S1,LIN,Racing Bulls,BOT,Cadillac,0.945,331.0,302.0,29.0,1.0,MEDIUM,33.0,HARD,True,harvest_rich,False
2,Shanghai,Chinese Grand Prix,43,S1,PER,Cadillac,LIN,Racing Bulls,0.404,301.0,331.0,-30.0,32.0,HARD,1.0,MEDIUM,True,harvest_rich,False
2,Shanghai,Chinese Grand Prix,43,S2,OCO,Haas F1 Team,HUL,Audi,0.804,306.0,304.0,2.0,14.0,MEDIUM,8.0,MEDIUM,True,harvest_rich,False
2,Shanghai,Chinese Grand Prix,43,S2,LIN,Racing Bulls,BOT,Cadillac,0.646,331.0,302.0,29.0,1.0,MEDIUM,33.0,HARD,True,harvest_rich,True
2,Shanghai,Chinese Grand Prix,43,S3,HAD,Red Bull Racing,LAW,Racing Bulls,0.931,318.0,305.0,13.0,33.0,HARD,34.0,HARD,True,harvest_rich,False
2,Shanghai,Chinese Grand Prix,43,S3,BOT,Cadillac,LIN,Racing Bulls,0.979,302.0,331.0,-29.0,33.0,HARD,1.0,MEDIUM,True,harvest_rich,False
2,Shanghai,Chinese Grand Prix,44,S3,HAD,Red Bull Racing,LAW,Racing Bulls,0.936,320.0,308.0,12.0,34.0,HARD,35.0,HARD,True,harvest_rich,False
2,Shanghai,Chinese Grand Prix,46,S3,HAD,Red Bull Racing,LAW,Racing Bulls,0.947,320.0,307.0,13.0,36.0,HARD,37.0,HARD,True,harvest_rich,False
2,Shanghai,Chinese Grand Prix,46,S3,OCO,Haas F1 Team,LIN,Racing Bulls,0.702,302.0,311.0,-9.0,17.0,MEDIUM,4.0,MEDIUM,True,harvest_rich,False
2,Shanghai,Chinese Grand Prix,52,S1,COL,Alpine,SAI,Williams,0.876,321.0,314.0,7.0,20.0,MEDIUM,43.0,HARD,True,harvest_rich,False
2,Shanghai,Chinese Grand Prix,52,S1,OCO,Haas F1 Team,PER,Cadillac,0.872,305.0,307.0,-2.0,6.0,SOFT,41.0,HARD,True,harvest_rich,False
2,Shanghai,Chinese Grand Prix,52,S2,COL,Alpine,SAI,Williams,0.931,321.0,314.0,7.0,20.0,MEDIUM,43.0,HARD,True,harvest_rich,False
2,Shanghai,Chinese Grand Prix,52,S2,OCO,Haas F1 Team,PER,Cadillac,0.376,305.0,307.0,-2.0,6.0,SOFT,41.0,HARD,True,harvest_rich,True
2,Shanghai,Chinese Grand Prix,52,S3,COL,Alpine,SAI,Williams,0.836,321.0,314.0,7.0,20.0,MEDIUM,43.0,HARD,True,harvest_rich,False
2,Shanghai,Chinese Grand Prix,52,S3,PER,Cadillac,OCO,Haas F1 Team,0.311,307.0,305.0,2.0,41.0,HARD,6.0,SOFT,True,harvest_rich,False
2,Shanghai,Chinese Grand Prix,53,S1,COL,Alpine,SAI,Williams,0.678,309.0,316.0,-7.0,21.0,MEDIUM,44.0,HARD,True,harvest_rich,False
2,Shanghai,Chinese Grand Prix,53,S2,COL,Alpine,SAI,Williams,0.813,309.0,316.0,-7.0,21.0,MEDIUM,44.0,HARD,True,harvest_rich,False
2,Shanghai,Chinese Grand Prix,53,S3,COL,Alpine,SAI,Williams,0.358,309.0,316.0,-7.0,21.0,MEDIUM,44.0,HARD,True,harvest_rich,False
2,Shanghai,Chinese Grand Prix,54,S1,COL,Alpine,SAI,Williams,0.661,323.0,319.0,4.0,22.0,MEDIUM,45.0,HARD,True,harvest_rich,False
2,Shanghai,Chinese Grand Prix,54,S2,COL,Alpine,SAI,Williams,0.828,323.0,319.0,4.0,22.0,MEDIUM,45.0,HARD,True,harvest_rich,False
2,Shanghai,Chinese Grand Prix,54,S3,COL,Alpine,SAI,Williams,0.789,323.0,319.0,4.0,22.0,MEDIUM,45.0,HARD,True,harvest_rich,False
2,Shanghai,Chinese Grand Prix,55,S1,COL,Alpine,SAI,Williams,0.544,338.0,326.0,12.0,23.0,MEDIUM,46.0,HARD,True,harvest_rich,False
2,Shanghai,Chinese Grand Prix,55,S2,COL,Alpine,SAI,Williams,0.824,338.0,326.0,12.0,23.0,MEDIUM,46.0,HARD,True,harvest_rich,False
2,Shanghai,Chinese Grand Prix,55,S3,COL,Alpine,SAI,Williams,0.798,338.0,326.0,12.0,23.0,MEDIUM,46.0,HARD,True,harvest_rich,False
3,Suzuka,Japanese Grand Prix,1,S2,LEC,Ferrari,PIA,McLaren,0.804,283.0,279.0,4.0,1.0,MEDIUM,1.0,MEDIUM,True,harvest_rich,False
3,Suzuka,Japanese Grand Prix,1,S2,RUS,Mercedes,NOR,McLaren,0.737,291.0,283.0,8.0,1.0,MEDIUM,1.0,MEDIUM,True,harvest_rich,False
3,Suzuka,Japanese Grand Prix,1,S2,HAM,Ferrari,RUS,Mercedes,0.339,289.0,291.0,-2.0,1.0,MEDIUM,1.0,MEDIUM,True,harvest_rich,False
3,Suzuka,Japanese Grand Prix,1,S2,ANT,Mercedes,HAM,Ferrari,0.684,293.0,289.0,4.0,1.0,MEDIUM,1.0,MEDIUM,True,harvest_rich,False
3,Suzuka,Japanese Grand Prix,1,S2,GAS,Alpine,ANT,Mercedes,0.526,291.0,293.0,-2.0,1.0,MEDIUM,1.0,MEDIUM,True,harvest_rich,False
3,Suzuka,Japanese Grand Prix,1,S2,HAD,Red Bull Racing,GAS,Alpine,0.624,289.0,291.0,-2.0,1.0,MEDIUM,1.0,MEDIUM,True,harvest_rich,False
3,Suzuka,Japanese Grand Prix,1,S2,LIN,Racing Bulls,HAD,Red Bull Racing,0.734,296.0,289.0,7.0,1.0,MEDIUM,1.0,MEDIUM,True,harvest_rich,False
3,Suzuka,Japanese Grand Prix,1,S2,VER,Red Bull Racing,LIN,Racing Bulls,0.414,289.0,296.0,-7.0,1.0,MEDIUM,1.0,MEDIUM,True,harvest_rich,False
3,Suzuka,Japanese Grand Prix,1,S2,OCO,Haas F1 Team,VER,Red Bull Racing,0.367,291.0,289.0,2.0,1.0,MEDIUM,1.0,MEDIUM,True,harvest_rich,False
3,Suzuka,Japanese Grand Prix,1,S2,LAW,Racing Bulls,OCO,Haas F1 Team,0.816,294.0,291.0,3.0,1.0,MEDIUM,1.0,MEDIUM,True,harvest_rich,False
3,Suzuka,Japanese Grand Prix,1,S2,BOR,Audi,LAW,Racing Bulls,0.348,295.0,294.0,1.0,1.0,MEDIUM,1.0,MEDIUM,True,harvest_rich,False
3,Suzuka,Japanese Grand Prix,1,S2,COL,Alpine,BOR,Audi,0.253,298.0,295.0,3.0,1.0,MEDIUM,1.0,MEDIUM,True,harvest_rich,False
3,Suzuka,Japanese Grand Prix,1,S2,SAI,Williams,COL,Alpine,0.588,298.0,298.0,0.0,1.0,MEDIUM,1.0,MEDIUM,True,harvest_rich,False
3,Suzuka,Japanese Grand Prix,1,S2,BEA,Haas F1 Team,SAI,Williams,0.741,285.0,298.0,-13.0,1.0,MEDIUM,1.0,MEDIUM,True,harvest_rich,False
3,Suzuka,Japanese Grand Prix,1,S2,ALB,Williams,BEA,Haas F1 Team,0.476,287.0,285.0,2.0,1.0,MEDIUM,1.0,MEDIUM,True,harvest_rich,False
3,Suzuka,Japanese Grand Prix,1,S2,PER,Cadillac,ALB,Williams,0.55,288.0,287.0,1.0,1.0,MEDIUM,1.0,MEDIUM,True,harvest_rich,False
3,Suzuka,Japanese Grand Prix,1,S2,HUL,Audi,PER,Cadillac,0.077,284.0,288.0,-4.0,1.0,MEDIUM,1.0,MEDIUM,True,harvest_rich,False
3,Suzuka,Japanese Grand Prix,1,S2,BOT,Cadillac,ALO,Aston Martin,0.766,278.0,282.0,-4.0,1.0,HARD,1.0,MEDIUM,True,harvest_rich,False
3,Suzuka,Japanese Grand Prix,1,S2,STR,Aston Martin,BOT,Cadillac,0.081,278.0,278.0,0.0,1.0,MEDIUM,1.0,HARD,True,harvest_rich,False
3,Suzuka,Japanese Grand Prix,1,S3,NOR,McLaren,LEC,Ferrari,0.786,283.0,283.0,0.0,1.0,MEDIUM,1.0,MEDIUM,True,harvest_rich,False
3,Suzuka,Japanese Grand Prix,1,S3,RUS,Mercedes,NOR,McLaren,0.631,291.0,283.0,8.0,1.0,MEDIUM,1.0,MEDIUM,True,harvest_rich,False
3,Suzuka,Japanese Grand Prix,1,S3,HAM,Ferrari,RUS,Mercedes,0.593,289.0,291.0,-2.0,1.0,MEDIUM,1.0,MEDIUM,True,harvest_rich,False
3,Suzuka,Japanese Grand Prix,1,S3,ANT,Mercedes,HAM,Ferrari,0.352,293.0,289.0,4.0,1.0,MEDIUM,1.0,MEDIUM,True,harvest_rich,True
3,Suzuka,Japanese Grand Prix,1,S3,GAS,Alpine,ANT,Mercedes,0.876,291.0,293.0,-2.0,1.0,MEDIUM,1.0,MEDIUM,True,harvest_rich,False
3,Suzuka,Japanese Grand Prix,1,S3,HAD,Red Bull Racing,GAS,Alpine,0.635,289.0,291.0,-2.0,1.0,MEDIUM,1.0,MEDIUM,True,harvest_rich,False
3,Suzuka,Japanese Grand Prix,1,S3,LIN,Racing Bulls,HAD,Red Bull Racing,0.468,296.0,289.0,7.0,1.0,MEDIUM,1.0,MEDIUM,True,harvest_rich,True
3,Suzuka,Japanese Grand Prix,1,S3,VER,Red Bull Racing,LIN,Racing Bulls,0.474,289.0,296.0,-7.0,1.0,MEDIUM,1.0,MEDIUM,True,harvest_rich,False
3,Suzuka,Japanese Grand Prix,1,S3,OCO,Haas F1 Team,VER,Red Bull Racing,0.782,291.0,289.0,2.0,1.0,MEDIUM,1.0,MEDIUM,True,harvest_rich,False
3,Suzuka,Japanese Grand Prix,1,S3,LAW,Racing Bulls,OCO,Haas F1 Team,0.446,294.0,291.0,3.0,1.0,MEDIUM,1.0,MEDIUM,True,harvest_rich,False
3,Suzuka,Japanese Grand Prix,1,S3,BOR,Audi,LAW,Racing Bulls,0.558,295.0,294.0,1.0,1.0,MEDIUM,1.0,MEDIUM,True,harvest_rich,False
3,Suzuka,Japanese Grand Prix,1,S3,COL,Alpine,BOR,Audi,0.092,298.0,295.0,3.0,1.0,MEDIUM,1.0,MEDIUM,True,harvest_rich,False
3,Suzuka,Japanese Grand Prix,1,S3,SAI,Williams,COL,Alpine,0.88,298.0,298.0,0.0,1.0,MEDIUM,1.0,MEDIUM,True,harvest_rich,False
3,Suzuka,Japanese Grand Prix,1,S3,BEA,Haas F1 Team,SAI,Williams,0.472,285.0,298.0,-13.0,1.0,MEDIUM,1.0,MEDIUM,True,harvest_rich,True
3,Suzuka,Japanese Grand Prix,1,S3,ALB,Williams,BEA,Haas F1 Team,0.79,287.0,285.0,2.0,1.0,MEDIUM,1.0,MEDIUM,True,harvest_rich,False
3,Suzuka,Japanese Grand Prix,1,S3,PER,Cadillac,ALB,Williams,0.508,288.0,287.0,1.0,1.0,MEDIUM,1.0,MEDIUM,True,harvest_rich,False
3,Suzuka,Japanese Grand Prix,1,S3,HUL,Audi,PER,Cadillac,0.368,284.0,288.0,-4.0,1.0,MEDIUM,1.0,MEDIUM,True,harvest_rich,False
3,Suzuka,Japanese Grand Prix,1,S3,ALO,Aston Martin,HUL,Audi,0.96,282.0,284.0,-2.0,1.0,MEDIUM,1.0,MEDIUM,True,harvest_rich,False
3,Suzuka,Japanese Grand Prix,1,S3,BOT,Cadillac,ALO,Aston Martin,0.567,278.0,282.0,-4.0,1.0,HARD,1.0,MEDIUM,True,harvest_rich,False
3,Suzuka,Japanese Grand Prix,1,S3,STR,Aston Martin,BOT,Cadillac,0.603,278.0,278.0,0.0,1.0,MEDIUM,1.0,HARD,True,harvest_rich,True
3,Suzuka,Japanese Grand Prix,2,S1,NOR,McLaren,LEC,Ferrari,0.732,294.0,285.0,9.0,2.0,MEDIUM,2.0,MEDIUM,True,harvest_rich,False
3,Suzuka,Japanese Grand Prix,2,S1,RUS,Mercedes,NOR,McLaren,0.561,291.0,294.0,-3.0,2.0,MEDIUM,2.0,MEDIUM,True,harvest_rich,False
3,Suzuka,Japanese Grand Prix,2,S1,ANT,Mercedes,RUS,Mercedes,0.579,291.0,291.0,0.0,2.0,MEDIUM,2.0,MEDIUM,True,harvest_rich,False
3,Suzuka,Japanese Grand Prix,2,S1,HAM,Ferrari,ANT,Mercedes,0.624,294.0,291.0,3.0,2.0,MEDIUM,2.0,MEDIUM,True,harvest_rich,False
3,Suzuka,Japanese Grand Prix,2,S1,GAS,Alpine,HAM,Ferrari,0.763,288.0,294.0,-6.0,2.0,MEDIUM,2.0,MEDIUM,True,harvest_rich,False
3,Suzuka,Japanese Grand Prix,2,S1,HAD,Red Bull Racing,LIN,Racing Bulls,0.421,302.0,287.0,15.0,2.0,MEDIUM,2.0,MEDIUM,True,harvest_rich,False
3,Suzuka,Japanese Grand Prix,2,S1,VER,Red Bull Racing,HAD,Red Bull Racing,0.384,287.0,302.0,-15.0,2.0,MEDIUM,2.0,MEDIUM,True,harvest_rich,True
3,Suzuka,Japanese Grand Prix,2,S1,OCO,Haas F1 Team,VER,Red Bull Racing,0.555,282.0,287.0,-5.0,2.0,MEDIUM,2.0,MEDIUM,True,harvest_rich,False
3,Suzuka,Japanese Grand Prix,2,S1,LAW,Racing Bulls,OCO,Haas F1 Team,0.906,289.0,282.0,7.0,2.0,MEDIUM,2.0,MEDIUM,True,harvest_rich,False
3,Suzuka,Japanese Grand Prix,2,S1,BOR,Audi,LAW,Racing Bulls,0.239,280.0,289.0,-9.0,2.0,MEDIUM,2.0,MEDIUM,True,harvest_rich,True
3,Suzuka,Japanese Grand Prix,2,S1,COL,Alpine,BOR,Audi,0.487,301.0,280.0,21.0,2.0,MEDIUM,2.0,MEDIUM,True,harvest_rich,False
3,Suzuka,Japanese Grand Prix,2,S1,BEA,Haas F1 Team,COL,Alpine,0.807,296.0,301.0,-5.0,2.0,MEDIUM,2.0,MEDIUM,True,harvest_rich,False
3,Suzuka,Japanese Grand Prix,2,S1,SAI,Williams,BEA,Haas F1 Team,0.788,293.0,296.0,-3.0,2.0,MEDIUM,2.0,MEDIUM,True,harvest_rich,False
3,Suzuka,Japanese Grand Prix,2,S1,ALB,Williams,SAI,Williams,0.964,291.0,293.0,-2.0,2.0,MEDIUM,2.0,MEDIUM,True,harvest_rich,False
3,Suzuka,Japanese Grand Prix,2,S1,PER,Cadillac,ALB,Williams,0.634,293.0,291.0,2.0,2.0,MEDIUM,2.0,MEDIUM,True,harvest_rich,False
3,Suzuka,Japanese Grand Prix,2,S1,HUL,Audi,PER,Cadillac,0.402,290.0,293.0,-3.0,2.0,MEDIUM,2.0,MEDIUM,True,harvest_rich,False
3,Suzuka,Japanese Grand Prix,2,S1,ALO,Aston Martin,HUL,Audi,0.818,279.0,290.0,-11.0,2.0,MEDIUM,2.0,MEDIUM,True,harvest_rich,False
3,Suzuka,Japanese Grand Prix,2,S1,STR,Aston Martin,ALO,Aston Martin,0.594,279.0,279.0,0.0,2.0,MEDIUM,2.0,MEDIUM,True,harvest_rich,False
3,Suzuka,Japanese Grand Prix,2,S1,BOT,Cadillac,STR,Aston Martin,0.809,283.0,279.0,4.0,2.0,HARD,2.0,MEDIUM,True,harvest_rich,False
3,Suzuka,Japanese Grand Prix,2,S2,NOR,McLaren,LEC,Ferrari,0.797,294.0,285.0,9.0,2.0,MEDIUM,2.0,MEDIUM,True,harvest_rich,False
3,Suzuka,Japanese Grand Prix,2,S2,RUS,Mercedes,NOR,McLaren,0.529,291.0,294.0,-3.0,2.0,MEDIUM,2.0,MEDIUM,True,harvest_rich,False
3,Suzuka,Japanese Grand Prix,2,S2,ANT,Mercedes,RUS,Mercedes,0.693,291.0,291.0,0.0,2.0,MEDIUM,2.0,MEDIUM,True,harvest_rich,False
3,Suzuka,Japanese Grand Prix,2,S2,HAM,Ferrari,ANT,Mercedes,0.582,294.0,291.0,3.0,2.0,MEDIUM,2.0,MEDIUM,True,harvest_rich,False
3,Suzuka,Japanese Grand Prix,2,S2,VER,Red Bull Racing,LIN,Racing Bulls,0.643,287.0,287.0,0.0,2.0,MEDIUM,2.0,MEDIUM,True,harvest_rich,False
3,Suzuka,Japanese Grand Prix,2,S2,HAD,Red Bull Racing,VER,Red Bull Racing,0.415,302.0,287.0,15.0,2.0,MEDIUM,2.0,MEDIUM,True,harvest_rich,False
3,Suzuka,Japanese Grand Prix,2,S2,OCO,Haas F1 Team,HAD,Red Bull Racing,0.038,282.0,302.0,-20.0,2.0,MEDIUM,2.0,MEDIUM,True,harvest_rich,True
3,Suzuka,Japanese Grand Prix,2,S2,LAW,Racing Bulls,BOR,Audi,0.101,289.0,280.0,9.0,2.0,MEDIUM,2.0,MEDIUM,True,harvest_rich,True
3,Suzuka,Japanese Grand Prix,2,S2,COL,Alpine,LAW,Racing Bulls,0.495,301.0,289.0,12.0,2.0,MEDIUM,2.0,MEDIUM,True,harvest_rich,False
3,Suzuka,Japanese Grand Prix,2,S2,BEA,Haas F1 Team,COL,Alpine,0.564,296.0,301.0,-5.0,2.0,MEDIUM,2.0,MEDIUM,True,harvest_rich,False
3,Suzuka,Japanese Grand Prix,2,S2,ALB,Williams,SAI,Williams,0.876,291.0,293.0,-2.0,2.0,MEDIUM,2.0,MEDIUM,True,harvest_rich,False
3,Suzuka,Japanese Grand Prix,2,S2,PER,Cadillac,ALB,Williams,0.739,293.0,291.0,2.0,2.0,MEDIUM,2.0,MEDIUM,True,harvest_rich,False
3,Suzuka,Japanese Grand Prix,2,S2,HUL,Audi,PER,Cadillac,0.697,290.0,293.0,-3.0,2.0,MEDIUM,2.0,MEDIUM,True,harvest_rich,False
3,Suzuka,Japanese Grand Prix,2,S2,STR,Aston Martin,ALO,Aston Martin,0.966,279.0,279.0,0.0,2.0,MEDIUM,2.0,MEDIUM,True,harvest_rich,False
3,Suzuka,Japanese Grand Prix,2,S2,BOT,Cadillac,STR,Aston Martin,0.446,283.0,279.0,4.0,2.0,HARD,2.0,MEDIUM,True,harvest_rich,False
3,Suzuka,Japanese Grand Prix,2,S3,NOR,McLaren,LEC,Ferrari,0.642,294.0,285.0,9.0,2.0,MEDIUM,2.0,MEDIUM,True,harvest_rich,False
3,Suzuka,Japanese Grand Prix,2,S3,RUS,Mercedes,NOR,McLaren,0.599,291.0,294.0,-3.0,2.0,MEDIUM,2.0,MEDIUM,True,harvest_rich,True
3,Suzuka,Japanese Grand Prix,2,S3,ANT,Mercedes,RUS,Mercedes,0.53,291.0,291.0,0.0,2.0,MEDIUM,2.0,MEDIUM,True,harvest_rich,False
3,Suzuka,Japanese Grand Prix,2,S3,HAM,Ferrari,ANT,Mercedes,0.621,294.0,291.0,3.0,2.0,MEDIUM,2.0,MEDIUM,True,harvest_rich,False
3,Suzuka,Japanese Grand Prix,2,S3,OCO,Haas F1 Team,VER,Red Bull Racing,0.668,282.0,287.0,-5.0,2.0,MEDIUM,2.0,MEDIUM,True,harvest_rich,False
3,Suzuka,Japanese Grand Prix,2,S3,HAD,Red Bull Racing,OCO,Haas F1 Team,0.007,302.0,282.0,20.0,2.0,MEDIUM,2.0,MEDIUM,True,harvest_rich,False
3,Suzuka,Japanese Grand Prix,2,S3,LAW,Racing Bulls,HAD,Red Bull Racing,0.998,289.0,302.0,-13.0,2.0,MEDIUM,2.0,MEDIUM,True,harvest_rich,False
3,Suzuka,Japanese Grand Prix,2,S3,BOR,Audi,LAW,Racing Bulls,0.499,280.0,289.0,-9.0,2.0,MEDIUM,2.0,MEDIUM,True,harvest_rich,False
3,Suzuka,Japanese Grand Prix,2,S3,COL,Alpine,BOR,Audi,0.313,301.0,280.0,21.0,2.0,MEDIUM,2.0,MEDIUM,True,harvest_rich,True
3,Suzuka,Japanese Grand Prix,2,S3,BEA,Haas F1 Team,COL,Alpine,0.399,296.0,301.0,-5.0,2.0,MEDIUM,2.0,MEDIUM,True,harvest_rich,False
3,Suzuka,Japanese Grand Prix,2,S3,SAI,Williams,BEA,Haas F1 Team,0.935,293.0,296.0,-3.0,2.0,MEDIUM,2.0,MEDIUM,True,harvest_rich,False
3,Suzuka,Japanese Grand Prix,2,S3,ALB,Williams,SAI,Williams,0.916,291.0,293.0,-2.0,2.0,MEDIUM,2.0,MEDIUM,True,harvest_rich,False
3,Suzuka,Japanese Grand Prix,2,S3,HUL,Audi,PER,Cadillac,0.502,290.0,293.0,-3.0,2.0,MEDIUM,2.0,MEDIUM,True,harvest_rich,True
3,Suzuka,Japanese Grand Prix,2,S3,STR,Aston Martin,ALO,Aston Martin,0.962,279.0,279.0,0.0,2.0,MEDIUM,2.0,MEDIUM,True,harvest_rich,False
3,Suzuka,Japanese Grand Prix,2,S3,BOT,Cadillac,STR,Aston Martin,0.539,283.0,279.0,4.0,2.0,HARD,2.0,MEDIUM,True,harvest_rich,False
3,Suzuka,Japanese Grand Prix,3,S1,RUS,Mercedes,LEC,Ferrari,0.689,287.0,282.0,5.0,3.0,MEDIUM,3.0,MEDIUM,True,harvest_rich,False
3,Suzuka,Japanese Grand Prix,3,S1,NOR,McLaren,RUS,Mercedes,0.82,286.0,287.0,-1.0,3.0,MEDIUM,3.0,MEDIUM,True,harvest_rich,False
3,Suzuka,Japanese Grand Prix,3,S1,ANT,Mercedes,NOR,McLaren,0.385,294.0,286.0,8.0,3.0,MEDIUM,3.0,MEDIUM,True,harvest_rich,False
3,Suzuka,Japanese Grand Prix,3,S1,HAM,Ferrari,ANT,Mercedes,0.464,296.0,294.0,2.0,3.0,MEDIUM,3.0,MEDIUM,True,harvest_rich,False
3,Suzuka,Japanese Grand Prix,3,S1,HAD,Red Bull Racing,OCO,Haas F1 Team,0.433,287.0,293.0,-6.0,3.0,MEDIUM,3.0,MEDIUM,True,harvest_rich,False
3,Suzuka,Japanese Grand Prix,3,S1,LAW,Racing Bulls,HAD,Red Bull Racing,0.609,292.0,287.0,5.0,3.0,MEDIUM,3.0,MEDIUM,True,harvest_rich,False
3,Suzuka,Japanese Grand Prix,3,S1,COL,Alpine,LAW,Racing Bulls,0.975,291.0,292.0,-1.0,3.0,MEDIUM,3.0,MEDIUM,True,harvest_rich,False
3,Suzuka,Japanese Grand Prix,3,S1,BEA,Haas F1 Team,COL,Alpine,0.425,284.0,291.0,-7.0,3.0,MEDIUM,3.0,MEDIUM,True,harvest_rich,False
3,Suzuka,Japanese Grand Prix,3,S1,BOR,Audi,BEA,Haas F1 Team,0.02,291.0,284.0,7.0,3.0,MEDIUM,3.0,MEDIUM,True,harvest_rich,False
3,Suzuka,Japanese Grand Prix,3,S1,ALB,Williams,SAI,Williams,0.619,304.0,296.0,8.0,3.0,MEDIUM,3.0,MEDIUM,True,harvest_rich,False
3,Suzuka,Japanese Grand Prix,3,S1,PER,Cadillac,HUL,Audi,0.91,294.0,290.0,4.0,3.0,MEDIUM,3.0,MEDIUM,True,harvest_rich,False
3,Suzuka,Japanese Grand Prix,3,S1,STR,Aston Martin,ALO,Aston Martin,0.855,281.0,277.0,4.0,3.0,MEDIUM,3.0,MEDIUM,True,harvest_rich,False
3,Suzuka,Japanese Grand Prix,3,S2,RUS,Mercedes,LEC,Ferrari,0.843,287.0,282.0,5.0,3.0,MEDIUM,3.0,MEDIUM,True,harvest_rich,False
3,Suzuka,Japanese Grand Prix,3,S2,NOR,McLaren,RUS,Mercedes,0.967,286.0,287.0,-1.0,3.0,MEDIUM,3.0,MEDIUM,True,harvest_rich,False
3,Suzuka,Japanese Grand Prix,3,S2,ANT,Mercedes,NOR,McLaren,0.386,294.0,286.0,8.0,3.0,MEDIUM,3.0,MEDIUM,True,harvest_rich,False
3,Suzuka,Japanese Grand Prix,3,S2,HAM,Ferrari,ANT,Mercedes,0.62,296.0,294.0,2.0,3.0,MEDIUM,3.0,MEDIUM,True,harvest_rich,False
3,Suzuka,Japanese Grand Prix,3,S2,VER,Red Bull Racing,LIN,Racing Bulls,0.715,286.0,285.0,1.0,3.0,MEDIUM,3.0,MEDIUM,True,harvest_rich,False
3,Suzuka,Japanese Grand Prix,3,S2,OCO,Haas F1 Team,VER,Red Bull Racing,0.94,293.0,286.0,7.0,3.0,MEDIUM,3.0,MEDIUM,True,harvest_rich,False
3,Suzuka,Japanese Grand Prix,3,S2,LAW,Racing Bulls,HAD,Red Bull Racing,0.8,292.0,287.0,5.0,3.0,MEDIUM,3.0,MEDIUM,True,harvest_rich,False
3,Suzuka,Japanese Grand Prix,3,S2,COL,Alpine,LAW,Racing Bulls,0.722,291.0,292.0,-1.0,3.0,MEDIUM,3.0,MEDIUM,True,harvest_rich,False
3,Suzuka,Japanese Grand Prix,3,S2,BEA,Haas F1 Team,COL,Alpine,0.978,284.0,291.0,-7.0,3.0,MEDIUM,3.0,MEDIUM,True,harvest_rich,False
3,Suzuka,Japanese Grand Prix,3,S2,BOR,Audi,BEA,Haas F1 Team,0.546,291.0,284.0,7.0,3.0,MEDIUM,3.0,MEDIUM,True,harvest_rich,False
3,Suzuka,Japanese Grand Prix,3,S2,SAI,Williams,BOR,Audi,0.653,296.0,291.0,5.0,3.0,MEDIUM,3.0,MEDIUM,True,harvest_rich,False
3,Suzuka,Japanese Grand Prix,3,S2,ALB,Williams,SAI,Williams,0.34,304.0,296.0,8.0,3.0,MEDIUM,3.0,MEDIUM,True,harvest_rich,False
3,Suzuka,Japanese Grand Prix,3,S2,HUL,Audi,ALB,Williams,0.85,290.0,304.0,-14.0,3.0,MEDIUM,3.0,MEDIUM,True,harvest_rich,False
3,Suzuka,Japanese Grand Prix,3,S2,STR,Aston Martin,ALO,Aston Martin,0.675,281.0,277.0,4.0,3.0,MEDIUM,3.0,MEDIUM,True,harvest_rich,False
3,Suzuka,Japanese Grand Prix,3,S2,BOT,Cadillac,STR,Aston Martin,0.746,291.0,281.0,10.0,3.0,HARD,3.0,MEDIUM,True,harvest_rich,False
3,Suzuka,Japanese Grand Prix,3,S3,RUS,Mercedes,LEC,Ferrari,0.605,287.0,282.0,5.0,3.0,MEDIUM,3.0,MEDIUM,True,harvest_rich,True
3,Suzuka,Japanese Grand Prix,3,S3,ANT,Mercedes,NOR,McLaren,0.364,294.0,286.0,8.0,3.0,MEDIUM,3.0,MEDIUM,True,harvest_rich,False
3,Suzuka,Japanese Grand Prix,3,S3,HAM,Ferrari,ANT,Mercedes,0.479,296.0,294.0,2.0,3.0,MEDIUM,3.0,MEDIUM,True,harvest_rich,False
3,Suzuka,Japanese Grand Prix,3,S3,VER,Red Bull Racing,LIN,Racing Bulls,0.672,286.0,285.0,1.0,3.0,MEDIUM,3.0,MEDIUM,True,harvest_rich,False
3,Suzuka,Japanese Grand Prix,3,S3,OCO,Haas F1 Team,VER,Red Bull Racing,0.908,293.0,286.0,7.0,3.0,MEDIUM,3.0,MEDIUM,True,harvest_rich,False
3,Suzuka,Japanese Grand Prix,3,S3,LAW,Racing Bulls,HAD,Red Bull Racing,0.835,292.0,287.0,5.0,3.0,MEDIUM,3.0,MEDIUM,True,harvest_rich,False
3,Suzuka,Japanese Grand Prix,3,S3,COL,Alpine,LAW,Racing Bulls,0.986,291.0,292.0,-1.0,3.0,MEDIUM,3.0,MEDIUM,True,harvest_rich,False
3,Suzuka,Japanese Grand Prix,3,S3,BEA,Haas F1 Team,COL,Alpine,0.815,284.0,291.0,-7.0,3.0,MEDIUM,3.0,MEDIUM,True,harvest_rich,False
3,Suzuka,Japanese Grand Prix,3,S3,BOR,Audi,BEA,Haas F1 Team,0.592,291.0,284.0,7.0,3.0,MEDIUM,3.0,MEDIUM,True,harvest_rich,False
3,Suzuka,Japanese Grand Prix,3,S3,SAI,Williams,BOR,Audi,0.604,296.0,291.0,5.0,3.0,MEDIUM,3.0,MEDIUM,True,harvest_rich,False
3,Suzuka,Japanese Grand Prix,3,S3,ALB,Williams,SAI,Williams,0.499,304.0,296.0,8.0,3.0,MEDIUM,3.0,MEDIUM,True,harvest_rich,False
3,Suzuka,Japanese Grand Prix,3,S3,HUL,Audi,ALB,Williams,0.6,290.0,304.0,-14.0,3.0,MEDIUM,3.0,MEDIUM,True,harvest_rich,True
3,Suzuka,Japanese Grand Prix,3,S3,STR,Aston Martin,ALO,Aston Martin,0.69,281.0,277.0,4.0,3.0,MEDIUM,3.0,MEDIUM,True,harvest_rich,False
3,Suzuka,Japanese Grand Prix,3,S3,BOT,Cadillac,STR,Aston Martin,0.621,291.0,281.0,10.0,3.0,HARD,3.0,MEDIUM,True,harvest_rich,False
3,Suzuka,Japanese Grand Prix,4,S1,LEC,Ferrari,RUS,Mercedes,0.71,283.0,279.0,4.0,4.0,MEDIUM,4.0,MEDIUM,True,harvest_rich,False
3,Suzuka,Japanese Grand Prix,4,S1,ANT,Mercedes,NOR,McLaren,0.195,289.0,284.0,5.0,4.0,MEDIUM,4.0,MEDIUM,True,harvest_rich,False
3,Suzuka,Japanese Grand Prix,4,S1,HAM,Ferrari,ANT,Mercedes,0.749,285.0,289.0,-4.0,4.0,MEDIUM,4.0,MEDIUM,True,harvest_rich,False
3,Suzuka,Japanese Grand Prix,4,S1,VER,Red Bull Racing,LIN,Racing Bulls,0.432,287.0,286.0,1.0,4.0,MEDIUM,4.0,MEDIUM,True,harvest_rich,False
3,Suzuka,Japanese Grand Prix,4,S1,HAD,Red Bull Racing,OCO,Haas F1 Team,0.832,289.0,292.0,-3.0,4.0,MEDIUM,4.0,MEDIUM,True,harvest_rich,False
3,Suzuka,Japanese Grand Prix,4,S1,BEA,Haas F1 Team,COL,Alpine,0.771,285.0,289.0,-4.0,4.0,MEDIUM,4.0,MEDIUM,True,harvest_rich,False
3,Suzuka,Japanese Grand Prix,4,S1,BOR,Audi,BEA,Haas F1 Team,0.628,286.0,285.0,1.0,4.0,MEDIUM,4.0,MEDIUM,True,harvest_rich,False
3,Suzuka,Japanese Grand Prix,4,S1,HUL,Audi,SAI,Williams,0.448,296.0,291.0,5.0,4.0,MEDIUM,4.0,MEDIUM,True,harvest_rich,False
3,Suzuka,Japanese Grand Prix,4,S1,ALB,Williams,HUL,Audi,0.767,292.0,296.0,-4.0,4.0,MEDIUM,4.0,MEDIUM,True,harvest_rich,False
3,Suzuka,Japanese Grand Prix,4,S1,STR,Aston Martin,ALO,Aston Martin,0.619,279.0,275.0,4.0,4.0,MEDIUM,4.0,MEDIUM,True,harvest_rich,False
3,Suzuka,Japanese Grand Prix,4,S2,LEC,Ferrari,RUS,Mercedes,0.881,283.0,279.0,4.0,4.0,MEDIUM,4.0,MEDIUM,True,harvest_rich,False
3,Suzuka,Japanese Grand Prix,4,S2,ANT,Mercedes,NOR,McLaren,0.462,289.0,284.0,5.0,4.0,MEDIUM,4.0,MEDIUM,True,harvest_rich,False
3,Suzuka,Japanese Grand Prix,4,S2,HAM,Ferrari,ANT,Mercedes,0.714,285.0,289.0,-4.0,4.0,MEDIUM,4.0,MEDIUM,True,harvest_rich,False
3,Suzuka,Japanese Grand Prix,4,S2,VER,Red Bull Racing,LIN,Racing Bulls,0.506,287.0,286.0,1.0,4.0,MEDIUM,4.0,MEDIUM,True,harvest_rich,False
3,Suzuka,Japanese Grand Prix,4,S2,OCO,Haas F1 Team,VER,Red Bull Racing,0.871,292.0,287.0,5.0,4.0,MEDIUM,4.0,MEDIUM,True,harvest_rich,False
3,Suzuka,Japanese Grand Prix,4,S2,BEA,Haas F1 Team,COL,Alpine,0.86,285.0,289.0,-4.0,4.0,MEDIUM,4.0,MEDIUM,True,harvest_rich,False
3,Suzuka,Japanese Grand Prix,4,S2,BOR,Audi,BEA,Haas F1 Team,0.985,286.0,285.0,1.0,4.0,MEDIUM,4.0,MEDIUM,True,harvest_rich,False
3,Suzuka,Japanese Grand Prix,4,S2,SAI,Williams,BOR,Audi,0.909,291.0,286.0,5.0,4.0,MEDIUM,4.0,MEDIUM,True,harvest_rich,False
3,Suzuka,Japanese Grand Prix,4,S2,HUL,Audi,SAI,Williams,0.408,296.0,291.0,5.0,4.0,MEDIUM,4.0,MEDIUM,True,harvest_rich,False
3,Suzuka,Japanese Grand Prix,4,S2,ALB,Williams,HUL,Audi,0.822,292.0,296.0,-4.0,4.0,MEDIUM,4.0,MEDIUM,True,harvest_rich,False
3,Suzuka,Japanese Grand Prix,4,S2,STR,Aston Martin,ALO,Aston Martin,0.69,279.0,275.0,4.0,4.0,MEDIUM,4.0,MEDIUM,True,harvest_rich,False
3,Suzuka,Japanese Grand Prix,4,S2,BOT,Cadillac,STR,Aston Martin,0.545,289.0,279.0,10.0,4.0,HARD,4.0,MEDIUM,True,harvest_rich,False
3,Suzuka,Japanese Grand Prix,4,S3,NOR,McLaren,LEC,Ferrari,0.858,284.0,283.0,1.0,4.0,MEDIUM,4.0,MEDIUM,True,harvest_rich,False
3,Suzuka,Japanese Grand Prix,4,S3,ANT,Mercedes,NOR,McLaren,0.436,289.0,284.0,5.0,4.0,MEDIUM,4.0,MEDIUM,True,harvest_rich,False
3,Suzuka,Japanese Grand Prix,4,S3,HAM,Ferrari,ANT,Mercedes,0.761,285.0,289.0,-4.0,4.0,MEDIUM,4.0,MEDIUM,True,harvest_rich,False
3,Suzuka,Japanese Grand Prix,4,S3,VER,Red Bull Racing,LIN,Racing Bulls,0.5,287.0,286.0,1.0,4.0,MEDIUM,4.0,MEDIUM,True,harvest_rich,False
3,Suzuka,Japanese Grand Prix,4,S3,OCO,Haas F1 Team,VER,Red Bull Racing,0.997,292.0,287.0,5.0,4.0,MEDIUM,4.0,MEDIUM,True,harvest_rich,False
3,Suzuka,Japanese Grand Prix,4,S3,BEA,Haas F1 Team,COL,Alpine,0.929,285.0,289.0,-4.0,4.0,MEDIUM,4.0,MEDIUM,True,harvest_rich,False
3,Suzuka,Japanese Grand Prix,4,S3,BOR,Audi,BEA,Haas F1 Team,0.943,286.0,285.0,1.0,4.0,MEDIUM,4.0,MEDIUM,True,harvest_rich,False
3,Suzuka,Japanese Grand Prix,4,S3,SAI,Williams,BOR,Audi,0.98,291.0,286.0,5.0,4.0,MEDIUM,4.0,MEDIUM,True,harvest_rich,False
3,Suzuka,Japanese Grand Prix,4,S3,HUL,Audi,SAI,Williams,0.341,296.0,291.0,5.0,4.0,MEDIUM,4.0,MEDIUM,True,harvest_rich,False
3,Suzuka,Japanese Grand Prix,4,S3,ALB,Williams,HUL,Audi,0.844,292.0,296.0,-4.0,4.0,MEDIUM,4.0,MEDIUM,True,harvest_rich,False
3,Suzuka,Japanese Grand Prix,4,S3,STR,Aston Martin,ALO,Aston Martin,0.76,279.0,275.0,4.0,4.0,MEDIUM,4.0,MEDIUM,True,harvest_rich,False
3,Suzuka,Japanese Grand Prix,4,S3,BOT,Cadillac,STR,Aston Martin,0.518,289.0,279.0,10.0,4.0,HARD,4.0,MEDIUM,True,harvest_rich,False
3,Suzuka,Japanese Grand Prix,5,S1,NOR,McLaren,LEC,Ferrari,0.964,286.0,284.0,2.0,5.0,MEDIUM,5.0,MEDIUM,True,harvest_rich,False
3,Suzuka,Japanese Grand Prix,5,S1,ANT,Mercedes,NOR,McLaren,0.329,290.0,286.0,4.0,5.0,MEDIUM,5.0,MEDIUM,True,harvest_rich,False
3,Suzuka,Japanese Grand Prix,5,S1,HAM,Ferrari,ANT,Mercedes,0.968,288.0,290.0,-2.0,5.0,MEDIUM,5.0,MEDIUM,True,harvest_rich,False
3,Suzuka,Japanese Grand Prix,5,S1,VER,Red Bull Racing,LIN,Racing Bulls,0.43,272.0,277.0,-5.0,5.0,MEDIUM,5.0,MEDIUM,True,harvest_rich,True
3,Suzuka,Japanese Grand Prix,5,S1,HAD,Red Bull Racing,OCO,Haas F1 Team,0.78,288.0,284.0,4.0,5.0,MEDIUM,5.0,MEDIUM,True,harvest_rich,False
3,Suzuka,Japanese Grand Prix,5,S1,BOR,Audi,BEA,Haas F1 Team,0.681,288.0,283.0,5.0,5.0,MEDIUM,5.0,MEDIUM,True,harvest_rich,False
3,Suzuka,Japanese Grand Prix,5,S1,HUL,Audi,SAI,Williams,0.47,294.0,292.0,2.0,5.0,MEDIUM,5.0,MEDIUM,True,harvest_rich,False
3,Suzuka,Japanese Grand Prix,5,S1,ALB,Williams,HUL,Audi,0.687,296.0,294.0,2.0,5.0,MEDIUM,5.0,MEDIUM,True,harvest_rich,False
3,Suzuka,Japanese Grand Prix,5,S1,STR,Aston Martin,ALO,Aston Martin,0.715,278.0,274.0,4.0,5.0,MEDIUM,5.0,MEDIUM,True,harvest_rich,False
3,Suzuka,Japanese Grand Prix,5,S1,BOT,Cadillac,STR,Aston Martin,0.95,293.0,278.0,15.0,5.0,HARD,5.0,MEDIUM,True,harvest_rich,False
3,Suzuka,Japanese Grand Prix,5,S2,NOR,McLaren,LEC,Ferrari,0.982,286.0,284.0,2.0,5.0,MEDIUM,5.0,MEDIUM,True,harvest_rich,False
3,Suzuka,Japanese Grand Prix,5,S2,ANT,Mercedes,NOR,McLaren,0.518,290.0,286.0,4.0,5.0,MEDIUM,5.0,MEDIUM,True,harvest_rich,False
3,Suzuka,Japanese Grand Prix,5,S2,HAM,Ferrari,ANT,Mercedes,0.938,288.0,290.0,-2.0,5.0,MEDIUM,5.0,MEDIUM,True,harvest_rich,False
3,Suzuka,Japanese Grand Prix,5,S2,LIN,Racing Bulls,VER,Red Bull Racing,0.22,277.0,272.0,5.0,5.0,MEDIUM,5.0,MEDIUM,True,harvest_rich,False
3,Suzuka,Japanese Grand Prix,5,S2,OCO,Haas F1 Team,LIN,Racing Bulls,0.617,284.0,277.0,7.0,5.0,MEDIUM,5.0,MEDIUM,True,harvest_rich,False
3,Suzuka,Japanese Grand Prix,5,S2,BOR,Audi,BEA,Haas F1 Team,0.843,288.0,283.0,5.0,5.0,MEDIUM,5.0,MEDIUM,True,harvest_rich,False
3,Suzuka,Japanese Grand Prix,5,S2,HUL,Audi,SAI,Williams,0.487,294.0,292.0,2.0,5.0,MEDIUM,5.0,MEDIUM,True,harvest_rich,False
3,Suzuka,Japanese Grand Prix,5,S2,ALB,Williams,HUL,Audi,0.704,296.0,294.0,2.0,5.0,MEDIUM,5.0,MEDIUM,True,harvest_rich,False
3,Suzuka,Japanese Grand Prix,5,S2,STR,Aston Martin,ALO,Aston Martin,0.802,278.0,274.0,4.0,5.0,MEDIUM,5.0,MEDIUM,True,harvest_rich,False
3,Suzuka,Japanese Grand Prix,5,S2,BOT,Cadillac,STR,Aston Martin,0.657,293.0,278.0,15.0,5.0,HARD,5.0,MEDIUM,True,harvest_rich,False
3,Suzuka,Japanese Grand Prix,5,S3,NOR,McLaren,LEC,Ferrari,0.819,286.0,284.0,2.0,5.0,MEDIUM,5.0,MEDIUM,True,harvest_rich,False
3,Suzuka,Japanese Grand Prix,5,S3,ANT,Mercedes,NOR,McLaren,0.506,290.0,286.0,4.0,5.0,MEDIUM,5.0,MEDIUM,True,harvest_rich,False
3,Suzuka,Japanese Grand Prix,5,S3,HAM,Ferrari,ANT,Mercedes,0.974,288.0,290.0,-2.0,5.0,MEDIUM,5.0,MEDIUM,True,harvest_rich,False
3,Suzuka,Japanese Grand Prix,5,S3,LIN,Racing Bulls,VER,Red Bull Racing,0.631,277.0,272.0,5.0,5.0,MEDIUM,5.0,MEDIUM,True,harvest_rich,False
3,Suzuka,Japanese Grand Prix,5,S3,OCO,Haas F1 Team,LIN,Racing Bulls,0.19,284.0,277.0,7.0,5.0,MEDIUM,5.0,MEDIUM,True,harvest_rich,True
3,Suzuka,Japanese Grand Prix,5,S3,HAD,Red Bull Racing,OCO,Haas F1 Team,0.784,288.0,284.0,4.0,5.0,MEDIUM,5.0,MEDIUM,True,harvest_rich,False
3,Suzuka,Japanese Grand Prix,5,S3,BOR,Audi,BEA,Haas F1 Team,0.709,288.0,283.0,5.0,5.0,MEDIUM,5.0,MEDIUM,True,harvest_rich,False
3,Suzuka,Japanese Grand Prix,5,S3,HUL,Audi,SAI,Williams,0.479,294.0,292.0,2.0,5.0,MEDIUM,5.0,MEDIUM,True,harvest_rich,False
3,Suzuka,Japanese Grand Prix,5,S3,ALB,Williams,HUL,Audi,0.782,296.0,294.0,2.0,5.0,MEDIUM,5.0,MEDIUM,True,harvest_rich,False
3,Suzuka,Japanese Grand Prix,5,S3,STR,Aston Martin,ALO,Aston Martin,0.658,278.0,274.0,4.0,5.0,MEDIUM,5.0,MEDIUM,True,harvest_rich,False
3,Suzuka,Japanese Grand Prix,5,S3,BOT,Cadillac,STR,Aston Martin,0.587,293.0,278.0,15.0,5.0,HARD,5.0,MEDIUM,True,harvest_rich,False
3,Suzuka,Japanese Grand Prix,6,S1,RUS,Mercedes,PIA,McLaren,0.891,283.0,277.0,6.0,6.0,MEDIUM,6.0,MEDIUM,True,harvest_rich,False
3,Suzuka,Japanese Grand Prix,6,S1,NOR,McLaren,LEC,Ferrari,0.796,288.0,282.0,6.0,6.0,MEDIUM,6.0,MEDIUM,True,harvest_rich,False
3,Suzuka,Japanese Grand Prix,6,S1,ANT,Mercedes,NOR,McLaren,0.376,293.0,288.0,5.0,6.0,MEDIUM,6.0,MEDIUM,True,harvest_rich,False
3,Suzuka,Japanese Grand Prix,6,S1,HAM,Ferrari,ANT,Mercedes,0.866,286.0,293.0,-7.0,6.0,MEDIUM,6.0,MEDIUM,True,harvest_rich,False
3,Suzuka,Japanese Grand Prix,6,S1,OCO,Haas F1 Team,VER,Red Bull Racing,0.969,288.0,278.0,10.0,6.0,MEDIUM,6.0,MEDIUM,True,harvest_rich,False
3,Suzuka,Japanese Grand Prix,6,S1,LIN,Racing Bulls,OCO,Haas F1 Team,0.869,291.0,288.0,3.0,6.0,MEDIUM,6.0,MEDIUM,True,harvest_rich,False
3,Suzuka,Japanese Grand Prix,6,S1,HAD,Red Bull Racing,LIN,Racing Bulls,0.42,294.0,291.0,3.0,6.0,MEDIUM,6.0,MEDIUM,True,harvest_rich,False
3,Suzuka,Japanese Grand Prix,6,S1,BOR,Audi,BEA,Haas F1 Team,0.613,288.0,283.0,5.0,6.0,MEDIUM,6.0,MEDIUM,True,harvest_rich,False
3,Suzuka,Japanese Grand Prix,6,S1,HUL,Audi,SAI,Williams,0.323,294.0,287.0,7.0,6.0,MEDIUM,6.0,MEDIUM,True,harvest_rich,False
3,Suzuka,Japanese Grand Prix,6,S1,ALB,Williams,HUL,Audi,0.776,295.0,294.0,1.0,6.0,MEDIUM,6.0,MEDIUM,True,harvest_rich,False
3,Suzuka,Japanese Grand Prix,6,S1,STR,Aston Martin,ALO,Aston Martin,0.581,277.0,271.0,6.0,6.0,MEDIUM,6.0,MEDIUM,True,harvest_rich,False
3,Suzuka,Japanese Grand Prix,6,S1,BOT,Cadillac,STR,Aston Martin,0.855,295.0,277.0,18.0,6.0,HARD,6.0,MEDIUM,True,harvest_rich,False
3,Suzuka,Japanese Grand Prix,6,S2,RUS,Mercedes,PIA,McLaren,0.922,283.0,277.0,6.0,6.0,MEDIUM,6.0,MEDIUM,True,harvest_rich,False
3,Suzuka,Japanese Grand Prix,6,S2,NOR,McLaren,LEC,Ferrari,0.745,288.0,282.0,6.0,6.0,MEDIUM,6.0,MEDIUM,True,harvest_rich,False
3,Suzuka,Japanese Grand Prix,6,S2,ANT,Mercedes,NOR,McLaren,0.447,293.0,288.0,5.0,6.0,MEDIUM,6.0,MEDIUM,True,harvest_rich,False
3,Suzuka,Japanese Grand Prix,6,S2,OCO,Haas F1 Team,VER,Red Bull Racing,0.885,288.0,278.0,10.0,6.0,MEDIUM,6.0,MEDIUM,True,harvest_rich,False
3,Suzuka,Japanese Grand Prix,6,S2,LIN,Racing Bulls,OCO,Haas F1 Team,0.963,291.0,288.0,3.0,6.0,MEDIUM,6.0,MEDIUM,True,harvest_rich,False
3,Suzuka,Japanese Grand Prix,6,S2,HAD,Red Bull Racing,LIN,Racing Bulls,0.522,294.0,291.0,3.0,6.0,MEDIUM,6.0,MEDIUM,True,harvest_rich,False
3,Suzuka,Japanese Grand Prix,6,S2,COL,Alpine,LAW,Racing Bulls,0.796,290.0,289.0,1.0,6.0,MEDIUM,6.0,MEDIUM,True,harvest_rich,False
3,Suzuka,Japanese Grand Prix,6,S2,BOR,Audi,BEA,Haas F1 Team,0.632,288.0,283.0,5.0,6.0,MEDIUM,6.0,MEDIUM,True,harvest_rich,False
3,Suzuka,Japanese Grand Prix,6,S2,HUL,Audi,SAI,Williams,0.247,294.0,287.0,7.0,6.0,MEDIUM,6.0,MEDIUM,True,harvest_rich,False
3,Suzuka,Japanese Grand Prix,6,S2,ALB,Williams,HUL,Audi,0.663,295.0,294.0,1.0,6.0,MEDIUM,6.0,MEDIUM,True,harvest_rich,False
3,Suzuka,Japanese Grand Prix,6,S2,STR,Aston Martin,ALO,Aston Martin,0.745,277.0,271.0,6.0,6.0,MEDIUM,6.0,MEDIUM,True,harvest_rich,False
3,Suzuka,Japanese Grand Prix,6,S2,BOT,Cadillac,STR,Aston Martin,0.514,295.0,277.0,18.0,6.0,HARD,6.0,MEDIUM,True,harvest_rich,False
3,Suzuka,Japanese Grand Prix,6,S3,RUS,Mercedes,PIA,McLaren,0.872,283.0,277.0,6.0,6.0,MEDIUM,6.0,MEDIUM,True,harvest_rich,False
3,Suzuka,Japanese Grand Prix,6,S3,NOR,McLaren,LEC,Ferrari,0.583,288.0,282.0,6.0,6.0,MEDIUM,6.0,MEDIUM,True,harvest_rich,False
3,Suzuka,Japanese Grand Prix,6,S3,ANT,Mercedes,NOR,McLaren,0.417,293.0,288.0,5.0,6.0,MEDIUM,6.0,MEDIUM,True,harvest_rich,False
3,Suzuka,Japanese Grand Prix,6,S3,OCO,Haas F1 Team,VER,Red Bull Racing,0.82,288.0,278.0,10.0,6.0,MEDIUM,6.0,MEDIUM,True,harvest_rich,False
3,Suzuka,Japanese Grand Prix,6,S3,LIN,Racing Bulls,OCO,Haas F1 Team,0.749,291.0,288.0,3.0,6.0,MEDIUM,6.0,MEDIUM,True,harvest_rich,False
3,Suzuka,Japanese Grand Prix,6,S3,HAD,Red Bull Racing,LIN,Racing Bulls,0.59,294.0,291.0,3.0,6.0,MEDIUM,6.0,MEDIUM,True,harvest_rich,False
3,Suzuka,Japanese Grand Prix,6,S3,COL,Alpine,LAW,Racing Bulls,0.902,290.0,289.0,1.0,6.0,MEDIUM,6.0,MEDIUM,True,harvest_rich,False
3,Suzuka,Japanese Grand Prix,6,S3,BOR,Audi,BEA,Haas F1 Team,0.446,288.0,283.0,5.0,6.0,MEDIUM,6.0,MEDIUM,True,harvest_rich,True
3,Suzuka,Japanese Grand Prix,6,S3,HUL,Audi,SAI,Williams,0.318,294.0,287.0,7.0,6.0,MEDIUM,6.0,MEDIUM,True,harvest_rich,False
3,Suzuka,Japanese Grand Prix,6,S3,ALB,Williams,HUL,Audi,0.567,295.0,294.0,1.0,6.0,MEDIUM,6.0,MEDIUM,True,harvest_rich,False
3,Suzuka,Japanese Grand Prix,6,S3,STR,Aston Martin,ALO,Aston Martin,0.623,277.0,271.0,6.0,6.0,MEDIUM,6.0,MEDIUM,True,harvest_rich,False
3,Suzuka,Japanese Grand Prix,6,S3,BOT,Cadillac,STR,Aston Martin,0.597,295.0,277.0,18.0,6.0,HARD,6.0,MEDIUM,True,harvest_rich,False
3,Suzuka,Japanese Grand Prix,7,S1,RUS,Mercedes,PIA,McLaren,0.677,287.0,277.0,10.0,7.0,MEDIUM,7.0,MEDIUM,True,harvest_rich,False
3,Suzuka,Japanese Grand Prix,7,S1,NOR,McLaren,LEC,Ferrari,0.744,288.0,279.0,9.0,7.0,MEDIUM,7.0,MEDIUM,True,harvest_rich,False
3,Suzuka,Japanese Grand Prix,7,S1,ANT,Mercedes,NOR,McLaren,0.497,292.0,288.0,4.0,7.0,MEDIUM,7.0,MEDIUM,True,harvest_rich,False
3,Suzuka,Japanese Grand Prix,7,S1,HAD,Red Bull Racing,LIN,Racing Bulls,0.284,295.0,293.0,2.0,7.0,MEDIUM,7.0,MEDIUM,True,harvest_rich,False
3,Suzuka,Japanese Grand Prix,7,S1,COL,Alpine,LAW,Racing Bulls,0.912,290.0,288.0,2.0,7.0,MEDIUM,7.0,MEDIUM,True,harvest_rich,False
3,Suzuka,Japanese Grand Prix,7,S1,BEA,Haas F1 Team,BOR,Audi,0.703,286.0,286.0,0.0,7.0,MEDIUM,7.0,MEDIUM,True,harvest_rich,False
3,Suzuka,Japanese Grand Prix,7,S1,HUL,Audi,SAI,Williams,0.362,291.0,286.0,5.0,7.0,MEDIUM,7.0,MEDIUM,True,harvest_rich,False
3,Suzuka,Japanese Grand Prix,7,S1,ALB,Williams,HUL,Audi,0.727,296.0,291.0,5.0,7.0,MEDIUM,7.0,MEDIUM,True,harvest_rich,False
3,Suzuka,Japanese Grand Prix,7,S1,STR,Aston Martin,ALO,Aston Martin,0.555,277.0,270.0,7.0,7.0,MEDIUM,7.0,MEDIUM,True,harvest_rich,False
3,Suzuka,Japanese Grand Prix,7,S1,BOT,Cadillac,STR,Aston Martin,0.905,298.0,277.0,21.0,7.0,HARD,7.0,MEDIUM,True,harvest_rich,False
3,Suzuka,Japanese Grand Prix,7,S2,RUS,Mercedes,PIA,McLaren,0.626,287.0,277.0,10.0,7.0,MEDIUM,7.0,MEDIUM,True,harvest_rich,False
3,Suzuka,Japanese Grand Prix,7,S2,NOR,McLaren,LEC,Ferrari,0.802,288.0,279.0,9.0,7.0,MEDIUM,7.0,MEDIUM,True,harvest_rich,False
3,Suzuka,Japanese Grand Prix,7,S2,ANT,Mercedes,NOR,McLaren,0.542,292.0,288.0,4.0,7.0,MEDIUM,7.0,MEDIUM,True,harvest_rich,False
3,Suzuka,Japanese Grand Prix,7,S2,HAD,Red Bull Racing,LIN,Racing Bulls,0.602,295.0,293.0,2.0,7.0,MEDIUM,7.0,MEDIUM,True,harvest_rich,False
3,Suzuka,Japanese Grand Prix,7,S2,COL,Alpine,LAW,Racing Bulls,0.972,290.0,288.0,2.0,7.0,MEDIUM,7.0,MEDIUM,True,harvest_rich,False
3,Suzuka,Japanese Grand Prix,7,S2,BEA,Haas F1 Team,BOR,Audi,0.795,286.0,286.0,0.0,7.0,MEDIUM,7.0,MEDIUM,True,harvest_rich,False
3,Suzuka,Japanese Grand Prix,7,S2,HUL,Audi,SAI,Williams,0.512,291.0,286.0,5.0,7.0,MEDIUM,7.0,MEDIUM,True,harvest_rich,False
3,Suzuka,Japanese Grand Prix,7,S2,ALB,Williams,HUL,Audi,0.634,296.0,291.0,5.0,7.0,MEDIUM,7.0,MEDIUM,True,harvest_rich,False
3,Suzuka,Japanese Grand Prix,7,S2,STR,Aston Martin,ALO,Aston Martin,0.62,277.0,270.0,7.0,7.0,MEDIUM,7.0,MEDIUM,True,harvest_rich,False
3,Suzuka,Japanese Grand Prix,7,S2,BOT,Cadillac,STR,Aston Martin,0.625,298.0,277.0,21.0,7.0,HARD,7.0,MEDIUM,True,harvest_rich,False
3,Suzuka,Japanese Grand Prix,7,S3,RUS,Mercedes,PIA,McLaren,0.535,287.0,277.0,10.0,7.0,MEDIUM,7.0,MEDIUM,True,harvest_rich,False
3,Suzuka,Japanese Grand Prix,7,S3,NOR,McLaren,LEC,Ferrari,0.673,288.0,279.0,9.0,7.0,MEDIUM,7.0,MEDIUM,True,harvest_rich,False
3,Suzuka,Japanese Grand Prix,7,S3,ANT,Mercedes,NOR,McLaren,0.448,292.0,288.0,4.0,7.0,MEDIUM,7.0,MEDIUM,True,harvest_rich,False
3,Suzuka,Japanese Grand Prix,7,S3,LIN,Racing Bulls,OCO,Haas F1 Team,0.851,293.0,288.0,5.0,7.0,MEDIUM,7.0,MEDIUM,True,harvest_rich,False
3,Suzuka,Japanese Grand Prix,7,S3,HAD,Red Bull Racing,LIN,Racing Bulls,0.593,295.0,293.0,2.0,7.0,MEDIUM,7.0,MEDIUM,True,harvest_rich,False
3,Suzuka,Japanese Grand Prix,7,S3,COL,Alpine,LAW,Racing Bulls,0.839,290.0,288.0,2.0,7.0,MEDIUM,7.0,MEDIUM,True,harvest_rich,False
3,Suzuka,Japanese Grand Prix,7,S3,BEA,Haas F1 Team,BOR,Audi,0.828,286.0,286.0,0.0,7.0,MEDIUM,7.0,MEDIUM,True,harvest_rich,False
3,Suzuka,Japanese Grand Prix,7,S3,HUL,Audi,SAI,Williams,0.38,291.0,286.0,5.0,7.0,MEDIUM,7.0,MEDIUM,True,harvest_rich,False
3,Suzuka,Japanese Grand Prix,7,S3,ALB,Williams,HUL,Audi,0.688,296.0,291.0,5.0,7.0,MEDIUM,7.0,MEDIUM,True,harvest_rich,False
3,Suzuka,Japanese Grand Prix,7,S3,STR,Aston Martin,ALO,Aston Martin,0.493,277.0,270.0,7.0,7.0,MEDIUM,7.0,MEDIUM,True,harvest_rich,True
3,Suzuka,Japanese Grand Prix,7,S3,BOT,Cadillac,STR,Aston Martin,0.62,298.0,277.0,21.0,7.0,HARD,7.0,MEDIUM,True,harvest_rich,False
3,Suzuka,Japanese Grand Prix,8,S1,RUS,Mercedes,PIA,McLaren,0.641,291.0,277.0,14.0,8.0,MEDIUM,8.0,MEDIUM,True,harvest_rich,False
3,Suzuka,Japanese Grand Prix,8,S1,NOR,McLaren,LEC,Ferrari,0.757,290.0,278.0,12.0,8.0,MEDIUM,8.0,MEDIUM,True,harvest_rich,False
3,Suzuka,Japanese Grand Prix,8,S1,ANT,Mercedes,NOR,McLaren,0.544,294.0,290.0,4.0,8.0,MEDIUM,8.0,MEDIUM,True,harvest_rich,False
3,Suzuka,Japanese Grand Prix,8,S1,HAD,Red Bull Racing,LIN,Racing Bulls,0.466,288.0,291.0,-3.0,8.0,MEDIUM,8.0,MEDIUM,True,harvest_rich,False
3,Suzuka,Japanese Grand Prix,8,S1,COL,Alpine,LAW,Racing Bulls,0.9,291.0,287.0,4.0,8.0,MEDIUM,8.0,MEDIUM,True,harvest_rich,False
3,Suzuka,Japanese Grand Prix,8,S1,BEA,Haas F1 Team,BOR,Audi,0.87,296.0,282.0,14.0,8.0,MEDIUM,8.0,MEDIUM,True,harvest_rich,False
3,Suzuka,Japanese Grand Prix,8,S1,HUL,Audi,SAI,Williams,0.444,290.0,286.0,4.0,8.0,MEDIUM,8.0,MEDIUM,True,harvest_rich,False
3,Suzuka,Japanese Grand Prix,8,S1,ALB,Williams,HUL,Audi,0.722,292.0,290.0,2.0,8.0,MEDIUM,8.0,MEDIUM,True,harvest_rich,False
3,Suzuka,Japanese Grand Prix,8,S1,ALO,Aston Martin,STR,Aston Martin,0.929,277.0,271.0,6.0,8.0,MEDIUM,8.0,MEDIUM,True,harvest_rich,False
3,Suzuka,Japanese Grand Prix,8,S1,BOT,Cadillac,ALO,Aston Martin,0.865,285.0,277.0,8.0,8.0,HARD,8.0,MEDIUM,True,harvest_rich,False
3,Suzuka,Japanese Grand Prix,8,S2,RUS,Mercedes,PIA,McLaren,0.58,291.0,277.0,14.0,8.0,MEDIUM,8.0,MEDIUM,True,harvest_rich,True
3,Suzuka,Japanese Grand Prix,8,S2,NOR,McLaren,LEC,Ferrari,0.501,290.0,278.0,12.0,8.0,MEDIUM,8.0,MEDIUM,True,harvest_rich,False
3,Suzuka,Japanese Grand Prix,8,S2,ANT,Mercedes,NOR,McLaren,0.422,294.0,290.0,4.0,8.0,MEDIUM,8.0,MEDIUM,True,harvest_rich,False
3,Suzuka,Japanese Grand Prix,8,S2,HAD,Red Bull Racing,LIN,Racing Bulls,0.57,288.0,291.0,-3.0,8.0,MEDIUM,8.0,MEDIUM,True,harvest_rich,False
3,Suzuka,Japanese Grand Prix,8,S2,COL,Alpine,LAW,Racing Bulls,0.964,291.0,287.0,4.0,8.0,MEDIUM,8.0,MEDIUM,True,harvest_rich,False
3,Suzuka,Japanese Grand Prix,8,S2,BEA,Haas F1 Team,BOR,Audi,0.645,296.0,282.0,14.0,8.0,MEDIUM,8.0,MEDIUM,True,harvest_rich,False
3,Suzuka,Japanese Grand Prix,8,S2,HUL,Audi,SAI,Williams,0.671,290.0,286.0,4.0,8.0,MEDIUM,8.0,MEDIUM,True,harvest_rich,False
3,Suzuka,Japanese Grand Prix,8,S2,ALB,Williams,HUL,Audi,0.717,292.0,290.0,2.0,8.0,MEDIUM,8.0,MEDIUM,True,harvest_rich,False
3,Suzuka,Japanese Grand Prix,8,S2,ALO,Aston Martin,STR,Aston Martin,0.781,277.0,271.0,6.0,8.0,MEDIUM,8.0,MEDIUM,True,harvest_rich,False
3,Suzuka,Japanese Grand Prix,8,S2,BOT,Cadillac,ALO,Aston Martin,0.908,285.0,277.0,8.0,8.0,HARD,8.0,MEDIUM,True,harvest_rich,False
3,Suzuka,Japanese Grand Prix,8,S3,PIA,McLaren,RUS,Mercedes,0.237,277.0,291.0,-14.0,8.0,MEDIUM,8.0,MEDIUM,True,harvest_rich,True
3,Suzuka,Japanese Grand Prix,8,S3,NOR,McLaren,LEC,Ferrari,0.462,290.0,278.0,12.0,8.0,MEDIUM,8.0,MEDIUM,True,harvest_rich,False
3,Suzuka,Japanese Grand Prix,8,S3,ANT,Mercedes,NOR,McLaren,0.404,294.0,290.0,4.0,8.0,MEDIUM,8.0,MEDIUM,True,harvest_rich,False
3,Suzuka,Japanese Grand Prix,8,S3,HAD,Red Bull Racing,LIN,Racing Bulls,0.713,288.0,291.0,-3.0,8.0,MEDIUM,8.0,MEDIUM,True,harvest_rich,False
3,Suzuka,Japanese Grand Prix,8,S3,COL,Alpine,LAW,Racing Bulls,0.835,291.0,287.0,4.0,8.0,MEDIUM,8.0,MEDIUM,True,harvest_rich,False
3,Suzuka,Japanese Grand Prix,8,S3,BEA,Haas F1 Team,BOR,Audi,0.506,296.0,282.0,14.0,8.0,MEDIUM,8.0,MEDIUM,True,harvest_rich,False
3,Suzuka,Japanese Grand Prix,8,S3,HUL,Audi,SAI,Williams,0.636,290.0,286.0,4.0,8.0,MEDIUM,8.0,MEDIUM,True,harvest_rich,False
3,Suzuka,Japanese Grand Prix,8,S3,ALB,Williams,HUL,Audi,0.976,292.0,290.0,2.0,8.0,MEDIUM,8.0,MEDIUM,True,harvest_rich,False
3,Suzuka,Japanese Grand Prix,8,S3,ALO,Aston Martin,STR,Aston Martin,0.713,277.0,271.0,6.0,8.0,MEDIUM,8.0,MEDIUM,True,harvest_rich,False
3,Suzuka,Japanese Grand Prix,8,S3,BOT,Cadillac,ALO,Aston Martin,0.882,285.0,277.0,8.0,8.0,HARD,8.0,MEDIUM,True,harvest_rich,False
3,Suzuka,Japanese Grand Prix,9,S1,RUS,Mercedes,PIA,McLaren,0.717,281.0,278.0,3.0,9.0,MEDIUM,9.0,MEDIUM,True,harvest_rich,False
3,Suzuka,Japanese Grand Prix,9,S1,NOR,McLaren,LEC,Ferrari,0.706,290.0,276.0,14.0,9.0,MEDIUM,9.0,MEDIUM,True,harvest_rich,False
3,Suzuka,Japanese Grand Prix,9,S1,ANT,Mercedes,NOR,McLaren,0.452,296.0,290.0,6.0,9.0,MEDIUM,9.0,MEDIUM,True,harvest_rich,False
3,Suzuka,Japanese Grand Prix,9,S1,HAD,Red Bull Racing,LIN,Racing Bulls,0.801,290.0,288.0,2.0,9.0,MEDIUM,9.0,MEDIUM,True,harvest_rich,False
3,Suzuka,Japanese Grand Prix,9,S1,COL,Alpine,LAW,Racing Bulls,0.897,288.0,285.0,3.0,9.0,MEDIUM,9.0,MEDIUM,True,harvest_rich,False
3,Suzuka,Japanese Grand Prix,9,S1,BEA,Haas F1 Team,BOR,Audi,0.717,294.0,284.0,10.0,9.0,MEDIUM,9.0,MEDIUM,True,harvest_rich,False
3,Suzuka,Japanese Grand Prix,9,S1,HUL,Audi,SAI,Williams,0.537,290.0,284.0,6.0,9.0,MEDIUM,9.0,MEDIUM,True,harvest_rich,False
3,Suzuka,Japanese Grand Prix,9,S2,NOR,McLaren,LEC,Ferrari,0.699,290.0,276.0,14.0,9.0,MEDIUM,9.0,MEDIUM,True,harvest_rich,False
3,Suzuka,Japanese Grand Prix,9,S2,ANT,Mercedes,NOR,McLaren,0.359,296.0,290.0,6.0,9.0,MEDIUM,9.0,MEDIUM,True,harvest_rich,False
3,Suzuka,Japanese Grand Prix,9,S2,HAD,Red Bull Racing,LIN,Racing Bulls,0.793,290.0,288.0,2.0,9.0,MEDIUM,9.0,MEDIUM,True,harvest_rich,False
3,Suzuka,Japanese Grand Prix,9,S2,COL,Alpine,LAW,Racing Bulls,0.834,288.0,285.0,3.0,9.0,MEDIUM,9.0,MEDIUM,True,harvest_rich,False
3,Suzuka,Japanese Grand Prix,9,S2,BEA,Haas F1 Team,BOR,Audi,0.594,294.0,284.0,10.0,9.0,MEDIUM,9.0,MEDIUM,True,harvest_rich,False
3,Suzuka,Japanese Grand Prix,9,S2,HUL,Audi,SAI,Williams,0.536,290.0,284.0,6.0,9.0,MEDIUM,9.0,MEDIUM,True,harvest_rich,False
3,Suzuka,Japanese Grand Prix,9,S2,ALO,Aston Martin,STR,Aston Martin,0.876,277.0,271.0,6.0,9.0,MEDIUM,9.0,MEDIUM,True,harvest_rich,False
3,Suzuka,Japanese Grand Prix,9,S3,NOR,McLaren,LEC,Ferrari,0.511,290.0,276.0,14.0,9.0,MEDIUM,9.0,MEDIUM,True,harvest_rich,False
3,Suzuka,Japanese Grand Prix,9,S3,ANT,Mercedes,NOR,McLaren,0.266,296.0,290.0,6.0,9.0,MEDIUM,9.0,MEDIUM,True,harvest_rich,False
3,Suzuka,Japanese Grand Prix,9,S3,HAD,Red Bull Racing,LIN,Racing Bulls,0.828,290.0,288.0,2.0,9.0,MEDIUM,9.0,MEDIUM,True,harvest_rich,False
3,Suzuka,Japanese Grand Prix,9,S3,COL,Alpine,LAW,Racing Bulls,0.778,288.0,285.0,3.0,9.0,MEDIUM,9.0,MEDIUM,True,harvest_rich,False
3,Suzuka,Japanese Grand Prix,9,S3,BEA,Haas F1 Team,BOR,Audi,0.567,294.0,284.0,10.0,9.0,MEDIUM,9.0,MEDIUM,True,harvest_rich,False
3,Suzuka,Japanese Grand Prix,9,S3,HUL,Audi,SAI,Williams,0.483,290.0,284.0,6.0,9.0,MEDIUM,9.0,MEDIUM,True,harvest_rich,False
3,Suzuka,Japanese Grand Prix,9,S3,ALO,Aston Martin,STR,Aston Martin,0.81,277.0,271.0,6.0,9.0,MEDIUM,9.0,MEDIUM,True,harvest_rich,False
3,Suzuka,Japanese Grand Prix,10,S1,RUS,Mercedes,PIA,McLaren,0.715,285.0,278.0,7.0,10.0,MEDIUM,10.0,MEDIUM,True,harvest_rich,False
3,Suzuka,Japanese Grand Prix,10,S1,NOR,McLaren,LEC,Ferrari,0.758,289.0,283.0,6.0,10.0,MEDIUM,10.0,MEDIUM,True,harvest_rich,False
3,Suzuka,Japanese Grand Prix,10,S1,ANT,Mercedes,NOR,McLaren,0.451,292.0,289.0,3.0,10.0,MEDIUM,10.0,MEDIUM,True,harvest_rich,False
3,Suzuka,Japanese Grand Prix,10,S1,HAD,Red Bull Racing,LIN,Racing Bulls,0.507,292.0,287.0,5.0,10.0,MEDIUM,10.0,MEDIUM,True,harvest_rich,False
3,Suzuka,Japanese Grand Prix,10,S1,BOR,Audi,COL,Alpine,0.823,292.0,288.0,4.0,10.0,MEDIUM,10.0,MEDIUM,True,harvest_rich,False
3,Suzuka,Japanese Grand Prix,10,S1,BEA,Haas F1 Team,BOR,Audi,0.822,291.0,292.0,-1.0,10.0,MEDIUM,10.0,MEDIUM,True,harvest_rich,False
3,Suzuka,Japanese Grand Prix,10,S1,HUL,Audi,SAI,Williams,0.618,288.0,283.0,5.0,10.0,MEDIUM,10.0,MEDIUM,True,harvest_rich,False
3,Suzuka,Japanese Grand Prix,10,S1,ALO,Aston Martin,STR,Aston Martin,0.906,276.0,271.0,5.0,10.0,MEDIUM,10.0,MEDIUM,True,harvest_rich,False
3,Suzuka,Japanese Grand Prix,10,S2,RUS,Mercedes,PIA,McLaren,0.837,285.0,278.0,7.0,10.0,MEDIUM,10.0,MEDIUM,True,harvest_rich,False
3,Suzuka,Japanese Grand Prix,10,S2,NOR,McLaren,LEC,Ferrari,0.779,289.0,283.0,6.0,10.0,MEDIUM,10.0,MEDIUM,True,harvest_rich,False
3,Suzuka,Japanese Grand Prix,10,S2,ANT,Mercedes,NOR,McLaren,0.446,292.0,289.0,3.0,10.0,MEDIUM,10.0,MEDIUM,True,harvest_rich,False
3,Suzuka,Japanese Grand Prix,10,S2,HAD,Red Bull Racing,LIN,Racing Bulls,0.59,292.0,287.0,5.0,10.0,MEDIUM,10.0,MEDIUM,True,harvest_rich,False
3,Suzuka,Japanese Grand Prix,10,S2,COL,Alpine,LAW,Racing Bulls,0.863,288.0,285.0,3.0,10.0,MEDIUM,10.0,MEDIUM,True,harvest_rich,False
3,Suzuka,Japanese Grand Prix,10,S2,BOR,Audi,COL,Alpine,0.971,292.0,288.0,4.0,10.0,MEDIUM,10.0,MEDIUM,True,harvest_rich,False
3,Suzuka,Japanese Grand Prix,10,S2,BEA,Haas F1 Team,BOR,Audi,0.982,291.0,292.0,-1.0,10.0,MEDIUM,10.0,MEDIUM,True,harvest_rich,False
3,Suzuka,Japanese Grand Prix,10,S2,HUL,Audi,SAI,Williams,0.75,288.0,283.0,5.0,10.0,MEDIUM,10.0,MEDIUM,True,harvest_rich,False
3,Suzuka,Japanese Grand Prix,10,S2,ALO,Aston Martin,STR,Aston Martin,0.961,276.0,271.0,5.0,10.0,MEDIUM,10.0,MEDIUM,True,harvest_rich,False
3,Suzuka,Japanese Grand Prix,10,S3,RUS,Mercedes,PIA,McLaren,0.837,285.0,278.0,7.0,10.0,MEDIUM,10.0,MEDIUM,True,harvest_rich,False
3,Suzuka,Japanese Grand Prix,10,S3,NOR,McLaren,LEC,Ferrari,0.593,289.0,283.0,6.0,10.0,MEDIUM,10.0,MEDIUM,True,harvest_rich,False
3,Suzuka,Japanese Grand Prix,10,S3,ANT,Mercedes,NOR,McLaren,0.448,292.0,289.0,3.0,10.0,MEDIUM,10.0,MEDIUM,True,harvest_rich,False
3,Suzuka,Japanese Grand Prix,10,S3,HAD,Red Bull Racing,LIN,Racing Bulls,0.571,292.0,287.0,5.0,10.0,MEDIUM,10.0,MEDIUM,True,harvest_rich,False
3,Suzuka,Japanese Grand Prix,10,S3,COL,Alpine,LAW,Racing Bulls,0.809,288.0,285.0,3.0,10.0,MEDIUM,10.0,MEDIUM,True,harvest_rich,False
3,Suzuka,Japanese Grand Prix,10,S3,BOR,Audi,COL,Alpine,0.758,292.0,288.0,4.0,10.0,MEDIUM,10.0,MEDIUM,True,harvest_rich,False
3,Suzuka,Japanese Grand Prix,10,S3,HUL,Audi,SAI,Williams,0.665,288.0,283.0,5.0,10.0,MEDIUM,10.0,MEDIUM,True,harvest_rich,False
3,Suzuka,Japanese Grand Prix,11,S1,RUS,Mercedes,PIA,McLaren,0.708,284.0,276.0,8.0,11.0,MEDIUM,11.0,MEDIUM,True,harvest_rich,False
3,Suzuka,Japanese Grand Prix,11,S1,NOR,McLaren,LEC,Ferrari,0.76,286.0,280.0,6.0,11.0,MEDIUM,11.0,MEDIUM,True,harvest_rich,False
3,Suzuka,Japanese Grand Prix,11,S1,HAD,Red Bull Racing,LIN,Racing Bulls,0.456,295.0,287.0,8.0,11.0,MEDIUM,11.0,MEDIUM,True,harvest_rich,False
3,Suzuka,Japanese Grand Prix,11,S1,COL,Alpine,LAW,Racing Bulls,0.94,288.0,287.0,1.0,11.0,MEDIUM,11.0,MEDIUM,True,harvest_rich,False
3,Suzuka,Japanese Grand Prix,11,S1,BOR,Audi,COL,Alpine,0.809,284.0,288.0,-4.0,11.0,MEDIUM,11.0,MEDIUM,True,harvest_rich,False
3,Suzuka,Japanese Grand Prix,11,S1,BEA,Haas F1 Team,BOR,Audi,0.958,281.0,284.0,-3.0,11.0,MEDIUM,11.0,MEDIUM,True,harvest_rich,False
3,Suzuka,Japanese Grand Prix,11,S1,HUL,Audi,SAI,Williams,0.574,289.0,285.0,4.0,11.0,MEDIUM,11.0,MEDIUM,True,harvest_rich,False
3,Suzuka,Japanese Grand Prix,11,S2,RUS,Mercedes,PIA,McLaren,0.791,284.0,276.0,8.0,11.0,MEDIUM,11.0,MEDIUM,True,harvest_rich,False
3,Suzuka,Japanese Grand Prix,11,S2,ANT,Mercedes,NOR,McLaren,0.316,297.0,286.0,11.0,11.0,MEDIUM,11.0,MEDIUM,True,harvest_rich,True
3,Suzuka,Japanese Grand Prix,11,S2,HAD,Red Bull Racing,LIN,Racing Bulls,0.39,295.0,287.0,8.0,11.0,MEDIUM,11.0,MEDIUM,True,harvest_rich,False
3,Suzuka,Japanese Grand Prix,11,S2,COL,Alpine,LAW,Racing Bulls,0.864,288.0,287.0,1.0,11.0,MEDIUM,11.0,MEDIUM,True,harvest_rich,False
3,Suzuka,Japanese Grand Prix,11,S2,BOR,Audi,COL,Alpine,0.931,284.0,288.0,-4.0,11.0,MEDIUM,11.0,MEDIUM,True,harvest_rich,False
3,Suzuka,Japanese Grand Prix,11,S2,HUL,Audi,SAI,Williams,0.636,289.0,285.0,4.0,11.0,MEDIUM,11.0,MEDIUM,True,harvest_rich,False
3,Suzuka,Japanese Grand Prix,11,S2,ALO,Aston Martin,STR,Aston Martin,0.907,281.0,277.0,4.0,11.0,MEDIUM,11.0,MEDIUM,True,harvest_rich,False
3,Suzuka,Japanese Grand Prix,11,S3,RUS,Mercedes,PIA,McLaren,0.75,284.0,276.0,8.0,11.0,MEDIUM,11.0,MEDIUM,True,harvest_rich,False
3,Suzuka,Japanese Grand Prix,11,S3,NOR,McLaren,ANT,Mercedes,0.656,286.0,297.0,-11.0,11.0,MEDIUM,11.0,MEDIUM,True,harvest_rich,False
3,Suzuka,Japanese Grand Prix,11,S3,HAD,Red Bull Racing,LIN,Racing Bulls,0.373,295.0,287.0,8.0,11.0,MEDIUM,11.0,MEDIUM,True,harvest_rich,False
3,Suzuka,Japanese Grand Prix,11,S3,COL,Alpine,LAW,Racing Bulls,0.934,288.0,287.0,1.0,11.0,MEDIUM,11.0,MEDIUM,True,harvest_rich,False
3,Suzuka,Japanese Grand Prix,11,S3,BOR,Audi,COL,Alpine,0.897,284.0,288.0,-4.0,11.0,MEDIUM,11.0,MEDIUM,True,harvest_rich,False
3,Suzuka,Japanese Grand Prix,11,S3,HUL,Audi,SAI,Williams,0.563,289.0,285.0,4.0,11.0,MEDIUM,11.0,MEDIUM,True,harvest_rich,False
3,Suzuka,Japanese Grand Prix,11,S3,ALO,Aston Martin,STR,Aston Martin,0.819,281.0,277.0,4.0,11.0,MEDIUM,11.0,MEDIUM,True,harvest_rich,False
3,Suzuka,Japanese Grand Prix,12,S1,RUS,Mercedes,PIA,McLaren,0.611,286.0,277.0,9.0,12.0,MEDIUM,12.0,MEDIUM,True,harvest_rich,False
3,Suzuka,Japanese Grand Prix,12,S1,HAD,Red Bull Racing,LIN,Racing Bulls,0.12,296.0,288.0,8.0,12.0,MEDIUM,12.0,MEDIUM,True,harvest_rich,False
3,Suzuka,Japanese Grand Prix,12,S1,COL,Alpine,LAW,Racing Bulls,0.899,291.0,290.0,1.0,12.0,MEDIUM,12.0,MEDIUM,True,harvest_rich,False
3,Suzuka,Japanese Grand Prix,12,S1,BOR,Audi,COL,Alpine,0.751,287.0,291.0,-4.0,12.0,MEDIUM,12.0,MEDIUM,True,harvest_rich,False
3,Suzuka,Japanese Grand Prix,12,S1,HUL,Audi,SAI,Williams,0.156,286.0,284.0,2.0,12.0,MEDIUM,12.0,MEDIUM,True,harvest_rich,False
3,Suzuka,Japanese Grand Prix,12,S1,ALO,Aston Martin,STR,Aston Martin,0.805,283.0,272.0,11.0,12.0,MEDIUM,12.0,MEDIUM,True,harvest_rich,False
3,Suzuka,Japanese Grand Prix,12,S2,RUS,Mercedes,PIA,McLaren,0.757,286.0,277.0,9.0,12.0,MEDIUM,12.0,MEDIUM,True,harvest_rich,False
3,Suzuka,Japanese Grand Prix,12,S2,HAD,Red Bull Racing,LIN,Racing Bulls,0.224,296.0,288.0,8.0,12.0,MEDIUM,12.0,MEDIUM,True,harvest_rich,False
3,Suzuka,Japanese Grand Prix,12,S2,LAW,Racing Bulls,HAD,Red Bull Racing,0.815,290.0,296.0,-6.0,12.0,MEDIUM,12.0,MEDIUM,True,harvest_rich,False
3,Suzuka,Japanese Grand Prix,12,S2,COL,Alpine,LAW,Racing Bulls,0.527,291.0,290.0,1.0,12.0,MEDIUM,12.0,MEDIUM,True,harvest_rich,False
3,Suzuka,Japanese Grand Prix,12,S2,BOR,Audi,COL,Alpine,0.943,287.0,291.0,-4.0,12.0,MEDIUM,12.0,MEDIUM,True,harvest_rich,False
3,Suzuka,Japanese Grand Prix,12,S2,HUL,Audi,SAI,Williams,0.518,286.0,284.0,2.0,12.0,MEDIUM,12.0,MEDIUM,True,harvest_rich,False
3,Suzuka,Japanese Grand Prix,12,S2,ALO,Aston Martin,STR,Aston Martin,0.656,283.0,272.0,11.0,12.0,MEDIUM,12.0,MEDIUM,True,harvest_rich,False
3,Suzuka,Japanese Grand Prix,12,S3,RUS,Mercedes,PIA,McLaren,0.72,286.0,277.0,9.0,12.0,MEDIUM,12.0,MEDIUM,True,harvest_rich,False
3,Suzuka,Japanese Grand Prix,12,S3,ANT,Mercedes,LEC,Ferrari,0.837,285.0,281.0,4.0,12.0,MEDIUM,12.0,MEDIUM,True,harvest_rich,False
3,Suzuka,Japanese Grand Prix,12,S3,HAD,Red Bull Racing,LIN,Racing Bulls,0.356,296.0,288.0,8.0,12.0,MEDIUM,12.0,MEDIUM,True,harvest_rich,False
3,Suzuka,Japanese Grand Prix,12,S3,LAW,Racing Bulls,HAD,Red Bull Racing,0.549,290.0,296.0,-6.0,12.0,MEDIUM,12.0,MEDIUM,True,harvest_rich,False
3,Suzuka,Japanese Grand Prix,12,S3,COL,Alpine,LAW,Racing Bulls,0.598,291.0,290.0,1.0,12.0,MEDIUM,12.0,MEDIUM,True,harvest_rich,False
3,Suzuka,Japanese Grand Prix,12,S3,BOR,Audi,COL,Alpine,0.717,287.0,291.0,-4.0,12.0,MEDIUM,12.0,MEDIUM,True,harvest_rich,False
3,Suzuka,Japanese Grand Prix,12,S3,HUL,Audi,SAI,Williams,0.586,286.0,284.0,2.0,12.0,MEDIUM,12.0,MEDIUM,True,harvest_rich,False
3,Suzuka,Japanese Grand Prix,12,S3,ALO,Aston Martin,STR,Aston Martin,0.432,283.0,272.0,11.0,12.0,MEDIUM,12.0,MEDIUM,True,harvest_rich,False
3,Suzuka,Japanese Grand Prix,13,S1,RUS,Mercedes,PIA,McLaren,0.924,282.0,278.0,4.0,13.0,MEDIUM,13.0,MEDIUM,True,harvest_rich,False
3,Suzuka,Japanese Grand Prix,13,S1,ANT,Mercedes,LEC,Ferrari,0.57,288.0,281.0,7.0,13.0,MEDIUM,13.0,MEDIUM,True,harvest_rich,False
3,Suzuka,Japanese Grand Prix,13,S1,HAD,Red Bull Racing,LIN,Racing Bulls,0.735,289.0,284.0,5.0,13.0,MEDIUM,13.0,MEDIUM,True,harvest_rich,False
3,Suzuka,Japanese Grand Prix,13,S1,COL,Alpine,LAW,Racing Bulls,0.815,291.0,290.0,1.0,13.0,MEDIUM,13.0,MEDIUM,True,harvest_rich,False
3,Suzuka,Japanese Grand Prix,13,S1,BOR,Audi,COL,Alpine,0.347,288.0,291.0,-3.0,13.0,MEDIUM,13.0,MEDIUM,True,harvest_rich,False
3,Suzuka,Japanese Grand Prix,13,S1,HUL,Audi,SAI,Williams,0.654,288.0,285.0,3.0,13.0,MEDIUM,13.0,MEDIUM,True,harvest_rich,False
3,Suzuka,Japanese Grand Prix,13,S1,ALO,Aston Martin,STR,Aston Martin,0.544,278.0,271.0,7.0,13.0,MEDIUM,13.0,MEDIUM,True,harvest_rich,False
3,Suzuka,Japanese Grand Prix,13,S2,ANT,Mercedes,LEC,Ferrari,0.535,288.0,281.0,7.0,13.0,MEDIUM,13.0,MEDIUM,True,harvest_rich,False
3,Suzuka,Japanese Grand Prix,13,S2,HAD,Red Bull Racing,LIN,Racing Bulls,0.634,289.0,284.0,5.0,13.0,MEDIUM,13.0,MEDIUM,True,harvest_rich,False
3,Suzuka,Japanese Grand Prix,13,S2,COL,Alpine,LAW,Racing Bulls,0.8,291.0,290.0,1.0,13.0,MEDIUM,13.0,MEDIUM,True,harvest_rich,False
3,Suzuka,Japanese Grand Prix,13,S2,BOR,Audi,COL,Alpine,0.734,288.0,291.0,-3.0,13.0,MEDIUM,13.0,MEDIUM,True,harvest_rich,False
3,Suzuka,Japanese Grand Prix,13,S2,HUL,Audi,SAI,Williams,0.673,288.0,285.0,3.0,13.0,MEDIUM,13.0,MEDIUM,True,harvest_rich,False
3,Suzuka,Japanese Grand Prix,13,S2,ALO,Aston Martin,STR,Aston Martin,0.598,278.0,271.0,7.0,13.0,MEDIUM,13.0,MEDIUM,True,harvest_rich,False
3,Suzuka,Japanese Grand Prix,13,S3,ANT,Mercedes,LEC,Ferrari,0.373,288.0,281.0,7.0,13.0,MEDIUM,13.0,MEDIUM,True,harvest_rich,False
3,Suzuka,Japanese Grand Prix,13,S3,HAD,Red Bull Racing,LIN,Racing Bulls,0.578,289.0,284.0,5.0,13.0,MEDIUM,13.0,MEDIUM,True,harvest_rich,False
3,Suzuka,Japanese Grand Prix,13,S3,COL,Alpine,LAW,Racing Bulls,0.906,291.0,290.0,1.0,13.0,MEDIUM,13.0,MEDIUM,True,harvest_rich,False
3,Suzuka,Japanese Grand Prix,13,S3,BOR,Audi,COL,Alpine,0.753,288.0,291.0,-3.0,13.0,MEDIUM,13.0,MEDIUM,True,harvest_rich,False
3,Suzuka,Japanese Grand Prix,13,S3,HUL,Audi,SAI,Williams,0.665,288.0,285.0,3.0,13.0,MEDIUM,13.0,MEDIUM,True,harvest_rich,False
3,Suzuka,Japanese Grand Prix,13,S3,ALO,Aston Martin,STR,Aston Martin,0.569,278.0,271.0,7.0,13.0,MEDIUM,13.0,MEDIUM,True,harvest_rich,False
3,Suzuka,Japanese Grand Prix,14,S1,RUS,Mercedes,PIA,McLaren,0.985,282.0,277.0,5.0,14.0,MEDIUM,14.0,MEDIUM,True,harvest_rich,False
3,Suzuka,Japanese Grand Prix,14,S1,ANT,Mercedes,LEC,Ferrari,0.359,289.0,279.0,10.0,14.0,MEDIUM,14.0,MEDIUM,True,harvest_rich,False
3,Suzuka,Japanese Grand Prix,14,S1,HAD,Red Bull Racing,LIN,Racing Bulls,0.644,290.0,285.0,5.0,14.0,MEDIUM,14.0,MEDIUM,True,harvest_rich,False
3,Suzuka,Japanese Grand Prix,14,S1,BOR,Audi,COL,Alpine,0.602,289.0,290.0,-1.0,14.0,MEDIUM,14.0,MEDIUM,True,harvest_rich,False
3,Suzuka,Japanese Grand Prix,14,S1,HUL,Audi,SAI,Williams,0.316,289.0,284.0,5.0,14.0,MEDIUM,14.0,MEDIUM,True,harvest_rich,False
3,Suzuka,Japanese Grand Prix,14,S1,ALO,Aston Martin,STR,Aston Martin,0.803,282.0,271.0,11.0,14.0,MEDIUM,14.0,MEDIUM,True,harvest_rich,False
3,Suzuka,Japanese Grand Prix,14,S2,ANT,Mercedes,LEC,Ferrari,0.49,289.0,279.0,10.0,14.0,MEDIUM,14.0,MEDIUM,True,harvest_rich,False
3,Suzuka,Japanese Grand Prix,14,S2,HAD,Red Bull Racing,LIN,Racing Bulls,0.714,290.0,285.0,5.0,14.0,MEDIUM,14.0,MEDIUM,True,harvest_rich,False
3,Suzuka,Japanese Grand Prix,14,S2,COL,Alpine,LAW,Racing Bulls,0.646,290.0,288.0,2.0,14.0,MEDIUM,14.0,MEDIUM,True,harvest_rich,False
3,Suzuka,Japanese Grand Prix,14,S2,BOR,Audi,COL,Alpine,0.861,289.0,290.0,-1.0,14.0,MEDIUM,14.0,MEDIUM,True,harvest_rich,False
3,Suzuka,Japanese Grand Prix,14,S2,HUL,Audi,SAI,Williams,0.643,289.0,284.0,5.0,14.0,MEDIUM,14.0,MEDIUM,True,harvest_rich,False
3,Suzuka,Japanese Grand Prix,14,S2,ALO,Aston Martin,STR,Aston Martin,0.645,282.0,271.0,11.0,14.0,MEDIUM,14.0,MEDIUM,True,harvest_rich,False
3,Suzuka,Japanese Grand Prix,14,S3,ANT,Mercedes,LEC,Ferrari,0.329,289.0,279.0,10.0,14.0,MEDIUM,14.0,MEDIUM,True,harvest_rich,False
3,Suzuka,Japanese Grand Prix,14,S3,HAD,Red Bull Racing,LIN,Racing Bulls,0.716,290.0,285.0,5.0,14.0,MEDIUM,14.0,MEDIUM,True,harvest_rich,False
3,Suzuka,Japanese Grand Prix,14,S3,COL,Alpine,LAW,Racing Bulls,0.68,290.0,288.0,2.0,14.0,MEDIUM,14.0,MEDIUM,True,harvest_rich,False
3,Suzuka,Japanese Grand Prix,14,S3,BOR,Audi,COL,Alpine,0.726,289.0,290.0,-1.0,14.0,MEDIUM,14.0,MEDIUM,True,harvest_rich,False
3,Suzuka,Japanese Grand Prix,14,S3,HUL,Audi,SAI,Williams,0.124,289.0,284.0,5.0,14.0,MEDIUM,14.0,MEDIUM,True,harvest_rich,True
3,Suzuka,Japanese Grand Prix,14,S3,ALO,Aston Martin,STR,Aston Martin,0.604,282.0,271.0,11.0,14.0,MEDIUM,14.0,MEDIUM,True,harvest_rich,False
3,Suzuka,Japanese Grand Prix,15,S1,ANT,Mercedes,LEC,Ferrari,0.334,289.0,277.0,12.0,15.0,MEDIUM,15.0,MEDIUM,True,harvest_rich,False
3,Suzuka,Japanese Grand Prix,15,S1,HAD,Red Bull Racing,LIN,Racing Bulls,0.443,296.0,285.0,11.0,15.0,MEDIUM,15.0,MEDIUM,True,harvest_rich,False
3,Suzuka,Japanese Grand Prix,15,S1,COL,Alpine,LAW,Racing Bulls,0.818,288.0,287.0,1.0,15.0,MEDIUM,15.0,MEDIUM,True,harvest_rich,False
3,Suzuka,Japanese Grand Prix,15,S1,BOR,Audi,COL,Alpine,0.491,290.0,288.0,2.0,15.0,MEDIUM,15.0,MEDIUM,True,harvest_rich,False
3,Suzuka,Japanese Grand Prix,15,S1,ALO,Aston Martin,STR,Aston Martin,0.918,283.0,270.0,13.0,15.0,MEDIUM,15.0,MEDIUM,True,harvest_rich,False
3,Suzuka,Japanese Grand Prix,15,S2,ANT,Mercedes,LEC,Ferrari,0.286,289.0,277.0,12.0,15.0,MEDIUM,15.0,MEDIUM,True,harvest_rich,True
3,Suzuka,Japanese Grand Prix,15,S2,HAD,Red Bull Racing,LIN,Racing Bulls,0.31,296.0,285.0,11.0,15.0,MEDIUM,15.0,MEDIUM,True,harvest_rich,False
3,Suzuka,Japanese Grand Prix,15,S2,COL,Alpine,LAW,Racing Bulls,0.916,288.0,287.0,1.0,15.0,MEDIUM,15.0,MEDIUM,True,harvest_rich,False
3,Suzuka,Japanese Grand Prix,15,S2,BOR,Audi,COL,Alpine,0.477,290.0,288.0,2.0,15.0,MEDIUM,15.0,MEDIUM,True,harvest_rich,False
3,Suzuka,Japanese Grand Prix,15,S2,ALO,Aston Martin,STR,Aston Martin,0.453,283.0,270.0,13.0,15.0,MEDIUM,15.0,MEDIUM,True,harvest_rich,False
3,Suzuka,Japanese Grand Prix,15,S3,LEC,Ferrari,ANT,Mercedes,0.197,277.0,289.0,-12.0,15.0,MEDIUM,15.0,MEDIUM,True,harvest_rich,True
3,Suzuka,Japanese Grand Prix,15,S3,HAD,Red Bull Racing,LIN,Racing Bulls,0.204,296.0,285.0,11.0,15.0,MEDIUM,15.0,MEDIUM,True,harvest_rich,False
3,Suzuka,Japanese Grand Prix,15,S3,COL,Alpine,LAW,Racing Bulls,0.917,288.0,287.0,1.0,15.0,MEDIUM,15.0,MEDIUM,True,harvest_rich,False
3,Suzuka,Japanese Grand Prix,15,S3,BOR,Audi,COL,Alpine,0.393,290.0,288.0,2.0,15.0,MEDIUM,15.0,MEDIUM,True,harvest_rich,False
3,Suzuka,Japanese Grand Prix,15,S3,ALO,Aston Martin,STR,Aston Martin,0.392,283.0,270.0,13.0,15.0,MEDIUM,15.0,MEDIUM,True,harvest_rich,False
3,Suzuka,Japanese Grand Prix,16,S1,ANT,Mercedes,LEC,Ferrari,0.773,284.0,281.0,3.0,16.0,MEDIUM,16.0,MEDIUM,True,harvest_rich,False
3,Suzuka,Japanese Grand Prix,16,S1,NOR,McLaren,ANT,Mercedes,0.664,289.0,284.0,5.0,16.0,MEDIUM,16.0,MEDIUM,True,harvest_rich,False
3,Suzuka,Japanese Grand Prix,16,S1,HAM,Ferrari,NOR,McLaren,0.909,286.0,289.0,-3.0,16.0,MEDIUM,16.0,MEDIUM,True,harvest_rich,False
3,Suzuka,Japanese Grand Prix,16,S1,HAD,Red Bull Racing,LIN,Racing Bulls,0.519,289.0,283.0,6.0,16.0,MEDIUM,16.0,MEDIUM,True,harvest_rich,False
3,Suzuka,Japanese Grand Prix,16,S1,BOR,Audi,COL,Alpine,0.468,286.0,292.0,-6.0,16.0,MEDIUM,16.0,MEDIUM,True,harvest_rich,False
3,Suzuka,Japanese Grand Prix,16,S1,ALO,Aston Martin,STR,Aston Martin,0.787,277.0,270.0,7.0,16.0,MEDIUM,16.0,MEDIUM,True,harvest_rich,False
3,Suzuka,Japanese Grand Prix,16,S2,ANT,Mercedes,LEC,Ferrari,0.937,284.0,281.0,3.0,16.0,MEDIUM,16.0,MEDIUM,True,harvest_rich,False
3,Suzuka,Japanese Grand Prix,16,S2,NOR,McLaren,ANT,Mercedes,0.861,289.0,284.0,5.0,16.0,MEDIUM,16.0,MEDIUM,True,harvest_rich,False
3,Suzuka,Japanese Grand Prix,16,S2,HAM,Ferrari,NOR,McLaren,0.757,286.0,289.0,-3.0,16.0,MEDIUM,16.0,MEDIUM,True,harvest_rich,True
3,Suzuka,Japanese Grand Prix,16,S2,HAD,Red Bull Racing,LIN,Racing Bulls,0.52,289.0,283.0,6.0,16.0,MEDIUM,16.0,MEDIUM,True,harvest_rich,False
3,Suzuka,Japanese Grand Prix,16,S2,COL,Alpine,LAW,Racing Bulls,0.844,292.0,289.0,3.0,16.0,MEDIUM,16.0,MEDIUM,True,harvest_rich,False
3,Suzuka,Japanese Grand Prix,16,S2,BOR,Audi,COL,Alpine,0.789,286.0,292.0,-6.0,16.0,MEDIUM,16.0,MEDIUM,True,harvest_rich,False
3,Suzuka,Japanese Grand Prix,16,S2,BEA,Haas F1 Team,BOR,Audi,0.821,288.0,286.0,2.0,16.0,MEDIUM,16.0,MEDIUM,True,harvest_rich,False
3,Suzuka,Japanese Grand Prix,16,S2,ALO,Aston Martin,STR,Aston Martin,0.712,277.0,270.0,7.0,16.0,MEDIUM,16.0,MEDIUM,True,harvest_rich,False
3,Suzuka,Japanese Grand Prix,16,S3,ANT,Mercedes,LEC,Ferrari,0.66,284.0,281.0,3.0,16.0,MEDIUM,16.0,MEDIUM,True,harvest_rich,False
3,Suzuka,Japanese Grand Prix,16,S3,HAD,Red Bull Racing,LIN,Racing Bulls,0.585,289.0,283.0,6.0,16.0,MEDIUM,16.0,MEDIUM,True,harvest_rich,False
3,Suzuka,Japanese Grand Prix,16,S3,COL,Alpine,LAW,Racing Bulls,0.797,292.0,289.0,3.0,16.0,MEDIUM,16.0,MEDIUM,True,harvest_rich,False
3,Suzuka,Japanese Grand Prix,16,S3,BOR,Audi,COL,Alpine,0.948,286.0,292.0,-6.0,16.0,MEDIUM,16.0,MEDIUM,True,harvest_rich,False
3,Suzuka,Japanese Grand Prix,16,S3,BEA,Haas F1 Team,HUL,Audi,0.112,288.0,287.0,1.0,16.0,MEDIUM,16.0,MEDIUM,True,harvest_rich,False
3,Suzuka,Japanese Grand Prix,16,S3,ALO,Aston Martin,STR,Aston Martin,0.696,277.0,270.0,7.0,16.0,MEDIUM,16.0,MEDIUM,True,harvest_rich,False
3,Suzuka,Japanese Grand Prix,17,S1,ANT,Mercedes,LEC,Ferrari,0.523,291.0,288.0,3.0,17.0,MEDIUM,17.0,MEDIUM,True,harvest_rich,False
3,Suzuka,Japanese Grand Prix,17,S1,HAD,Red Bull Racing,LIN,Racing Bulls,0.513,279.0,284.0,-5.0,17.0,MEDIUM,17.0,MEDIUM,True,harvest_rich,False
3,Suzuka,Japanese Grand Prix,17,S1,COL,Alpine,LAW,Racing Bulls,0.811,291.0,288.0,3.0,17.0,MEDIUM,17.0,MEDIUM,True,harvest_rich,False
3,Suzuka,Japanese Grand Prix,17,S1,BOR,Audi,COL,Alpine,0.751,284.0,291.0,-7.0,17.0,MEDIUM,17.0,MEDIUM,True,harvest_rich,False
3,Suzuka,Japanese Grand Prix,17,S1,ALO,Aston Martin,STR,Aston Martin,0.591,279.0,272.0,7.0,17.0,MEDIUM,17.0,MEDIUM,True,harvest_rich,False
3,Suzuka,Japanese Grand Prix,17,S2,ANT,Mercedes,LEC,Ferrari,0.409,291.0,288.0,3.0,17.0,MEDIUM,17.0,MEDIUM,True,harvest_rich,True
3,Suzuka,Japanese Grand Prix,17,S2,NOR,McLaren,OCO,Haas F1 Team,0.444,294.0,274.0,20.0,1.0,HARD,17.0,MEDIUM,True,harvest_rich,True
3,Suzuka,Japanese Grand Prix,17,S2,HAD,Red Bull Racing,LIN,Racing Bulls,0.84,279.0,284.0,-5.0,17.0,MEDIUM,17.0,MEDIUM,True,harvest_rich,False
3,Suzuka,Japanese Grand Prix,17,S2,LAW,Racing Bulls,HAD,Red Bull Racing,0.874,288.0,279.0,9.0,17.0,MEDIUM,17.0,MEDIUM,True,harvest_rich,False
3,Suzuka,Japanese Grand Prix,17,S2,COL,Alpine,LAW,Racing Bulls,0.808,291.0,288.0,3.0,17.0,MEDIUM,17.0,MEDIUM,True,harvest_rich,False
3,Suzuka,Japanese Grand Prix,17,S2,BOR,Audi,COL,Alpine,0.826,284.0,291.0,-7.0,17.0,MEDIUM,17.0,MEDIUM,True,harvest_rich,True
3,Suzuka,Japanese Grand Prix,17,S2,ALO,Aston Martin,STR,Aston Martin,0.542,279.0,272.0,7.0,17.0,MEDIUM,17.0,MEDIUM,True,harvest_rich,False
3,Suzuka,Japanese Grand Prix,17,S3,LEC,Ferrari,HAM,Ferrari,0.211,288.0,285.0,3.0,17.0,MEDIUM,17.0,MEDIUM,True,harvest_rich,False
3,Suzuka,Japanese Grand Prix,17,S3,OCO,Haas F1 Team,NOR,McLaren,0.788,274.0,294.0,-20.0,17.0,MEDIUM,1.0,HARD,True,harvest_rich,False
3,Suzuka,Japanese Grand Prix,17,S3,LAW,Racing Bulls,HAD,Red Bull Racing,0.777,288.0,279.0,9.0,17.0,MEDIUM,17.0,MEDIUM,True,harvest_rich,False
3,Suzuka,Japanese Grand Prix,17,S3,HUL,Audi,COL,Alpine,0.959,286.0,291.0,-5.0,17.0,MEDIUM,17.0,MEDIUM,True,harvest_rich,True
3,Suzuka,Japanese Grand Prix,17,S3,ALO,Aston Martin,STR,Aston Martin,0.423,279.0,272.0,7.0,17.0,MEDIUM,17.0,MEDIUM,True,harvest_rich,False
3,Suzuka,Japanese Grand Prix,18,S1,HAD,Red Bull Racing,LIN,Racing Bulls,0.684,291.0,284.0,7.0,18.0,MEDIUM,18.0,MEDIUM,True,harvest_rich,False
3,Suzuka,Japanese Grand Prix,18,S1,COL,Alpine,PER,Cadillac,0.327,273.0,280.0,-7.0,1.0,HARD,18.0,MEDIUM,True,harvest_rich,True
3,Suzuka,Japanese Grand Prix,18,S1,ALO,Aston Martin,STR,Aston Martin,0.493,282.0,271.0,11.0,18.0,MEDIUM,18.0,MEDIUM,True,harvest_rich,False
3,Suzuka,Japanese Grand Prix,18,S2,HAD,Red Bull Racing,LIN,Racing Bulls,0.748,291.0,284.0,7.0,18.0,MEDIUM,18.0,MEDIUM,True,harvest_rich,True
3,Suzuka,Japanese Grand Prix,18,S2,PER,Cadillac,COL,Alpine,0.807,280.0,273.0,7.0,18.0,MEDIUM,1.0,HARD,True,harvest_rich,False
3,Suzuka,Japanese Grand Prix,18,S2,BEA,Haas F1 Team,PER,Cadillac,0.379,288.0,280.0,8.0,2.0,HARD,18.0,MEDIUM,True,harvest_rich,False
3,Suzuka,Japanese Grand Prix,18,S2,ALO,Aston Martin,STR,Aston Martin,0.481,282.0,271.0,11.0,18.0,MEDIUM,18.0,MEDIUM,True,harvest_rich,False
3,Suzuka,Japanese Grand Prix,18,S3,PIA,McLaren,RUS,Mercedes,0.692,279.0,281.0,-2.0,18.0,MEDIUM,18.0,MEDIUM,True,harvest_rich,False
3,Suzuka,Japanese Grand Prix,18,S3,LIN,Racing Bulls,LAW,Racing Bulls,0.797,284.0,289.0,-5.0,18.0,MEDIUM,18.0,MEDIUM,True,harvest_rich,False
3,Suzuka,Japanese Grand Prix,18,S3,BEA,Haas F1 Team,PER,Cadillac,0.189,288.0,280.0,8.0,2.0,HARD,18.0,MEDIUM,True,harvest_rich,True
3,Suzuka,Japanese Grand Prix,18,S3,ALO,Aston Martin,STR,Aston Martin,0.473,282.0,271.0,11.0,18.0,MEDIUM,18.0,MEDIUM,True,harvest_rich,False
3,Suzuka,Japanese Grand Prix,19,S1,COL,Alpine,LIN,Racing Bulls,0.698,283.0,279.0,4.0,2.0,HARD,1.0,HARD,True,harvest_rich,False
3,Suzuka,Japanese Grand Prix,19,S1,BEA,Haas F1 Team,COL,Alpine,0.633,294.0,283.0,11.0,3.0,HARD,2.0,HARD,True,harvest_rich,False
3,Suzuka,Japanese Grand Prix,19,S1,ALO,Aston Martin,STR,Aston Martin,0.743,279.0,271.0,8.0,19.0,MEDIUM,19.0,MEDIUM,True,harvest_rich,False
3,Suzuka,Japanese Grand Prix,19,S2,COL,Alpine,LIN,Racing Bulls,0.86,283.0,279.0,4.0,2.0,HARD,1.0,HARD,True,harvest_rich,False
3,Suzuka,Japanese Grand Prix,19,S2,BEA,Haas F1 Team,COL,Alpine,0.396,294.0,283.0,11.0,3.0,HARD,2.0,HARD,True,harvest_rich,False
3,Suzuka,Japanese Grand Prix,19,S2,ALO,Aston Martin,STR,Aston Martin,0.686,279.0,271.0,8.0,19.0,MEDIUM,19.0,MEDIUM,True,harvest_rich,False
3,Suzuka,Japanese Grand Prix,19,S3,LAW,Racing Bulls,HAD,Red Bull Racing,0.068,285.0,291.0,-6.0,19.0,MEDIUM,19.0,MEDIUM,True,harvest_rich,True
3,Suzuka,Japanese Grand Prix,19,S3,HUL,Audi,BOR,Audi,0.894,292.0,281.0,11.0,19.0,MEDIUM,19.0,MEDIUM,True,harvest_rich,False
3,Suzuka,Japanese Grand Prix,19,S3,COL,Alpine,LIN,Racing Bulls,0.954,283.0,279.0,4.0,2.0,HARD,1.0,HARD,True,harvest_rich,False
3,Suzuka,Japanese Grand Prix,19,S3,BEA,Haas F1 Team,COL,Alpine,0.537,294.0,283.0,11.0,3.0,HARD,2.0,HARD,True,harvest_rich,False
3,Suzuka,Japanese Grand Prix,19,S3,ALO,Aston Martin,STR,Aston Martin,0.703,279.0,271.0,8.0,19.0,MEDIUM,19.0,MEDIUM,True,harvest_rich,False
3,Suzuka,Japanese Grand Prix,20,S1,PIA,McLaren,VER,Red Bull Racing,0.528,289.0,281.0,8.0,2.0,HARD,20.0,MEDIUM,True,harvest_rich,False
3,Suzuka,Japanese Grand Prix,20,S1,NOR,McLaren,LEC,Ferrari,0.989,286.0,281.0,5.0,4.0,HARD,3.0,HARD,True,harvest_rich,False
3,Suzuka,Japanese Grand Prix,20,S1,HUL,Audi,BOR,Audi,0.765,292.0,283.0,9.0,20.0,MEDIUM,20.0,MEDIUM,True,harvest_rich,False
3,Suzuka,Japanese Grand Prix,20,S1,COL,Alpine,LIN,Racing Bulls,0.941,288.0,285.0,3.0,3.0,HARD,2.0,HARD,True,harvest_rich,False
3,Suzuka,Japanese Grand Prix,20,S1,BEA,Haas F1 Team,COL,Alpine,0.512,294.0,288.0,6.0,4.0,HARD,3.0,HARD,True,harvest_rich,False
3,Suzuka,Japanese Grand Prix,20,S1,ALO,Aston Martin,STR,Aston Martin,0.592,282.0,270.0,12.0,20.0,MEDIUM,20.0,MEDIUM,True,harvest_rich,False
3,Suzuka,Japanese Grand Prix,20,S2,PIA,McLaren,VER,Red Bull Racing,0.269,289.0,281.0,8.0,2.0,HARD,20.0,MEDIUM,True,harvest_rich,False
3,Suzuka,Japanese Grand Prix,20,S2,HUL,Audi,BOR,Audi,0.634,292.0,283.0,9.0,20.0,MEDIUM,20.0,MEDIUM,True,harvest_rich,False
3,Suzuka,Japanese Grand Prix,20,S2,BEA,Haas F1 Team,COL,Alpine,0.468,294.0,288.0,6.0,4.0,HARD,3.0,HARD,True,harvest_rich,False
3,Suzuka,Japanese Grand Prix,20,S2,ALO,Aston Martin,STR,Aston Martin,0.477,282.0,270.0,12.0,20.0,MEDIUM,20.0,MEDIUM,True,harvest_rich,False
3,Suzuka,Japanese Grand Prix,20,S3,PIA,McLaren,VER,Red Bull Racing,0.33,289.0,281.0,8.0,2.0,HARD,20.0,MEDIUM,True,harvest_rich,True
3,Suzuka,Japanese Grand Prix,20,S3,NOR,McLaren,LEC,Ferrari,0.931,286.0,281.0,5.0,4.0,HARD,3.0,HARD,True,harvest_rich,False
3,Suzuka,Japanese Grand Prix,20,S3,HUL,Audi,BOR,Audi,0.527,292.0,283.0,9.0,20.0,MEDIUM,20.0,MEDIUM,True,harvest_rich,False
3,Suzuka,Japanese Grand Prix,20,S3,BEA,Haas F1 Team,COL,Alpine,0.517,294.0,288.0,6.0,4.0,HARD,3.0,HARD,True,harvest_rich,False
3,Suzuka,Japanese Grand Prix,20,S3,ALO,Aston Martin,STR,Aston Martin,0.477,282.0,270.0,12.0,20.0,MEDIUM,20.0,MEDIUM,True,harvest_rich,False
3,Suzuka,Japanese Grand Prix,21,S1,NOR,McLaren,LEC,Ferrari,0.855,289.0,284.0,5.0,5.0,HARD,4.0,HARD,True,harvest_rich,False
3,Suzuka,Japanese Grand Prix,21,S1,HUL,Audi,BOR,Audi,0.533,292.0,290.0,2.0,21.0,MEDIUM,21.0,MEDIUM,True,harvest_rich,False
3,Suzuka,Japanese Grand Prix,21,S1,ALO,Aston Martin,STR,Aston Martin,0.64,182.0,207.0,-25.0,21.0,MEDIUM,21.0,MEDIUM,True,harvest_rich,False
3,Suzuka,Japanese Grand Prix,21,S2,HUL,Audi,BOR,Audi,0.537,292.0,290.0,2.0,21.0,MEDIUM,21.0,MEDIUM,True,harvest_rich,False
3,Suzuka,Japanese Grand Prix,21,S3,RUS,Mercedes,ANT,Mercedes,0.291,285.0,282.0,3.0,21.0,MEDIUM,21.0,MEDIUM,True,harvest_rich,False
3,Suzuka,Japanese Grand Prix,21,S3,NOR,McLaren,LEC,Ferrari,0.96,289.0,284.0,5.0,5.0,HARD,4.0,HARD,True,harvest_rich,False
3,Suzuka,Japanese Grand Prix,21,S3,BOR,Audi,LAW,Racing Bulls,0.917,290.0,280.0,10.0,21.0,MEDIUM,21.0,MEDIUM,True,harvest_rich,False
3,Suzuka,Japanese Grand Prix,21,S3,HUL,Audi,BOR,Audi,0.646,292.0,290.0,2.0,21.0,MEDIUM,21.0,MEDIUM,True,harvest_rich,False
3,Suzuka,Japanese Grand Prix,22,S1,HUL,Audi,BOR,Audi,0.985,215.0,205.0,10.0,22.0,MEDIUM,22.0,MEDIUM,True,harvest_rich,False
3,Suzuka,Japanese Grand Prix,22,S2,PIA,McLaren,GAS,Alpine,0.703,239.0,250.0,-11.0,4.0,HARD,22.0,MEDIUM,True,harvest_rich,True
3,Suzuka,Japanese Grand Prix,22,S2,NOR,McLaren,LEC,Ferrari,0.45,216.0,253.0,-37.0,6.0,HARD,5.0,HARD,True,harvest_rich,False
3,Suzuka,Japanese Grand Prix,22,S2,BOR,Audi,LAW,Racing Bulls,0.292,205.0,224.0,-19.0,22.0,MEDIUM,22.0,MEDIUM,True,harvest_rich,False
3,Suzuka,Japanese Grand Prix,22,S2,HAD,Red Bull Racing,OCO,Haas F1 Team,0.84,247.0,251.0,-4.0,3.0,HARD,3.0,HARD,True,harvest_rich,False
3,Suzuka,Japanese Grand Prix,22,S3,GAS,Alpine,PIA,McLaren,0.336,250.0,239.0,11.0,22.0,MEDIUM,4.0,HARD,True,harvest_rich,False
3,Suzuka,Japanese Grand Prix,22,S3,LAW,Racing Bulls,HUL,Audi,0.152,224.0,215.0,9.0,22.0,MEDIUM,22.0,MEDIUM,True,harvest_rich,False
3,Suzuka,Japanese Grand Prix,22,S3,BOR,Audi,LAW,Racing Bulls,0.998,205.0,224.0,-19.0,22.0,MEDIUM,22.0,MEDIUM,True,harvest_rich,False
3,Suzuka,Japanese Grand Prix,23,S1,LEC,Ferrari,HAM,Ferrari,0.717,234.0,185.0,49.0,6.0,HARD,1.0,HARD,True,harvest_rich,False
3,Suzuka,Japanese Grand Prix,23,S1,BOR,Audi,LAW,Racing Bulls,0.567,246.0,253.0,-7.0,1.0,HARD,1.0,HARD,True,harvest_rich,False
3,Suzuka,Japanese Grand Prix,23,S2,BOR,Audi,LAW,Racing Bulls,0.311,246.0,253.0,-7.0,1.0,HARD,1.0,HARD,True,harvest_rich,False
3,Suzuka,Japanese Grand Prix,23,S3,LIN,Racing Bulls,HAD,Red Bull Racing,0.39,254.0,205.0,49.0,5.0,HARD,4.0,HARD,True,harvest_rich,False
3,Suzuka,Japanese Grand Prix,23,S3,COL,Alpine,SAI,Williams,0.132,286.0,286.0,0.0,6.0,HARD,1.0,HARD,True,harvest_rich,False
3,Suzuka,Japanese Grand Prix,24,S1,VER,Red Bull Racing,GAS,Alpine,0.858,257.0,270.0,-13.0,2.0,HARD,2.0,HARD,True,harvest_rich,False
3,Suzuka,Japanese Grand Prix,24,S1,OCO,Haas F1 Team,BOR,Audi,0.654,242.0,240.0,2.0,5.0,HARD,2.0,HARD,True,harvest_rich,False
3,Suzuka,Japanese Grand Prix,24,S1,LIN,Racing Bulls,HAD,Red Bull Racing,0.347,255.0,243.0,12.0,6.0,HARD,5.0,HARD,True,harvest_rich,False
3,Suzuka,Japanese Grand Prix,24,S1,COL,Alpine,SAI,Williams,0.712,241.0,262.0,-21.0,7.0,HARD,2.0,HARD,True,harvest_rich,False
3,Suzuka,Japanese Grand Prix,24,S2,LEC,Ferrari,HAM,Ferrari,0.429,234.0,232.0,2.0,7.0,HARD,2.0,HARD,True,harvest_rich,False
3,Suzuka,Japanese Grand Prix,24,S2,LAW,Racing Bulls,VER,Red Bull Racing,0.566,230.0,257.0,-27.0,2.0,HARD,2.0,HARD,True,harvest_rich,False
3,Suzuka,Japanese Grand Prix,24,S2,HAD,Red Bull Racing,HUL,Audi,0.88,243.0,259.0,-16.0,5.0,HARD,1.0,HARD,True,harvest_rich,False
3,Suzuka,Japanese Grand Prix,24,S2,LIN,Racing Bulls,HAD,Red Bull Racing,0.779,255.0,243.0,12.0,6.0,HARD,5.0,HARD,True,harvest_rich,False
3,Suzuka,Japanese Grand Prix,24,S3,HAM,Ferrari,RUS,Mercedes,0.548,232.0,196.0,36.0,2.0,HARD,3.0,HARD,True,harvest_rich,False
3,Suzuka,Japanese Grand Prix,24,S3,LEC,Ferrari,HAM,Ferrari,0.838,234.0,232.0,2.0,7.0,HARD,2.0,HARD,True,harvest_rich,False
3,Suzuka,Japanese Grand Prix,24,S3,VER,Red Bull Racing,GAS,Alpine,0.836,257.0,270.0,-13.0,2.0,HARD,2.0,HARD,True,harvest_rich,False
3,Suzuka,Japanese Grand Prix,24,S3,BOR,Audi,LAW,Racing Bulls,0.591,240.0,230.0,10.0,2.0,HARD,2.0,HARD,True,harvest_rich,False
3,Suzuka,Japanese Grand Prix,24,S3,LIN,Racing Bulls,HAD,Red Bull Racing,0.613,255.0,243.0,12.0,6.0,HARD,5.0,HARD,True,harvest_rich,False
3,Suzuka,Japanese Grand Prix,24,S3,COL,Alpine,SAI,Williams,0.803,241.0,262.0,-21.0,7.0,HARD,2.0,HARD,True,harvest_rich,False
3,Suzuka,Japanese Grand Prix,24,S3,PER,Cadillac,ALB,Williams,0.879,259.0,268.0,-9.0,3.0,HARD,2.0,HARD,True,harvest_rich,False
3,Suzuka,Japanese Grand Prix,25,S1,RUS,Mercedes,PIA,McLaren,0.897,193.0,134.0,59.0,4.0,HARD,7.0,HARD,True,harvest_rich,False
3,Suzuka,Japanese Grand Prix,25,S1,LEC,Ferrari,HAM,Ferrari,0.557,202.0,218.0,-16.0,8.0,HARD,3.0,HARD,True,harvest_rich,False
3,Suzuka,Japanese Grand Prix,25,S1,NOR,McLaren,LEC,Ferrari,0.415,209.0,202.0,7.0,9.0,HARD,8.0,HARD,True,harvest_rich,False
3,Suzuka,Japanese Grand Prix,25,S1,VER,Red Bull Racing,GAS,Alpine,0.609,145.0,168.0,-23.0,3.0,HARD,3.0,HARD,True,harvest_rich,False
3,Suzuka,Japanese Grand Prix,25,S1,BOR,Audi,LAW,Racing Bulls,0.75,135.0,129.0,6.0,3.0,HARD,3.0,HARD,True,harvest_rich,False
3,Suzuka,Japanese Grand Prix,25,S1,HUL,Audi,OCO,Haas F1 Team,0.199,169.0,123.0,46.0,2.0,HARD,6.0,HARD,True,harvest_rich,False
3,Suzuka,Japanese Grand Prix,25,S1,LIN,Racing Bulls,HAD,Red Bull Racing,0.842,228.0,183.0,45.0,7.0,HARD,6.0,HARD,True,harvest_rich,False
3,Suzuka,Japanese Grand Prix,25,S1,SAI,Williams,LIN,Racing Bulls,0.884,261.0,228.0,33.0,3.0,HARD,7.0,HARD,True,harvest_rich,False
3,Suzuka,Japanese Grand Prix,25,S1,COL,Alpine,SAI,Williams,0.567,252.0,261.0,-9.0,8.0,HARD,3.0,HARD,True,harvest_rich,False
3,Suzuka,Japanese Grand Prix,25,S1,PER,Cadillac,ALB,Williams,0.922,232.0,256.0,-24.0,4.0,HARD,3.0,HARD,True,harvest_rich,False
3,Suzuka,Japanese Grand Prix,25,S2,HAM,Ferrari,RUS,Mercedes,0.401,218.0,193.0,25.0,3.0,HARD,4.0,HARD,True,harvest_rich,False
3,Suzuka,Japanese Grand Prix,25,S2,LAW,Racing Bulls,VER,Red Bull Racing,0.586,129.0,145.0,-16.0,3.0,HARD,3.0,HARD,True,harvest_rich,False
3,Suzuka,Japanese Grand Prix,25,S2,BOR,Audi,LAW,Racing Bulls,0.794,135.0,129.0,6.0,3.0,HARD,3.0,HARD,True,harvest_rich,False
3,Suzuka,Japanese Grand Prix,25,S2,SAI,Williams,LIN,Racing Bulls,0.978,261.0,228.0,33.0,3.0,HARD,7.0,HARD,True,harvest_rich,False
3,Suzuka,Japanese Grand Prix,25,S2,COL,Alpine,SAI,Williams,0.882,252.0,261.0,-9.0,8.0,HARD,3.0,HARD,True,harvest_rich,False
3,Suzuka,Japanese Grand Prix,25,S3,LEC,Ferrari,HAM,Ferrari,0.995,202.0,218.0,-16.0,8.0,HARD,3.0,HARD,True,harvest_rich,False
3,Suzuka,Japanese Grand Prix,25,S3,VER,Red Bull Racing,GAS,Alpine,0.378,145.0,168.0,-23.0,3.0,HARD,3.0,HARD,True,harvest_rich,False
3,Suzuka,Japanese Grand Prix,25,S3,BOR,Audi,LAW,Racing Bulls,0.935,135.0,129.0,6.0,3.0,HARD,3.0,HARD,True,harvest_rich,False
3,Suzuka,Japanese Grand Prix,25,S3,LIN,Racing Bulls,HAD,Red Bull Racing,0.727,228.0,183.0,45.0,7.0,HARD,6.0,HARD,True,harvest_rich,False
3,Suzuka,Japanese Grand Prix,25,S3,COL,Alpine,SAI,Williams,0.691,252.0,261.0,-9.0,8.0,HARD,3.0,HARD,True,harvest_rich,False
3,Suzuka,Japanese Grand Prix,26,S1,RUS,Mercedes,PIA,McLaren,0.912,183.0,171.0,12.0,5.0,HARD,8.0,HARD,True,harvest_rich,False
3,Suzuka,Japanese Grand Prix,26,S1,VER,Red Bull Racing,GAS,Alpine,0.643,173.0,195.0,-22.0,4.0,HARD,4.0,HARD,True,harvest_rich,False
3,Suzuka,Japanese Grand Prix,26,S1,BOR,Audi,LAW,Racing Bulls,0.761,214.0,189.0,25.0,4.0,HARD,4.0,HARD,True,harvest_rich,False
3,Suzuka,Japanese Grand Prix,26,S1,HUL,Audi,OCO,Haas F1 Team,0.952,247.0,225.0,22.0,3.0,HARD,7.0,HARD,True,harvest_rich,False
3,Suzuka,Japanese Grand Prix,26,S1,LIN,Racing Bulls,HAD,Red Bull Racing,0.694,237.0,226.0,11.0,8.0,HARD,7.0,HARD,True,harvest_rich,False
3,Suzuka,Japanese Grand Prix,26,S1,SAI,Williams,LIN,Racing Bulls,0.877,256.0,237.0,19.0,4.0,HARD,8.0,HARD,True,harvest_rich,False
3,Suzuka,Japanese Grand Prix,26,S1,COL,Alpine,SAI,Williams,0.768,259.0,256.0,3.0,9.0,HARD,4.0,HARD,True,harvest_rich,False
3,Suzuka,Japanese Grand Prix,26,S1,PER,Cadillac,ALB,Williams,0.923,247.0,249.0,-2.0,5.0,HARD,4.0,HARD,True,harvest_rich,False
3,Suzuka,Japanese Grand Prix,26,S1,ALO,Aston Martin,STR,Aston Martin,0.904,211.0,215.0,-4.0,3.0,MEDIUM,2.0,MEDIUM,True,harvest_rich,False
3,Suzuka,Japanese Grand Prix,26,S2,HAM,Ferrari,RUS,Mercedes,0.717,149.0,183.0,-34.0,4.0,HARD,5.0,HARD,True,harvest_rich,False
3,Suzuka,Japanese Grand Prix,26,S2,LEC,Ferrari,HAM,Ferrari,0.568,120.0,149.0,-29.0,9.0,HARD,4.0,HARD,True,harvest_rich,False
3,Suzuka,Japanese Grand Prix,26,S2,BOR,Audi,LAW,Racing Bulls,0.894,214.0,189.0,25.0,4.0,HARD,4.0,HARD,True,harvest_rich,False
3,Suzuka,Japanese Grand Prix,26,S2,LIN,Racing Bulls,HAD,Red Bull Racing,0.793,237.0,226.0,11.0,8.0,HARD,7.0,HARD,True,harvest_rich,False
3,Suzuka,Japanese Grand Prix,26,S2,SAI,Williams,LIN,Racing Bulls,0.542,256.0,237.0,19.0,4.0,HARD,8.0,HARD,True,harvest_rich,False
3,Suzuka,Japanese Grand Prix,26,S2,COL,Alpine,SAI,Williams,0.677,259.0,256.0,3.0,9.0,HARD,4.0,HARD,True,harvest_rich,False
3,Suzuka,Japanese Grand Prix,26,S2,PER,Cadillac,ALB,Williams,0.619,247.0,249.0,-2.0,5.0,HARD,4.0,HARD,True,harvest_rich,False
3,Suzuka,Japanese Grand Prix,26,S2,ALO,Aston Martin,STR,Aston Martin,0.966,211.0,215.0,-4.0,3.0,MEDIUM,2.0,MEDIUM,True,harvest_rich,False
3,Suzuka,Japanese Grand Prix,26,S3,RUS,Mercedes,PIA,McLaren,0.808,183.0,171.0,12.0,5.0,HARD,8.0,HARD,True,harvest_rich,False
3,Suzuka,Japanese Grand Prix,26,S3,VER,Red Bull Racing,GAS,Alpine,0.744,173.0,195.0,-22.0,4.0,HARD,4.0,HARD,True,harvest_rich,False
3,Suzuka,Japanese Grand Prix,26,S3,HUL,Audi,OCO,Haas F1 Team,0.835,247.0,225.0,22.0,3.0,HARD,7.0,HARD,True,harvest_rich,False
3,Suzuka,Japanese Grand Prix,26,S3,HAD,Red Bull Racing,HUL,Audi,0.977,226.0,247.0,-21.0,7.0,HARD,3.0,HARD,True,harvest_rich,False
3,Suzuka,Japanese Grand Prix,26,S3,LIN,Racing Bulls,HAD,Red Bull Racing,0.844,237.0,226.0,11.0,8.0,HARD,7.0,HARD,True,harvest_rich,False
3,Suzuka,Japanese Grand Prix,26,S3,COL,Alpine,SAI,Williams,0.526,259.0,256.0,3.0,9.0,HARD,4.0,HARD,True,harvest_rich,False
3,Suzuka,Japanese Grand Prix,26,S3,PER,Cadillac,ALB,Williams,0.939,247.0,249.0,-2.0,5.0,HARD,4.0,HARD,True,harvest_rich,False
3,Suzuka,Japanese Grand Prix,27,S1,PIA,McLaren,ANT,Mercedes,0.842,119.0,118.0,1.0,9.0,HARD,5.0,HARD,True,harvest_rich,False
3,Suzuka,Japanese Grand Prix,27,S1,LEC,Ferrari,HAM,Ferrari,0.595,121.0,122.0,-1.0,10.0,HARD,5.0,HARD,True,harvest_rich,False
3,Suzuka,Japanese Grand Prix,27,S1,VER,Red Bull Racing,GAS,Alpine,0.654,146.0,132.0,14.0,5.0,HARD,5.0,HARD,True,harvest_rich,False
3,Suzuka,Japanese Grand Prix,27,S1,BOR,Audi,LAW,Racing Bulls,0.564,138.0,139.0,-1.0,5.0,HARD,5.0,HARD,True,harvest_rich,False
3,Suzuka,Japanese Grand Prix,27,S1,HUL,Audi,OCO,Haas F1 Team,0.409,160.0,140.0,20.0,4.0,HARD,8.0,HARD,True,harvest_rich,False
3,Suzuka,Japanese Grand Prix,27,S1,LIN,Racing Bulls,HAD,Red Bull Racing,0.612,151.0,167.0,-16.0,9.0,HARD,8.0,HARD,True,harvest_rich,False
3,Suzuka,Japanese Grand Prix,27,S1,SAI,Williams,LIN,Racing Bulls,0.995,156.0,151.0,5.0,5.0,HARD,9.0,HARD,True,harvest_rich,False
3,Suzuka,Japanese Grand Prix,27,S1,PER,Cadillac,ALB,Williams,0.623,161.0,143.0,18.0,6.0,HARD,5.0,HARD,True,harvest_rich,False
3,Suzuka,Japanese Grand Prix,27,S2,PIA,McLaren,ANT,Mercedes,0.381,119.0,118.0,1.0,9.0,HARD,5.0,HARD,True,harvest_rich,False
3,Suzuka,Japanese Grand Prix,27,S2,RUS,Mercedes,PIA,McLaren,0.455,120.0,119.0,1.0,6.0,HARD,9.0,HARD,True,harvest_rich,False
3,Suzuka,Japanese Grand Prix,27,S2,HAM,Ferrari,RUS,Mercedes,0.577,122.0,120.0,2.0,5.0,HARD,6.0,HARD,True,harvest_rich,False
3,Suzuka,Japanese Grand Prix,27,S2,LEC,Ferrari,HAM,Ferrari,0.652,121.0,122.0,-1.0,10.0,HARD,5.0,HARD,True,harvest_rich,False
3,Suzuka,Japanese Grand Prix,27,S2,NOR,McLaren,LEC,Ferrari,0.753,131.0,121.0,10.0,11.0,HARD,10.0,HARD,True,harvest_rich,False
3,Suzuka,Japanese Grand Prix,27,S2,GAS,Alpine,NOR,McLaren,0.719,132.0,131.0,1.0,5.0,HARD,11.0,HARD,True,harvest_rich,False
3,Suzuka,Japanese Grand Prix,27,S2,VER,Red Bull Racing,GAS,Alpine,0.595,146.0,132.0,14.0,5.0,HARD,5.0,HARD,True,harvest_rich,False
3,Suzuka,Japanese Grand Prix,27,S2,LAW,Racing Bulls,VER,Red Bull Racing,0.489,139.0,146.0,-7.0,5.0,HARD,5.0,HARD,True,harvest_rich,False
3,Suzuka,Japanese Grand Prix,27,S2,BOR,Audi,LAW,Racing Bulls,0.812,138.0,139.0,-1.0,5.0,HARD,5.0,HARD,True,harvest_rich,False
3,Suzuka,Japanese Grand Prix,27,S2,OCO,Haas F1 Team,BOR,Audi,0.66,140.0,138.0,2.0,8.0,HARD,5.0,HARD,True,harvest_rich,False
3,Suzuka,Japanese Grand Prix,27,S2,HUL,Audi,OCO,Haas F1 Team,0.468,160.0,140.0,20.0,4.0,HARD,8.0,HARD,True,harvest_rich,False
3,Suzuka,Japanese Grand Prix,27,S2,HAD,Red Bull Racing,HUL,Audi,0.542,167.0,160.0,7.0,8.0,HARD,4.0,HARD,True,harvest_rich,False
3,Suzuka,Japanese Grand Prix,27,S2,LIN,Racing Bulls,HAD,Red Bull Racing,0.476,151.0,167.0,-16.0,9.0,HARD,8.0,HARD,True,harvest_rich,False
3,Suzuka,Japanese Grand Prix,27,S2,SAI,Williams,LIN,Racing Bulls,0.392,156.0,151.0,5.0,5.0,HARD,9.0,HARD,True,harvest_rich,False
3,Suzuka,Japanese Grand Prix,27,S2,PER,Cadillac,ALB,Williams,0.872,161.0,143.0,18.0,6.0,HARD,5.0,HARD,True,harvest_rich,False
3,Suzuka,Japanese Grand Prix,27,S3,PIA,McLaren,ANT,Mercedes,0.892,119.0,118.0,1.0,9.0,HARD,5.0,HARD,True,harvest_rich,False
3,Suzuka,Japanese Grand Prix,27,S3,RUS,Mercedes,PIA,McLaren,0.474,120.0,119.0,1.0,6.0,HARD,9.0,HARD,True,harvest_rich,False
3,Suzuka,Japanese Grand Prix,27,S3,HAM,Ferrari,RUS,Mercedes,0.333,122.0,120.0,2.0,5.0,HARD,6.0,HARD,True,harvest_rich,True
3,Suzuka,Japanese Grand Prix,27,S3,LEC,Ferrari,HAM,Ferrari,0.268,121.0,122.0,-1.0,10.0,HARD,5.0,HARD,True,harvest_rich,False
3,Suzuka,Japanese Grand Prix,27,S3,NOR,McLaren,LEC,Ferrari,0.618,131.0,121.0,10.0,11.0,HARD,10.0,HARD,True,harvest_rich,False
3,Suzuka,Japanese Grand Prix,27,S3,GAS,Alpine,NOR,McLaren,0.818,132.0,131.0,1.0,5.0,HARD,11.0,HARD,True,harvest_rich,False
3,Suzuka,Japanese Grand Prix,27,S3,VER,Red Bull Racing,GAS,Alpine,0.114,146.0,132.0,14.0,5.0,HARD,5.0,HARD,True,harvest_rich,False
3,Suzuka,Japanese Grand Prix,27,S3,LAW,Racing Bulls,VER,Red Bull Racing,0.315,139.0,146.0,-7.0,5.0,HARD,5.0,HARD,True,harvest_rich,False
3,Suzuka,Japanese Grand Prix,27,S3,BOR,Audi,LAW,Racing Bulls,0.533,138.0,139.0,-1.0,5.0,HARD,5.0,HARD,True,harvest_rich,False
3,Suzuka,Japanese Grand Prix,27,S3,OCO,Haas F1 Team,BOR,Audi,0.519,140.0,138.0,2.0,8.0,HARD,5.0,HARD,True,harvest_rich,False
3,Suzuka,Japanese Grand Prix,27,S3,HUL,Audi,OCO,Haas F1 Team,0.66,160.0,140.0,20.0,4.0,HARD,8.0,HARD,True,harvest_rich,False
3,Suzuka,Japanese Grand Prix,27,S3,HAD,Red Bull Racing,HUL,Audi,0.405,167.0,160.0,7.0,8.0,HARD,4.0,HARD,True,harvest_rich,False
3,Suzuka,Japanese Grand Prix,27,S3,LIN,Racing Bulls,HAD,Red Bull Racing,0.326,151.0,167.0,-16.0,9.0,HARD,8.0,HARD,True,harvest_rich,False
3,Suzuka,Japanese Grand Prix,27,S3,SAI,Williams,LIN,Racing Bulls,0.553,156.0,151.0,5.0,5.0,HARD,9.0,HARD,True,harvest_rich,False
3,Suzuka,Japanese Grand Prix,27,S3,COL,Alpine,SAI,Williams,0.428,153.0,156.0,-3.0,10.0,HARD,5.0,HARD,True,harvest_rich,False
3,Suzuka,Japanese Grand Prix,27,S3,ALB,Williams,COL,Alpine,0.45,143.0,153.0,-10.0,5.0,HARD,10.0,HARD,True,harvest_rich,False
3,Suzuka,Japanese Grand Prix,27,S3,PER,Cadillac,ALB,Williams,0.592,161.0,143.0,18.0,6.0,HARD,5.0,HARD,True,harvest_rich,False
3,Suzuka,Japanese Grand Prix,27,S3,STR,Aston Martin,PER,Cadillac,0.434,162.0,161.0,1.0,3.0,MEDIUM,6.0,HARD,True,harvest_rich,False
3,Suzuka,Japanese Grand Prix,27,S3,ALO,Aston Martin,STR,Aston Martin,0.613,196.0,162.0,34.0,4.0,MEDIUM,3.0,MEDIUM,True,harvest_rich,False
3,Suzuka,Japanese Grand Prix,28,S1,HAM,Ferrari,PIA,McLaren,0.584,284.0,280.0,4.0,6.0,HARD,10.0,HARD,True,harvest_rich,False
3,Suzuka,Japanese Grand Prix,28,S1,RUS,Mercedes,HAM,Ferrari,0.627,282.0,284.0,-2.0,7.0,HARD,6.0,HARD,True,harvest_rich,False
3,Suzuka,Japanese Grand Prix,28,S1,LEC,Ferrari,RUS,Mercedes,0.508,286.0,282.0,4.0,11.0,HARD,7.0,HARD,True,harvest_rich,False
3,Suzuka,Japanese Grand Prix,28,S1,NOR,McLaren,LEC,Ferrari,0.56,287.0,286.0,1.0,12.0,HARD,11.0,HARD,True,harvest_rich,False
3,Suzuka,Japanese Grand Prix,28,S1,VER,Red Bull Racing,GAS,Alpine,0.239,293.0,285.0,8.0,6.0,HARD,6.0,HARD,True,harvest_rich,False
3,Suzuka,Japanese Grand Prix,28,S1,LAW,Racing Bulls,VER,Red Bull Racing,0.444,293.0,293.0,0.0,6.0,HARD,6.0,HARD,True,harvest_rich,False
3,Suzuka,Japanese Grand Prix,28,S1,BOR,Audi,LAW,Racing Bulls,0.345,291.0,293.0,-2.0,6.0,HARD,6.0,HARD,True,harvest_rich,False
3,Suzuka,Japanese Grand Prix,28,S1,OCO,Haas F1 Team,BOR,Audi,0.393,286.0,291.0,-5.0,9.0,HARD,6.0,HARD,True,harvest_rich,True
3,Suzuka,Japanese Grand Prix,28,S1,HUL,Audi,OCO,Haas F1 Team,0.475,292.0,286.0,6.0,5.0,HARD,9.0,HARD,True,harvest_rich,False
3,Suzuka,Japanese Grand Prix,28,S1,HAD,Red Bull Racing,HUL,Audi,0.609,297.0,292.0,5.0,9.0,HARD,5.0,HARD,True,harvest_rich,False
3,Suzuka,Japanese Grand Prix,28,S1,LIN,Racing Bulls,HAD,Red Bull Racing,0.288,298.0,297.0,1.0,10.0,HARD,9.0,HARD,True,harvest_rich,False
3,Suzuka,Japanese Grand Prix,28,S1,SAI,Williams,LIN,Racing Bulls,0.763,293.0,298.0,-5.0,6.0,HARD,10.0,HARD,True,harvest_rich,False
3,Suzuka,Japanese Grand Prix,28,S1,COL,Alpine,SAI,Williams,0.526,295.0,293.0,2.0,11.0,HARD,6.0,HARD,True,harvest_rich,False
3,Suzuka,Japanese Grand Prix,28,S1,ALB,Williams,COL,Alpine,0.347,292.0,295.0,-3.0,6.0,HARD,11.0,HARD,True,harvest_rich,False
3,Suzuka,Japanese Grand Prix,28,S1,PER,Cadillac,ALB,Williams,0.63,293.0,292.0,1.0,7.0,HARD,6.0,HARD,True,harvest_rich,False
3,Suzuka,Japanese Grand Prix,28,S1,STR,Aston Martin,PER,Cadillac,0.588,282.0,293.0,-11.0,4.0,MEDIUM,7.0,HARD,True,harvest_rich,False
3,Suzuka,Japanese Grand Prix,28,S1,ALO,Aston Martin,STR,Aston Martin,0.593,280.0,282.0,-2.0,5.0,MEDIUM,4.0,MEDIUM,True,harvest_rich,False
3,Suzuka,Japanese Grand Prix,28,S2,HAM,Ferrari,PIA,McLaren,0.605,284.0,280.0,4.0,6.0,HARD,10.0,HARD,True,harvest_rich,False
3,Suzuka,Japanese Grand Prix,28,S2,RUS,Mercedes,HAM,Ferrari,0.894,282.0,284.0,-2.0,7.0,HARD,6.0,HARD,True,harvest_rich,False
3,Suzuka,Japanese Grand Prix,28,S2,LEC,Ferrari,RUS,Mercedes,0.517,286.0,282.0,4.0,11.0,HARD,7.0,HARD,True,harvest_rich,False
3,Suzuka,Japanese Grand Prix,28,S2,NOR,McLaren,LEC,Ferrari,0.704,287.0,286.0,1.0,12.0,HARD,11.0,HARD,True,harvest_rich,False
3,Suzuka,Japanese Grand Prix,28,S2,VER,Red Bull Racing,GAS,Alpine,0.403,293.0,285.0,8.0,6.0,HARD,6.0,HARD,True,harvest_rich,False
3,Suzuka,Japanese Grand Prix,28,S2,LAW,Racing Bulls,VER,Red Bull Racing,0.956,293.0,293.0,0.0,6.0,HARD,6.0,HARD,True,harvest_rich,False
3,Suzuka,Japanese Grand Prix,28,S2,OCO,Haas F1 Team,LAW,Racing Bulls,0.589,286.0,293.0,-7.0,9.0,HARD,6.0,HARD,True,harvest_rich,False
3,Suzuka,Japanese Grand Prix,28,S2,BOR,Audi,OCO,Haas F1 Team,0.182,291.0,286.0,5.0,6.0,HARD,9.0,HARD,True,harvest_rich,True
3,Suzuka,Japanese Grand Prix,28,S2,HUL,Audi,BOR,Audi,0.426,292.0,291.0,1.0,5.0,HARD,6.0,HARD,True,harvest_rich,False
3,Suzuka,Japanese Grand Prix,28,S2,HAD,Red Bull Racing,HUL,Audi,0.58,297.0,292.0,5.0,9.0,HARD,5.0,HARD,True,harvest_rich,False
3,Suzuka,Japanese Grand Prix,28,S2,LIN,Racing Bulls,HAD,Red Bull Racing,0.489,298.0,297.0,1.0,10.0,HARD,9.0,HARD,True,harvest_rich,False
3,Suzuka,Japanese Grand Prix,28,S2,SAI,Williams,LIN,Racing Bulls,0.638,293.0,298.0,-5.0,6.0,HARD,10.0,HARD,True,harvest_rich,False
3,Suzuka,Japanese Grand Prix,28,S2,COL,Alpine,SAI,Williams,0.495,295.0,293.0,2.0,11.0,HARD,6.0,HARD,True,harvest_rich,False
3,Suzuka,Japanese Grand Prix,28,S2,ALB,Williams,COL,Alpine,0.575,292.0,295.0,-3.0,6.0,HARD,11.0,HARD,True,harvest_rich,False
3,Suzuka,Japanese Grand Prix,28,S2,PER,Cadillac,ALB,Williams,0.52,293.0,292.0,1.0,7.0,HARD,6.0,HARD,True,harvest_rich,False
3,Suzuka,Japanese Grand Prix,28,S3,HAM,Ferrari,PIA,McLaren,0.56,284.0,280.0,4.0,6.0,HARD,10.0,HARD,True,harvest_rich,False
3,Suzuka,Japanese Grand Prix,28,S3,RUS,Mercedes,HAM,Ferrari,0.842,282.0,284.0,-2.0,7.0,HARD,6.0,HARD,True,harvest_rich,False
3,Suzuka,Japanese Grand Prix,28,S3,LEC,Ferrari,RUS,Mercedes,0.646,286.0,282.0,4.0,11.0,HARD,7.0,HARD,True,harvest_rich,False
3,Suzuka,Japanese Grand Prix,28,S3,NOR,McLaren,LEC,Ferrari,0.579,287.0,286.0,1.0,12.0,HARD,11.0,HARD,True,harvest_rich,False
3,Suzuka,Japanese Grand Prix,28,S3,VER,Red Bull Racing,GAS,Alpine,0.313,293.0,285.0,8.0,6.0,HARD,6.0,HARD,True,harvest_rich,False
3,Suzuka,Japanese Grand Prix,28,S3,LAW,Racing Bulls,VER,Red Bull Racing,0.68,293.0,293.0,0.0,6.0,HARD,6.0,HARD,True,harvest_rich,False
3,Suzuka,Japanese Grand Prix,28,S3,OCO,Haas F1 Team,BOR,Audi,0.252,286.0,291.0,-5.0,9.0,HARD,6.0,HARD,True,harvest_rich,True
3,Suzuka,Japanese Grand Prix,28,S3,HUL,Audi,OCO,Haas F1 Team,0.395,292.0,286.0,6.0,5.0,HARD,9.0,HARD,True,harvest_rich,False
3,Suzuka,Japanese Grand Prix,28,S3,HAD,Red Bull Racing,HUL,Audi,0.406,297.0,292.0,5.0,9.0,HARD,5.0,HARD,True,harvest_rich,False
3,Suzuka,Japanese Grand Prix,28,S3,LIN,Racing Bulls,HAD,Red Bull Racing,0.371,298.0,297.0,1.0,10.0,HARD,9.0,HARD,True,harvest_rich,False
3,Suzuka,Japanese Grand Prix,28,S3,SAI,Williams,LIN,Racing Bulls,0.665,293.0,298.0,-5.0,6.0,HARD,10.0,HARD,True,harvest_rich,False
3,Suzuka,Japanese Grand Prix,28,S3,COL,Alpine,SAI,Williams,0.568,295.0,293.0,2.0,11.0,HARD,6.0,HARD,True,harvest_rich,False
3,Suzuka,Japanese Grand Prix,28,S3,ALB,Williams,COL,Alpine,0.637,292.0,295.0,-3.0,6.0,HARD,11.0,HARD,True,harvest_rich,False
3,Suzuka,Japanese Grand Prix,28,S3,PER,Cadillac,ALB,Williams,0.72,293.0,292.0,1.0,7.0,HARD,6.0,HARD,True,harvest_rich,False
3,Suzuka,Japanese Grand Prix,28,S3,STR,Aston Martin,PER,Cadillac,0.961,282.0,293.0,-11.0,4.0,MEDIUM,7.0,HARD,True,harvest_rich,False
3,Suzuka,Japanese Grand Prix,29,S1,HAM,Ferrari,PIA,McLaren,0.666,284.0,282.0,2.0,7.0,HARD,11.0,HARD,True,harvest_rich,False
3,Suzuka,Japanese Grand Prix,29,S1,RUS,Mercedes,HAM,Ferrari,0.493,286.0,284.0,2.0,8.0,HARD,7.0,HARD,True,harvest_rich,False
3,Suzuka,Japanese Grand Prix,29,S1,NOR,McLaren,LEC,Ferrari,0.673,286.0,291.0,-5.0,13.0,HARD,12.0,HARD,True,harvest_rich,False
3,Suzuka,Japanese Grand Prix,29,S1,VER,Red Bull Racing,GAS,Alpine,0.331,305.0,289.0,16.0,7.0,HARD,7.0,HARD,True,harvest_rich,False
3,Suzuka,Japanese Grand Prix,29,S1,BOR,Audi,OCO,Haas F1 Team,0.487,284.0,295.0,-11.0,7.0,HARD,10.0,HARD,True,harvest_rich,False
3,Suzuka,Japanese Grand Prix,29,S1,HUL,Audi,BOR,Audi,0.069,287.0,284.0,3.0,6.0,HARD,7.0,HARD,True,harvest_rich,False
3,Suzuka,Japanese Grand Prix,29,S1,HAD,Red Bull Racing,HUL,Audi,0.782,293.0,287.0,6.0,10.0,HARD,6.0,HARD,True,harvest_rich,False
3,Suzuka,Japanese Grand Prix,29,S1,LIN,Racing Bulls,HAD,Red Bull Racing,0.821,294.0,293.0,1.0,11.0,HARD,10.0,HARD,True,harvest_rich,False
3,Suzuka,Japanese Grand Prix,29,S1,SAI,Williams,LIN,Racing Bulls,0.423,296.0,294.0,2.0,7.0,HARD,11.0,HARD,True,harvest_rich,False
3,Suzuka,Japanese Grand Prix,29,S1,COL,Alpine,SAI,Williams,0.443,303.0,296.0,7.0,12.0,HARD,7.0,HARD,True,harvest_rich,False
3,Suzuka,Japanese Grand Prix,29,S1,ALB,Williams,COL,Alpine,0.602,298.0,303.0,-5.0,7.0,HARD,12.0,HARD,True,harvest_rich,False
3,Suzuka,Japanese Grand Prix,29,S1,PER,Cadillac,ALB,Williams,0.843,296.0,298.0,-2.0,8.0,HARD,7.0,HARD,True,harvest_rich,False
3,Suzuka,Japanese Grand Prix,29,S1,ALO,Aston Martin,STR,Aston Martin,0.692,279.0,280.0,-1.0,6.0,MEDIUM,5.0,MEDIUM,True,harvest_rich,False
3,Suzuka,Japanese Grand Prix,29,S2,HAM,Ferrari,PIA,McLaren,0.802,284.0,282.0,2.0,7.0,HARD,11.0,HARD,True,harvest_rich,False
3,Suzuka,Japanese Grand Prix,29,S2,RUS,Mercedes,HAM,Ferrari,0.702,286.0,284.0,2.0,8.0,HARD,7.0,HARD,True,harvest_rich,False
3,Suzuka,Japanese Grand Prix,29,S2,LEC,Ferrari,RUS,Mercedes,0.679,291.0,286.0,5.0,12.0,HARD,8.0,HARD,True,harvest_rich,False
3,Suzuka,Japanese Grand Prix,29,S2,VER,Red Bull Racing,GAS,Alpine,0.329,305.0,289.0,16.0,7.0,HARD,7.0,HARD,True,harvest_rich,False
3,Suzuka,Japanese Grand Prix,29,S2,OCO,Haas F1 Team,LAW,Racing Bulls,0.934,295.0,288.0,7.0,10.0,HARD,7.0,HARD,True,harvest_rich,False
3,Suzuka,Japanese Grand Prix,29,S2,HUL,Audi,BOR,Audi,0.161,287.0,284.0,3.0,6.0,HARD,7.0,HARD,True,harvest_rich,False
3,Suzuka,Japanese Grand Prix,29,S2,HAD,Red Bull Racing,HUL,Audi,0.309,293.0,287.0,6.0,10.0,HARD,6.0,HARD,True,harvest_rich,True
3,Suzuka,Japanese Grand Prix,29,S2,LIN,Racing Bulls,HAD,Red Bull Racing,0.849,294.0,293.0,1.0,11.0,HARD,10.0,HARD,True,harvest_rich,False
3,Suzuka,Japanese Grand Prix,29,S2,SAI,Williams,LIN,Racing Bulls,0.72,296.0,294.0,2.0,7.0,HARD,11.0,HARD,True,harvest_rich,False
3,Suzuka,Japanese Grand Prix,29,S2,COL,Alpine,SAI,Williams,0.249,303.0,296.0,7.0,12.0,HARD,7.0,HARD,True,harvest_rich,False
3,Suzuka,Japanese Grand Prix,29,S2,ALB,Williams,COL,Alpine,0.566,298.0,303.0,-5.0,7.0,HARD,12.0,HARD,True,harvest_rich,False
3,Suzuka,Japanese Grand Prix,29,S2,PER,Cadillac,ALB,Williams,0.894,296.0,298.0,-2.0,8.0,HARD,7.0,HARD,True,harvest_rich,False
3,Suzuka,Japanese Grand Prix,29,S2,ALO,Aston Martin,STR,Aston Martin,0.902,279.0,280.0,-1.0,6.0,MEDIUM,5.0,MEDIUM,True,harvest_rich,False
3,Suzuka,Japanese Grand Prix,29,S3,HAM,Ferrari,PIA,McLaren,0.635,284.0,282.0,2.0,7.0,HARD,11.0,HARD,True,harvest_rich,False
3,Suzuka,Japanese Grand Prix,29,S3,RUS,Mercedes,HAM,Ferrari,0.817,286.0,284.0,2.0,8.0,HARD,7.0,HARD,True,harvest_rich,False
3,Suzuka,Japanese Grand Prix,29,S3,LEC,Ferrari,RUS,Mercedes,0.595,291.0,286.0,5.0,12.0,HARD,8.0,HARD,True,harvest_rich,False
3,Suzuka,Japanese Grand Prix,29,S3,NOR,McLaren,LEC,Ferrari,0.996,286.0,291.0,-5.0,13.0,HARD,12.0,HARD,True,harvest_rich,False
3,Suzuka,Japanese Grand Prix,29,S3,VER,Red Bull Racing,GAS,Alpine,0.358,305.0,289.0,16.0,7.0,HARD,7.0,HARD,True,harvest_rich,False
3,Suzuka,Japanese Grand Prix,29,S3,OCO,Haas F1 Team,LAW,Racing Bulls,0.819,295.0,288.0,7.0,10.0,HARD,7.0,HARD,True,harvest_rich,False
3,Suzuka,Japanese Grand Prix,29,S3,HAD,Red Bull Racing,BOR,Audi,0.491,293.0,284.0,9.0,10.0,HARD,7.0,HARD,True,harvest_rich,False
3,Suzuka,Japanese Grand Prix,29,S3,HUL,Audi,HAD,Red Bull Racing,0.364,287.0,293.0,-6.0,6.0,HARD,10.0,HARD,True,harvest_rich,False
3,Suzuka,Japanese Grand Prix,29,S3,LIN,Racing Bulls,HUL,Audi,0.362,294.0,287.0,7.0,11.0,HARD,6.0,HARD,True,harvest_rich,True
3,Suzuka,Japanese Grand Prix,29,S3,SAI,Williams,LIN,Racing Bulls,0.687,296.0,294.0,2.0,7.0,HARD,11.0,HARD,True,harvest_rich,False
3,Suzuka,Japanese Grand Prix,29,S3,COL,Alpine,SAI,Williams,0.313,303.0,296.0,7.0,12.0,HARD,7.0,HARD,True,harvest_rich,False
3,Suzuka,Japanese Grand Prix,29,S3,ALB,Williams,COL,Alpine,0.557,298.0,303.0,-5.0,7.0,HARD,12.0,HARD,True,harvest_rich,False
3,Suzuka,Japanese Grand Prix,29,S3,PER,Cadillac,ALB,Williams,0.921,296.0,298.0,-2.0,8.0,HARD,7.0,HARD,True,harvest_rich,False
3,Suzuka,Japanese Grand Prix,29,S3,ALO,Aston Martin,STR,Aston Martin,0.869,279.0,280.0,-1.0,6.0,MEDIUM,5.0,MEDIUM,True,harvest_rich,False
3,Suzuka,Japanese Grand Prix,30,S1,HAM,Ferrari,PIA,McLaren,0.702,283.0,280.0,3.0,8.0,HARD,12.0,HARD,True,harvest_rich,False
3,Suzuka,Japanese Grand Prix,30,S1,RUS,Mercedes,HAM,Ferrari,0.517,286.0,283.0,3.0,9.0,HARD,8.0,HARD,True,harvest_rich,False
3,Suzuka,Japanese Grand Prix,30,S1,LEC,Ferrari,RUS,Mercedes,0.988,290.0,286.0,4.0,13.0,HARD,9.0,HARD,True,harvest_rich,False
3,Suzuka,Japanese Grand Prix,30,S1,VER,Red Bull Racing,GAS,Alpine,0.528,295.0,287.0,8.0,8.0,HARD,8.0,HARD,True,harvest_rich,False
3,Suzuka,Japanese Grand Prix,30,S1,OCO,Haas F1 Team,LAW,Racing Bulls,0.881,290.0,287.0,3.0,11.0,HARD,8.0,HARD,True,harvest_rich,False
3,Suzuka,Japanese Grand Prix,30,S1,HAD,Red Bull Racing,BOR,Audi,0.42,296.0,283.0,13.0,11.0,HARD,8.0,HARD,True,harvest_rich,False
3,Suzuka,Japanese Grand Prix,30,S1,HUL,Audi,LIN,Racing Bulls,0.415,295.0,292.0,3.0,7.0,HARD,12.0,HARD,True,harvest_rich,False
3,Suzuka,Japanese Grand Prix,30,S1,SAI,Williams,HUL,Audi,0.735,296.0,295.0,1.0,8.0,HARD,7.0,HARD,True,harvest_rich,False
3,Suzuka,Japanese Grand Prix,30,S1,COL,Alpine,SAI,Williams,0.444,296.0,296.0,0.0,13.0,HARD,8.0,HARD,True,harvest_rich,False
3,Suzuka,Japanese Grand Prix,30,S1,ALB,Williams,COL,Alpine,0.604,291.0,296.0,-5.0,8.0,HARD,13.0,HARD,True,harvest_rich,False
3,Suzuka,Japanese Grand Prix,30,S1,PER,Cadillac,ALB,Williams,0.495,293.0,291.0,2.0,9.0,HARD,8.0,HARD,True,harvest_rich,False
3,Suzuka,Japanese Grand Prix,30,S1,ALO,Aston Martin,STR,Aston Martin,0.856,278.0,278.0,0.0,7.0,MEDIUM,6.0,MEDIUM,True,harvest_rich,False
3,Suzuka,Japanese Grand Prix,30,S2,HAM,Ferrari,PIA,McLaren,0.849,283.0,280.0,3.0,8.0,HARD,12.0,HARD,True,harvest_rich,False
3,Suzuka,Japanese Grand Prix,30,S2,RUS,Mercedes,HAM,Ferrari,0.59,286.0,283.0,3.0,9.0,HARD,8.0,HARD,True,harvest_rich,False
3,Suzuka,Japanese Grand Prix,30,S2,LEC,Ferrari,RUS,Mercedes,0.632,290.0,286.0,4.0,13.0,HARD,9.0,HARD,True,harvest_rich,False
3,Suzuka,Japanese Grand Prix,30,S2,VER,Red Bull Racing,GAS,Alpine,0.372,295.0,287.0,8.0,8.0,HARD,8.0,HARD,True,harvest_rich,False
3,Suzuka,Japanese Grand Prix,30,S2,OCO,Haas F1 Team,LAW,Racing Bulls,0.842,290.0,287.0,3.0,11.0,HARD,8.0,HARD,True,harvest_rich,False
3,Suzuka,Japanese Grand Prix,30,S2,HAD,Red Bull Racing,BOR,Audi,0.44,296.0,283.0,13.0,11.0,HARD,8.0,HARD,True,harvest_rich,False
3,Suzuka,Japanese Grand Prix,30,S2,LIN,Racing Bulls,HAD,Red Bull Racing,0.977,292.0,296.0,-4.0,12.0,HARD,11.0,HARD,True,harvest_rich,False
3,Suzuka,Japanese Grand Prix,30,S2,HUL,Audi,LIN,Racing Bulls,0.531,295.0,292.0,3.0,7.0,HARD,12.0,HARD,True,harvest_rich,False
3,Suzuka,Japanese Grand Prix,30,S2,SAI,Williams,HUL,Audi,0.795,296.0,295.0,1.0,8.0,HARD,7.0,HARD,True,harvest_rich,False
3,Suzuka,Japanese Grand Prix,30,S2,COL,Alpine,SAI,Williams,0.581,296.0,296.0,0.0,13.0,HARD,8.0,HARD,True,harvest_rich,False
3,Suzuka,Japanese Grand Prix,30,S2,ALB,Williams,COL,Alpine,0.727,291.0,296.0,-5.0,8.0,HARD,13.0,HARD,True,harvest_rich,False
3,Suzuka,Japanese Grand Prix,30,S2,PER,Cadillac,ALB,Williams,0.929,293.0,291.0,2.0,9.0,HARD,8.0,HARD,True,harvest_rich,False
3,Suzuka,Japanese Grand Prix,30,S2,ALO,Aston Martin,STR,Aston Martin,0.742,278.0,278.0,0.0,7.0,MEDIUM,6.0,MEDIUM,True,harvest_rich,True
3,Suzuka,Japanese Grand Prix,30,S3,HAM,Ferrari,PIA,McLaren,0.811,283.0,280.0,3.0,8.0,HARD,12.0,HARD,True,harvest_rich,False
3,Suzuka,Japanese Grand Prix,30,S3,RUS,Mercedes,HAM,Ferrari,0.554,286.0,283.0,3.0,9.0,HARD,8.0,HARD,True,harvest_rich,False
3,Suzuka,Japanese Grand Prix,30,S3,LEC,Ferrari,RUS,Mercedes,0.679,290.0,286.0,4.0,13.0,HARD,9.0,HARD,True,harvest_rich,False
3,Suzuka,Japanese Grand Prix,30,S3,VER,Red Bull Racing,GAS,Alpine,0.318,295.0,287.0,8.0,8.0,HARD,8.0,HARD,True,harvest_rich,False
3,Suzuka,Japanese Grand Prix,30,S3,OCO,Haas F1 Team,LAW,Racing Bulls,0.831,290.0,287.0,3.0,11.0,HARD,8.0,HARD,True,harvest_rich,False
3,Suzuka,Japanese Grand Prix,30,S3,HAD,Red Bull Racing,BOR,Audi,0.452,296.0,283.0,13.0,11.0,HARD,8.0,HARD,True,harvest_rich,False
3,Suzuka,Japanese Grand Prix,30,S3,LIN,Racing Bulls,HAD,Red Bull Racing,0.965,292.0,296.0,-4.0,12.0,HARD,11.0,HARD,True,harvest_rich,False
3,Suzuka,Japanese Grand Prix,30,S3,HUL,Audi,LIN,Racing Bulls,0.156,295.0,292.0,3.0,7.0,HARD,12.0,HARD,True,harvest_rich,True
3,Suzuka,Japanese Grand Prix,30,S3,SAI,Williams,HUL,Audi,0.941,296.0,295.0,1.0,8.0,HARD,7.0,HARD,True,harvest_rich,False
3,Suzuka,Japanese Grand Prix,30,S3,COL,Alpine,SAI,Williams,0.654,296.0,296.0,0.0,13.0,HARD,8.0,HARD,True,harvest_rich,False
3,Suzuka,Japanese Grand Prix,30,S3,ALB,Williams,COL,Alpine,0.844,291.0,296.0,-5.0,8.0,HARD,13.0,HARD,True,harvest_rich,False
3,Suzuka,Japanese Grand Prix,31,S1,HAM,Ferrari,PIA,McLaren,0.87,287.0,281.0,6.0,9.0,HARD,13.0,HARD,True,harvest_rich,False
3,Suzuka,Japanese Grand Prix,31,S1,RUS,Mercedes,HAM,Ferrari,0.406,284.0,287.0,-3.0,10.0,HARD,9.0,HARD,True,harvest_rich,False
3,Suzuka,Japanese Grand Prix,31,S1,VER,Red Bull Racing,GAS,Alpine,0.429,290.0,284.0,6.0,9.0,HARD,9.0,HARD,True,harvest_rich,False
3,Suzuka,Japanese Grand Prix,31,S1,OCO,Haas F1 Team,LAW,Racing Bulls,0.897,291.0,286.0,5.0,12.0,HARD,9.0,HARD,True,harvest_rich,False
3,Suzuka,Japanese Grand Prix,31,S1,HAD,Red Bull Racing,BOR,Audi,0.462,287.0,282.0,5.0,12.0,HARD,9.0,HARD,True,harvest_rich,False
3,Suzuka,Japanese Grand Prix,31,S1,LIN,Racing Bulls,HUL,Audi,0.87,291.0,294.0,-3.0,13.0,HARD,8.0,HARD,True,harvest_rich,False
3,Suzuka,Japanese Grand Prix,31,S1,SAI,Williams,LIN,Racing Bulls,0.782,290.0,291.0,-1.0,9.0,HARD,13.0,HARD,True,harvest_rich,False
3,Suzuka,Japanese Grand Prix,31,S1,COL,Alpine,SAI,Williams,0.575,298.0,290.0,8.0,14.0,HARD,9.0,HARD,True,harvest_rich,False
3,Suzuka,Japanese Grand Prix,31,S1,ALB,Williams,COL,Alpine,0.851,293.0,298.0,-5.0,9.0,HARD,14.0,HARD,True,harvest_rich,False
3,Suzuka,Japanese Grand Prix,31,S2,RUS,Mercedes,HAM,Ferrari,0.717,284.0,287.0,-3.0,10.0,HARD,9.0,HARD,True,harvest_rich,False
3,Suzuka,Japanese Grand Prix,31,S2,LEC,Ferrari,RUS,Mercedes,0.792,289.0,284.0,5.0,14.0,HARD,10.0,HARD,True,harvest_rich,False
3,Suzuka,Japanese Grand Prix,31,S2,VER,Red Bull Racing,GAS,Alpine,0.592,290.0,284.0,6.0,9.0,HARD,9.0,HARD,True,harvest_rich,False
3,Suzuka,Japanese Grand Prix,31,S2,OCO,Haas F1 Team,LAW,Racing Bulls,0.796,291.0,286.0,5.0,12.0,HARD,9.0,HARD,True,harvest_rich,False
3,Suzuka,Japanese Grand Prix,31,S2,HAD,Red Bull Racing,BOR,Audi,0.584,287.0,282.0,5.0,12.0,HARD,9.0,HARD,True,harvest_rich,False
3,Suzuka,Japanese Grand Prix,31,S2,HUL,Audi,HAD,Red Bull Racing,0.708,294.0,287.0,7.0,8.0,HARD,12.0,HARD,True,harvest_rich,False
3,Suzuka,Japanese Grand Prix,31,S2,COL,Alpine,SAI,Williams,0.399,298.0,290.0,8.0,14.0,HARD,9.0,HARD,True,harvest_rich,False
3,Suzuka,Japanese Grand Prix,31,S2,ALB,Williams,COL,Alpine,0.782,293.0,298.0,-5.0,9.0,HARD,14.0,HARD,True,harvest_rich,False
3,Suzuka,Japanese Grand Prix,31,S3,RUS,Mercedes,HAM,Ferrari,0.789,284.0,287.0,-3.0,10.0,HARD,9.0,HARD,True,harvest_rich,False
3,Suzuka,Japanese Grand Prix,31,S3,LEC,Ferrari,RUS,Mercedes,0.689,289.0,284.0,5.0,14.0,HARD,10.0,HARD,True,harvest_rich,False
3,Suzuka,Japanese Grand Prix,31,S3,VER,Red Bull Racing,GAS,Alpine,0.614,290.0,284.0,6.0,9.0,HARD,9.0,HARD,True,harvest_rich,False
3,Suzuka,Japanese Grand Prix,31,S3,OCO,Haas F1 Team,LAW,Racing Bulls,0.746,291.0,286.0,5.0,12.0,HARD,9.0,HARD,True,harvest_rich,False
3,Suzuka,Japanese Grand Prix,31,S3,HAD,Red Bull Racing,BOR,Audi,0.527,287.0,282.0,5.0,12.0,HARD,9.0,HARD,True,harvest_rich,False
3,Suzuka,Japanese Grand Prix,31,S3,HUL,Audi,HAD,Red Bull Racing,0.503,294.0,287.0,7.0,8.0,HARD,12.0,HARD,True,harvest_rich,False
3,Suzuka,Japanese Grand Prix,31,S3,COL,Alpine,SAI,Williams,0.455,298.0,290.0,8.0,14.0,HARD,9.0,HARD,True,harvest_rich,False
3,Suzuka,Japanese Grand Prix,31,S3,ALB,Williams,COL,Alpine,0.642,293.0,298.0,-5.0,9.0,HARD,14.0,HARD,True,harvest_rich,False
3,Suzuka,Japanese Grand Prix,32,S1,RUS,Mercedes,HAM,Ferrari,0.683,286.0,279.0,7.0,11.0,HARD,10.0,HARD,True,harvest_rich,False
3,Suzuka,Japanese Grand Prix,32,S1,LEC,Ferrari,RUS,Mercedes,0.879,289.0,286.0,3.0,15.0,HARD,11.0,HARD,True,harvest_rich,False
3,Suzuka,Japanese Grand Prix,32,S1,VER,Red Bull Racing,GAS,Alpine,0.696,290.0,284.0,6.0,10.0,HARD,10.0,HARD,True,harvest_rich,False
3,Suzuka,Japanese Grand Prix,32,S1,OCO,Haas F1 Team,LAW,Racing Bulls,0.978,290.0,285.0,5.0,13.0,HARD,10.0,HARD,True,harvest_rich,False
3,Suzuka,Japanese Grand Prix,32,S1,HAD,Red Bull Racing,BOR,Audi,0.453,294.0,283.0,11.0,13.0,HARD,10.0,HARD,True,harvest_rich,False
3,Suzuka,Japanese Grand Prix,32,S1,HUL,Audi,HAD,Red Bull Racing,0.652,295.0,294.0,1.0,9.0,HARD,13.0,HARD,True,harvest_rich,False
3,Suzuka,Japanese Grand Prix,32,S1,COL,Alpine,SAI,Williams,0.486,298.0,287.0,11.0,15.0,HARD,10.0,HARD,True,harvest_rich,False
3,Suzuka,Japanese Grand Prix,32,S1,ALB,Williams,COL,Alpine,0.967,293.0,298.0,-5.0,10.0,HARD,15.0,HARD,True,harvest_rich,False
3,Suzuka,Japanese Grand Prix,32,S2,HAM,Ferrari,PIA,McLaren,0.869,279.0,279.0,0.0,10.0,HARD,14.0,HARD,True,harvest_rich,False
3,Suzuka,Japanese Grand Prix,32,S2,RUS,Mercedes,HAM,Ferrari,0.787,286.0,279.0,7.0,11.0,HARD,10.0,HARD,True,harvest_rich,False
3,Suzuka,Japanese Grand Prix,32,S2,LEC,Ferrari,RUS,Mercedes,0.833,289.0,286.0,3.0,15.0,HARD,11.0,HARD,True,harvest_rich,False
3,Suzuka,Japanese Grand Prix,32,S2,VER,Red Bull Racing,GAS,Alpine,0.622,290.0,284.0,6.0,10.0,HARD,10.0,HARD,True,harvest_rich,False
3,Suzuka,Japanese Grand Prix,32,S2,OCO,Haas F1 Team,LAW,Racing Bulls,0.868,290.0,285.0,5.0,13.0,HARD,10.0,HARD,True,harvest_rich,False
3,Suzuka,Japanese Grand Prix,32,S2,HAD,Red Bull Racing,BOR,Audi,0.556,294.0,283.0,11.0,13.0,HARD,10.0,HARD,True,harvest_rich,False
3,Suzuka,Japanese Grand Prix,32,S2,HUL,Audi,HAD,Red Bull Racing,0.478,295.0,294.0,1.0,9.0,HARD,13.0,HARD,True,harvest_rich,False
3,Suzuka,Japanese Grand Prix,32,S2,COL,Alpine,SAI,Williams,0.385,298.0,287.0,11.0,15.0,HARD,10.0,HARD,True,harvest_rich,False
3,Suzuka,Japanese Grand Prix,32,S3,HAM,Ferrari,PIA,McLaren,0.967,279.0,279.0,0.0,10.0,HARD,14.0,HARD,True,harvest_rich,False
3,Suzuka,Japanese Grand Prix,32,S3,RUS,Mercedes,HAM,Ferrari,0.693,286.0,279.0,7.0,11.0,HARD,10.0,HARD,True,harvest_rich,False
3,Suzuka,Japanese Grand Prix,32,S3,LEC,Ferrari,RUS,Mercedes,0.778,289.0,286.0,3.0,15.0,HARD,11.0,HARD,True,harvest_rich,False
3,Suzuka,Japanese Grand Prix,32,S3,VER,Red Bull Racing,GAS,Alpine,0.676,290.0,284.0,6.0,10.0,HARD,10.0,HARD,True,harvest_rich,False
3,Suzuka,Japanese Grand Prix,32,S3,OCO,Haas F1 Team,LAW,Racing Bulls,0.764,290.0,285.0,5.0,13.0,HARD,10.0,HARD,True,harvest_rich,False
3,Suzuka,Japanese Grand Prix,32,S3,HAD,Red Bull Racing,BOR,Audi,0.52,294.0,283.0,11.0,13.0,HARD,10.0,HARD,True,harvest_rich,False
3,Suzuka,Japanese Grand Prix,32,S3,HUL,Audi,HAD,Red Bull Racing,0.422,295.0,294.0,1.0,9.0,HARD,13.0,HARD,True,harvest_rich,False
3,Suzuka,Japanese Grand Prix,32,S3,COL,Alpine,SAI,Williams,0.427,298.0,287.0,11.0,15.0,HARD,10.0,HARD,True,harvest_rich,False
3,Suzuka,Japanese Grand Prix,32,S3,ALB,Williams,COL,Alpine,0.996,293.0,298.0,-5.0,10.0,HARD,15.0,HARD,True,harvest_rich,False
3,Suzuka,Japanese Grand Prix,33,S1,HAM,Ferrari,PIA,McLaren,0.985,289.0,281.0,8.0,11.0,HARD,15.0,HARD,True,harvest_rich,False
3,Suzuka,Japanese Grand Prix,33,S1,RUS,Mercedes,HAM,Ferrari,0.506,288.0,289.0,-1.0,12.0,HARD,11.0,HARD,True,harvest_rich,False
3,Suzuka,Japanese Grand Prix,33,S1,VER,Red Bull Racing,GAS,Alpine,0.972,291.0,288.0,3.0,11.0,HARD,11.0,HARD,True,harvest_rich,False
3,Suzuka,Japanese Grand Prix,33,S1,OCO,Haas F1 Team,LAW,Racing Bulls,0.845,291.0,287.0,4.0,14.0,HARD,11.0,HARD,True,harvest_rich,False
3,Suzuka,Japanese Grand Prix,33,S1,HAD,Red Bull Racing,BOR,Audi,0.564,295.0,285.0,10.0,14.0,HARD,11.0,HARD,True,harvest_rich,False
3,Suzuka,Japanese Grand Prix,33,S1,HUL,Audi,HAD,Red Bull Racing,0.806,294.0,295.0,-1.0,10.0,HARD,14.0,HARD,True,harvest_rich,False
3,Suzuka,Japanese Grand Prix,33,S1,COL,Alpine,SAI,Williams,0.628,292.0,289.0,3.0,16.0,HARD,11.0,HARD,True,harvest_rich,False
3,Suzuka,Japanese Grand Prix,33,S2,RUS,Mercedes,HAM,Ferrari,0.706,288.0,289.0,-1.0,12.0,HARD,11.0,HARD,True,harvest_rich,False
3,Suzuka,Japanese Grand Prix,33,S2,LEC,Ferrari,RUS,Mercedes,0.774,293.0,288.0,5.0,16.0,HARD,12.0,HARD,True,harvest_rich,False
3,Suzuka,Japanese Grand Prix,33,S2,VER,Red Bull Racing,GAS,Alpine,0.901,291.0,288.0,3.0,11.0,HARD,11.0,HARD,True,harvest_rich,False
3,Suzuka,Japanese Grand Prix,33,S2,OCO,Haas F1 Team,LAW,Racing Bulls,0.75,291.0,287.0,4.0,14.0,HARD,11.0,HARD,True,harvest_rich,False
3,Suzuka,Japanese Grand Prix,33,S2,HAD,Red Bull Racing,BOR,Audi,0.416,295.0,285.0,10.0,14.0,HARD,11.0,HARD,True,harvest_rich,False
3,Suzuka,Japanese Grand Prix,33,S2,HUL,Audi,HAD,Red Bull Racing,0.809,294.0,295.0,-1.0,10.0,HARD,14.0,HARD,True,harvest_rich,False
3,Suzuka,Japanese Grand Prix,33,S2,COL,Alpine,SAI,Williams,0.958,292.0,289.0,3.0,16.0,HARD,11.0,HARD,True,harvest_rich,False
3,Suzuka,Japanese Grand Prix,33,S3,RUS,Mercedes,HAM,Ferrari,0.669,288.0,289.0,-1.0,12.0,HARD,11.0,HARD,True,harvest_rich,False
3,Suzuka,Japanese Grand Prix,33,S3,LEC,Ferrari,RUS,Mercedes,0.722,293.0,288.0,5.0,16.0,HARD,12.0,HARD,True,harvest_rich,False
3,Suzuka,Japanese Grand Prix,33,S3,VER,Red Bull Racing,GAS,Alpine,0.778,291.0,288.0,3.0,11.0,HARD,11.0,HARD,True,harvest_rich,False
3,Suzuka,Japanese Grand Prix,33,S3,OCO,Haas F1 Team,LAW,Racing Bulls,0.688,291.0,287.0,4.0,14.0,HARD,11.0,HARD,True,harvest_rich,False
3,Suzuka,Japanese Grand Prix,33,S3,HAD,Red Bull Racing,BOR,Audi,0.347,295.0,285.0,10.0,14.0,HARD,11.0,HARD,True,harvest_rich,False
3,Suzuka,Japanese Grand Prix,33,S3,HUL,Audi,HAD,Red Bull Racing,0.524,294.0,295.0,-1.0,10.0,HARD,14.0,HARD,True,harvest_rich,False
3,Suzuka,Japanese Grand Prix,34,S1,RUS,Mercedes,HAM,Ferrari,0.591,287.0,287.0,0.0,13.0,HARD,12.0,HARD,True,harvest_rich,False
3,Suzuka,Japanese Grand Prix,34,S1,VER,Red Bull Racing,GAS,Alpine,0.794,293.0,285.0,8.0,12.0,HARD,12.0,HARD,True,harvest_rich,False
3,Suzuka,Japanese Grand Prix,34,S1,OCO,Haas F1 Team,LAW,Racing Bulls,0.781,293.0,284.0,9.0,15.0,HARD,12.0,HARD,True,harvest_rich,False
3,Suzuka,Japanese Grand Prix,34,S1,HAD,Red Bull Racing,BOR,Audi,0.427,291.0,283.0,8.0,15.0,HARD,12.0,HARD,True,harvest_rich,False
3,Suzuka,Japanese Grand Prix,34,S1,HUL,Audi,HAD,Red Bull Racing,0.862,294.0,291.0,3.0,11.0,HARD,15.0,HARD,True,harvest_rich,False
3,Suzuka,Japanese Grand Prix,34,S1,COL,Alpine,SAI,Williams,0.887,294.0,289.0,5.0,17.0,HARD,12.0,HARD,True,harvest_rich,False
3,Suzuka,Japanese Grand Prix,34,S2,HAM,Ferrari,PIA,McLaren,0.965,287.0,282.0,5.0,12.0,HARD,16.0,HARD,True,harvest_rich,False
3,Suzuka,Japanese Grand Prix,34,S2,RUS,Mercedes,HAM,Ferrari,0.907,287.0,287.0,0.0,13.0,HARD,12.0,HARD,True,harvest_rich,False
3,Suzuka,Japanese Grand Prix,34,S2,LEC,Ferrari,RUS,Mercedes,0.751,293.0,287.0,6.0,17.0,HARD,13.0,HARD,True,harvest_rich,False
3,Suzuka,Japanese Grand Prix,34,S2,VER,Red Bull Racing,GAS,Alpine,0.624,293.0,285.0,8.0,12.0,HARD,12.0,HARD,True,harvest_rich,False
3,Suzuka,Japanese Grand Prix,34,S2,OCO,Haas F1 Team,LAW,Racing Bulls,0.58,293.0,284.0,9.0,15.0,HARD,12.0,HARD,True,harvest_rich,False
3,Suzuka,Japanese Grand Prix,34,S2,HAD,Red Bull Racing,BOR,Audi,0.387,291.0,283.0,8.0,15.0,HARD,12.0,HARD,True,harvest_rich,False
3,Suzuka,Japanese Grand Prix,34,S2,HUL,Audi,HAD,Red Bull Racing,0.647,294.0,291.0,3.0,11.0,HARD,15.0,HARD,True,harvest_rich,False
3,Suzuka,Japanese Grand Prix,34,S2,COL,Alpine,SAI,Williams,0.747,294.0,289.0,5.0,17.0,HARD,12.0,HARD,True,harvest_rich,False
3,Suzuka,Japanese Grand Prix,34,S3,HAM,Ferrari,PIA,McLaren,0.907,287.0,282.0,5.0,12.0,HARD,16.0,HARD,True,harvest_rich,False
3,Suzuka,Japanese Grand Prix,34,S3,RUS,Mercedes,HAM,Ferrari,0.853,287.0,287.0,0.0,13.0,HARD,12.0,HARD,True,harvest_rich,False
3,Suzuka,Japanese Grand Prix,34,S3,LEC,Ferrari,RUS,Mercedes,0.745,293.0,287.0,6.0,17.0,HARD,13.0,HARD,True,harvest_rich,False
3,Suzuka,Japanese Grand Prix,34,S3,VER,Red Bull Racing,GAS,Alpine,0.598,293.0,285.0,8.0,12.0,HARD,12.0,HARD,True,harvest_rich,False
3,Suzuka,Japanese Grand Prix,34,S3,OCO,Haas F1 Team,LAW,Racing Bulls,0.611,293.0,284.0,9.0,15.0,HARD,12.0,HARD,True,harvest_rich,False
3,Suzuka,Japanese Grand Prix,34,S3,HAD,Red Bull Racing,BOR,Audi,0.399,291.0,283.0,8.0,15.0,HARD,12.0,HARD,True,harvest_rich,False
3,Suzuka,Japanese Grand Prix,34,S3,HUL,Audi,HAD,Red Bull Racing,0.406,294.0,291.0,3.0,11.0,HARD,15.0,HARD,True,harvest_rich,False
3,Suzuka,Japanese Grand Prix,34,S3,COL,Alpine,SAI,Williams,0.627,294.0,289.0,5.0,17.0,HARD,12.0,HARD,True,harvest_rich,False
3,Suzuka,Japanese Grand Prix,35,S1,RUS,Mercedes,HAM,Ferrari,0.536,288.0,283.0,5.0,14.0,HARD,13.0,HARD,True,harvest_rich,False
3,Suzuka,Japanese Grand Prix,35,S1,VER,Red Bull Racing,GAS,Alpine,0.721,292.0,284.0,8.0,13.0,HARD,13.0,HARD,True,harvest_rich,False
3,Suzuka,Japanese Grand Prix,35,S1,OCO,Haas F1 Team,LAW,Racing Bulls,0.754,290.0,283.0,7.0,16.0,HARD,13.0,HARD,True,harvest_rich,False
3,Suzuka,Japanese Grand Prix,35,S1,HAD,Red Bull Racing,BOR,Audi,0.295,289.0,281.0,8.0,16.0,HARD,13.0,HARD,True,harvest_rich,False
3,Suzuka,Japanese Grand Prix,35,S1,HUL,Audi,HAD,Red Bull Racing,0.929,296.0,289.0,7.0,12.0,HARD,16.0,HARD,True,harvest_rich,False
3,Suzuka,Japanese Grand Prix,35,S1,COL,Alpine,SAI,Williams,0.62,294.0,288.0,6.0,18.0,HARD,13.0,HARD,True,harvest_rich,False
3,Suzuka,Japanese Grand Prix,35,S2,RUS,Mercedes,HAM,Ferrari,0.626,288.0,283.0,5.0,14.0,HARD,13.0,HARD,True,harvest_rich,False
3,Suzuka,Japanese Grand Prix,35,S2,LEC,Ferrari,RUS,Mercedes,0.728,296.0,288.0,8.0,18.0,HARD,14.0,HARD,True,harvest_rich,False
3,Suzuka,Japanese Grand Prix,35,S2,VER,Red Bull Racing,GAS,Alpine,0.563,292.0,284.0,8.0,13.0,HARD,13.0,HARD,True,harvest_rich,False
3,Suzuka,Japanese Grand Prix,35,S2,OCO,Haas F1 Team,LAW,Racing Bulls,0.529,290.0,283.0,7.0,16.0,HARD,13.0,HARD,True,harvest_rich,False
3,Suzuka,Japanese Grand Prix,35,S2,HAD,Red Bull Racing,BOR,Audi,0.374,289.0,281.0,8.0,16.0,HARD,13.0,HARD,True,harvest_rich,False
3,Suzuka,Japanese Grand Prix,35,S2,HUL,Audi,HAD,Red Bull Racing,0.462,296.0,289.0,7.0,12.0,HARD,16.0,HARD,True,harvest_rich,False
3,Suzuka,Japanese Grand Prix,35,S2,COL,Alpine,SAI,Williams,0.71,294.0,288.0,6.0,18.0,HARD,13.0,HARD,True,harvest_rich,False
3,Suzuka,Japanese Grand Prix,35,S3,RUS,Mercedes,HAM,Ferrari,0.493,288.0,283.0,5.0,14.0,HARD,13.0,HARD,True,harvest_rich,False
3,Suzuka,Japanese Grand Prix,35,S3,LEC,Ferrari,RUS,Mercedes,0.661,296.0,288.0,8.0,18.0,HARD,14.0,HARD,True,harvest_rich,False
3,Suzuka,Japanese Grand Prix,35,S3,VER,Red Bull Racing,GAS,Alpine,0.595,292.0,284.0,8.0,13.0,HARD,13.0,HARD,True,harvest_rich,False
3,Suzuka,Japanese Grand Prix,35,S3,OCO,Haas F1 Team,LAW,Racing Bulls,0.493,290.0,283.0,7.0,16.0,HARD,13.0,HARD,True,harvest_rich,False
3,Suzuka,Japanese Grand Prix,35,S3,HAD,Red Bull Racing,BOR,Audi,0.272,289.0,281.0,8.0,16.0,HARD,13.0,HARD,True,harvest_rich,True
3,Suzuka,Japanese Grand Prix,35,S3,HUL,Audi,HAD,Red Bull Racing,0.313,296.0,289.0,7.0,12.0,HARD,16.0,HARD,True,harvest_rich,False
3,Suzuka,Japanese Grand Prix,35,S3,COL,Alpine,SAI,Williams,0.7,294.0,288.0,6.0,18.0,HARD,13.0,HARD,True,harvest_rich,False
3,Suzuka,Japanese Grand Prix,36,S1,RUS,Mercedes,HAM,Ferrari,0.439,287.0,279.0,8.0,15.0,HARD,14.0,HARD,True,harvest_rich,False
3,Suzuka,Japanese Grand Prix,36,S1,LEC,Ferrari,RUS,Mercedes,0.911,294.0,287.0,7.0,19.0,HARD,15.0,HARD,True,harvest_rich,False
3,Suzuka,Japanese Grand Prix,36,S1,VER,Red Bull Racing,GAS,Alpine,0.575,292.0,284.0,8.0,14.0,HARD,14.0,HARD,True,harvest_rich,False
3,Suzuka,Japanese Grand Prix,36,S1,OCO,Haas F1 Team,LAW,Racing Bulls,0.797,290.0,282.0,8.0,17.0,HARD,14.0,HARD,True,harvest_rich,False
3,Suzuka,Japanese Grand Prix,36,S1,BOR,Audi,HAD,Red Bull Racing,0.987,285.0,286.0,-1.0,14.0,HARD,17.0,HARD,True,harvest_rich,False
3,Suzuka,Japanese Grand Prix,36,S1,HUL,Audi,BOR,Audi,0.455,290.0,285.0,5.0,13.0,HARD,14.0,HARD,True,harvest_rich,False
3,Suzuka,Japanese Grand Prix,36,S1,COL,Alpine,SAI,Williams,0.733,300.0,288.0,12.0,19.0,HARD,14.0,HARD,True,harvest_rich,False
3,Suzuka,Japanese Grand Prix,36,S2,RUS,Mercedes,HAM,Ferrari,0.655,287.0,279.0,8.0,15.0,HARD,14.0,HARD,True,harvest_rich,False
3,Suzuka,Japanese Grand Prix,36,S2,LEC,Ferrari,RUS,Mercedes,0.731,294.0,287.0,7.0,19.0,HARD,15.0,HARD,True,harvest_rich,False
3,Suzuka,Japanese Grand Prix,36,S2,VER,Red Bull Racing,GAS,Alpine,0.545,292.0,284.0,8.0,14.0,HARD,14.0,HARD,True,harvest_rich,False
3,Suzuka,Japanese Grand Prix,36,S2,OCO,Haas F1 Team,LAW,Racing Bulls,0.703,290.0,282.0,8.0,17.0,HARD,14.0,HARD,True,harvest_rich,False
3,Suzuka,Japanese Grand Prix,36,S2,HUL,Audi,BOR,Audi,0.374,290.0,285.0,5.0,13.0,HARD,14.0,HARD,True,harvest_rich,False
3,Suzuka,Japanese Grand Prix,36,S3,RUS,Mercedes,HAM,Ferrari,0.508,287.0,279.0,8.0,15.0,HARD,14.0,HARD,True,harvest_rich,False
3,Suzuka,Japanese Grand Prix,36,S3,LEC,Ferrari,RUS,Mercedes,0.651,294.0,287.0,7.0,19.0,HARD,15.0,HARD,True,harvest_rich,False
3,Suzuka,Japanese Grand Prix,36,S3,VER,Red Bull Racing,GAS,Alpine,0.536,292.0,284.0,8.0,14.0,HARD,14.0,HARD,True,harvest_rich,False
3,Suzuka,Japanese Grand Prix,36,S3,OCO,Haas F1 Team,LAW,Racing Bulls,0.629,290.0,282.0,8.0,17.0,HARD,14.0,HARD,True,harvest_rich,False
3,Suzuka,Japanese Grand Prix,36,S3,HUL,Audi,BOR,Audi,0.495,290.0,285.0,5.0,13.0,HARD,14.0,HARD,True,harvest_rich,False
3,Suzuka,Japanese Grand Prix,36,S3,COL,Alpine,SAI,Williams,0.925,300.0,288.0,12.0,19.0,HARD,14.0,HARD,True,harvest_rich,False
3,Suzuka,Japanese Grand Prix,37,S1,RUS,Mercedes,HAM,Ferrari,0.361,290.0,280.0,10.0,16.0,HARD,15.0,HARD,True,harvest_rich,False
3,Suzuka,Japanese Grand Prix,37,S1,LEC,Ferrari,RUS,Mercedes,0.968,290.0,290.0,0.0,20.0,HARD,16.0,HARD,True,harvest_rich,True
3,Suzuka,Japanese Grand Prix,37,S1,VER,Red Bull Racing,GAS,Alpine,0.598,292.0,283.0,9.0,15.0,HARD,15.0,HARD,True,harvest_rich,False
3,Suzuka,Japanese Grand Prix,37,S1,OCO,Haas F1 Team,LAW,Racing Bulls,0.71,299.0,283.0,16.0,18.0,HARD,15.0,HARD,True,harvest_rich,False
3,Suzuka,Japanese Grand Prix,37,S1,HUL,Audi,BOR,Audi,0.721,295.0,284.0,11.0,14.0,HARD,15.0,HARD,True,harvest_rich,False
3,Suzuka,Japanese Grand Prix,37,S1,COL,Alpine,SAI,Williams,0.941,296.0,290.0,6.0,20.0,HARD,15.0,HARD,True,harvest_rich,False
3,Suzuka,Japanese Grand Prix,37,S2,LEC,Ferrari,HAM,Ferrari,0.879,290.0,280.0,10.0,20.0,HARD,15.0,HARD,True,harvest_rich,False
3,Suzuka,Japanese Grand Prix,37,S2,RUS,Mercedes,LEC,Ferrari,0.585,290.0,290.0,0.0,16.0,HARD,20.0,HARD,True,harvest_rich,False
3,Suzuka,Japanese Grand Prix,37,S2,VER,Red Bull Racing,GAS,Alpine,0.573,292.0,283.0,9.0,15.0,HARD,15.0,HARD,True,harvest_rich,False
3,Suzuka,Japanese Grand Prix,37,S2,OCO,Haas F1 Team,LAW,Racing Bulls,0.454,299.0,283.0,16.0,18.0,HARD,15.0,HARD,True,harvest_rich,False
3,Suzuka,Japanese Grand Prix,37,S2,HUL,Audi,BOR,Audi,0.539,295.0,284.0,11.0,14.0,HARD,15.0,HARD,True,harvest_rich,False
3,Suzuka,Japanese Grand Prix,37,S2,COL,Alpine,SAI,Williams,0.939,296.0,290.0,6.0,20.0,HARD,15.0,HARD,True,harvest_rich,False
3,Suzuka,Japanese Grand Prix,37,S3,LEC,Ferrari,HAM,Ferrari,0.969,290.0,280.0,10.0,20.0,HARD,15.0,HARD,True,harvest_rich,False
3,Suzuka,Japanese Grand Prix,37,S3,RUS,Mercedes,LEC,Ferrari,0.413,290.0,290.0,0.0,16.0,HARD,20.0,HARD,True,harvest_rich,False
3,Suzuka,Japanese Grand Prix,37,S3,VER,Red Bull Racing,GAS,Alpine,0.549,292.0,283.0,9.0,15.0,HARD,15.0,HARD,True,harvest_rich,False
3,Suzuka,Japanese Grand Prix,37,S3,OCO,Haas F1 Team,LAW,Racing Bulls,0.549,299.0,283.0,16.0,18.0,HARD,15.0,HARD,True,harvest_rich,False
3,Suzuka,Japanese Grand Prix,37,S3,HUL,Audi,BOR,Audi,0.47,295.0,284.0,11.0,14.0,HARD,15.0,HARD,True,harvest_rich,False
3,Suzuka,Japanese Grand Prix,37,S3,COL,Alpine,SAI,Williams,0.885,296.0,290.0,6.0,20.0,HARD,15.0,HARD,True,harvest_rich,False
3,Suzuka,Japanese Grand Prix,38,S1,RUS,Mercedes,LEC,Ferrari,0.384,286.0,292.0,-6.0,17.0,HARD,21.0,HARD,True,harvest_rich,False
3,Suzuka,Japanese Grand Prix,38,S1,VER,Red Bull Racing,GAS,Alpine,0.568,292.0,283.0,9.0,16.0,HARD,16.0,HARD,True,harvest_rich,False
3,Suzuka,Japanese Grand Prix,38,S1,HUL,Audi,BOR,Audi,0.575,295.0,285.0,10.0,15.0,HARD,16.0,HARD,True,harvest_rich,False
3,Suzuka,Japanese Grand Prix,38,S2,LEC,Ferrari,HAM,Ferrari,0.67,292.0,282.0,10.0,21.0,HARD,16.0,HARD,True,harvest_rich,False
3,Suzuka,Japanese Grand Prix,38,S2,RUS,Mercedes,LEC,Ferrari,0.91,286.0,292.0,-6.0,17.0,HARD,21.0,HARD,True,harvest_rich,False
3,Suzuka,Japanese Grand Prix,38,S2,VER,Red Bull Racing,GAS,Alpine,0.57,292.0,283.0,9.0,16.0,HARD,16.0,HARD,True,harvest_rich,False
3,Suzuka,Japanese Grand Prix,38,S2,OCO,Haas F1 Team,LAW,Racing Bulls,0.997,287.0,283.0,4.0,19.0,HARD,16.0,HARD,True,harvest_rich,False
3,Suzuka,Japanese Grand Prix,38,S2,HUL,Audi,BOR,Audi,0.383,295.0,285.0,10.0,15.0,HARD,16.0,HARD,True,harvest_rich,True
3,Suzuka,Japanese Grand Prix,38,S3,LEC,Ferrari,HAM,Ferrari,0.661,292.0,282.0,10.0,21.0,HARD,16.0,HARD,True,harvest_rich,False
3,Suzuka,Japanese Grand Prix,38,S3,RUS,Mercedes,LEC,Ferrari,0.812,286.0,292.0,-6.0,17.0,HARD,21.0,HARD,True,harvest_rich,False
3,Suzuka,Japanese Grand Prix,38,S3,VER,Red Bull Racing,GAS,Alpine,0.55,292.0,283.0,9.0,16.0,HARD,16.0,HARD,True,harvest_rich,False
3,Suzuka,Japanese Grand Prix,38,S3,OCO,Haas F1 Team,LAW,Racing Bulls,0.991,287.0,283.0,4.0,19.0,HARD,16.0,HARD,True,harvest_rich,False
3,Suzuka,Japanese Grand Prix,38,S3,BOR,Audi,HUL,Audi,0.586,285.0,295.0,-10.0,16.0,HARD,15.0,HARD,True,harvest_rich,False
3,Suzuka,Japanese Grand Prix,38,S3,LIN,Racing Bulls,BOR,Audi,0.516,292.0,285.0,7.0,20.0,HARD,16.0,HARD,True,harvest_rich,False
3,Suzuka,Japanese Grand Prix,39,S1,LEC,Ferrari,HAM,Ferrari,0.767,291.0,284.0,7.0,22.0,HARD,17.0,HARD,True,harvest_rich,False
3,Suzuka,Japanese Grand Prix,39,S1,RUS,Mercedes,LEC,Ferrari,0.386,288.0,291.0,-3.0,18.0,HARD,22.0,HARD,True,harvest_rich,False
3,Suzuka,Japanese Grand Prix,39,S1,VER,Red Bull Racing,GAS,Alpine,0.663,284.0,283.0,1.0,17.0,HARD,17.0,HARD,True,harvest_rich,False
3,Suzuka,Japanese Grand Prix,39,S1,BOR,Audi,HUL,Audi,0.694,287.0,287.0,0.0,17.0,HARD,16.0,HARD,True,harvest_rich,False
3,Suzuka,Japanese Grand Prix,39,S2,LEC,Ferrari,HAM,Ferrari,0.606,291.0,284.0,7.0,22.0,HARD,17.0,HARD,True,harvest_rich,False
3,Suzuka,Japanese Grand Prix,39,S2,RUS,Mercedes,LEC,Ferrari,0.881,288.0,291.0,-3.0,18.0,HARD,22.0,HARD,True,harvest_rich,False
3,Suzuka,Japanese Grand Prix,39,S2,VER,Red Bull Racing,GAS,Alpine,0.867,284.0,283.0,1.0,17.0,HARD,17.0,HARD,True,harvest_rich,False
3,Suzuka,Japanese Grand Prix,39,S2,OCO,Haas F1 Team,LAW,Racing Bulls,0.958,290.0,283.0,7.0,20.0,HARD,17.0,HARD,True,harvest_rich,False
3,Suzuka,Japanese Grand Prix,39,S2,LIN,Racing Bulls,BOR,Audi,0.96,294.0,287.0,7.0,21.0,HARD,17.0,HARD,True,harvest_rich,False
3,Suzuka,Japanese Grand Prix,39,S3,LEC,Ferrari,HAM,Ferrari,0.542,291.0,284.0,7.0,22.0,HARD,17.0,HARD,True,harvest_rich,False
3,Suzuka,Japanese Grand Prix,39,S3,RUS,Mercedes,LEC,Ferrari,0.809,288.0,291.0,-3.0,18.0,HARD,22.0,HARD,True,harvest_rich,False
3,Suzuka,Japanese Grand Prix,39,S3,VER,Red Bull Racing,GAS,Alpine,0.998,284.0,283.0,1.0,17.0,HARD,17.0,HARD,True,harvest_rich,False
3,Suzuka,Japanese Grand Prix,39,S3,OCO,Haas F1 Team,LAW,Racing Bulls,0.813,290.0,283.0,7.0,20.0,HARD,17.0,HARD,True,harvest_rich,False
3,Suzuka,Japanese Grand Prix,39,S3,LIN,Racing Bulls,BOR,Audi,0.971,294.0,287.0,7.0,21.0,HARD,17.0,HARD,True,harvest_rich,False
3,Suzuka,Japanese Grand Prix,40,S1,LEC,Ferrari,HAM,Ferrari,0.559,295.0,280.0,15.0,23.0,HARD,18.0,HARD,True,harvest_rich,False
3,Suzuka,Japanese Grand Prix,40,S1,RUS,Mercedes,LEC,Ferrari,0.647,287.0,295.0,-8.0,19.0,HARD,23.0,HARD,True,harvest_rich,False
3,Suzuka,Japanese Grand Prix,40,S1,VER,Red Bull Racing,GAS,Alpine,0.922,281.0,282.0,-1.0,18.0,HARD,18.0,HARD,True,harvest_rich,False
3,Suzuka,Japanese Grand Prix,40,S1,OCO,Haas F1 Team,LAW,Racing Bulls,0.961,289.0,282.0,7.0,21.0,HARD,18.0,HARD,True,harvest_rich,False
3,Suzuka,Japanese Grand Prix,40,S1,BOR,Audi,HUL,Audi,0.966,297.0,287.0,10.0,18.0,HARD,17.0,HARD,True,harvest_rich,False
3,Suzuka,Japanese Grand Prix,40,S2,LEC,Ferrari,HAM,Ferrari,0.353,295.0,280.0,15.0,23.0,HARD,18.0,HARD,True,harvest_rich,False
3,Suzuka,Japanese Grand Prix,40,S2,RUS,Mercedes,LEC,Ferrari,0.965,287.0,295.0,-8.0,19.0,HARD,23.0,HARD,True,harvest_rich,False
3,Suzuka,Japanese Grand Prix,40,S2,OCO,Haas F1 Team,LAW,Racing Bulls,0.833,289.0,282.0,7.0,21.0,HARD,18.0,HARD,True,harvest_rich,False
3,Suzuka,Japanese Grand Prix,40,S3,LEC,Ferrari,HAM,Ferrari,0.378,295.0,280.0,15.0,23.0,HARD,18.0,HARD,True,harvest_rich,False
3,Suzuka,Japanese Grand Prix,40,S3,RUS,Mercedes,LEC,Ferrari,0.765,287.0,295.0,-8.0,19.0,HARD,23.0,HARD,True,harvest_rich,False
3,Suzuka,Japanese Grand Prix,40,S3,OCO,Haas F1 Team,LAW,Racing Bulls,0.723,289.0,282.0,7.0,21.0,HARD,18.0,HARD,True,harvest_rich,False
3,Suzuka,Japanese Grand Prix,41,S1,LEC,Ferrari,HAM,Ferrari,0.597,298.0,281.0,17.0,24.0,HARD,19.0,HARD,True,harvest_rich,False
3,Suzuka,Japanese Grand Prix,41,S1,RUS,Mercedes,LEC,Ferrari,0.146,287.0,298.0,-11.0,20.0,HARD,24.0,HARD,True,harvest_rich,False
3,Suzuka,Japanese Grand Prix,41,S1,VER,Red Bull Racing,GAS,Alpine,0.935,289.0,283.0,6.0,19.0,HARD,19.0,HARD,True,harvest_rich,False
3,Suzuka,Japanese Grand Prix,41,S1,OCO,Haas F1 Team,LAW,Racing Bulls,0.853,290.0,283.0,7.0,22.0,HARD,19.0,HARD,True,harvest_rich,False
3,Suzuka,Japanese Grand Prix,41,S2,LEC,Ferrari,HAM,Ferrari,0.375,298.0,281.0,17.0,24.0,HARD,19.0,HARD,True,harvest_rich,False
3,Suzuka,Japanese Grand Prix,41,S2,RUS,Mercedes,LEC,Ferrari,0.941,287.0,298.0,-11.0,20.0,HARD,24.0,HARD,True,harvest_rich,False
3,Suzuka,Japanese Grand Prix,41,S2,OCO,Haas F1 Team,LAW,Racing Bulls,0.827,290.0,283.0,7.0,22.0,HARD,19.0,HARD,True,harvest_rich,False
3,Suzuka,Japanese Grand Prix,41,S3,LEC,Ferrari,HAM,Ferrari,0.355,298.0,281.0,17.0,24.0,HARD,19.0,HARD,True,harvest_rich,True
3,Suzuka,Japanese Grand Prix,41,S3,RUS,Mercedes,LEC,Ferrari,0.802,287.0,298.0,-11.0,20.0,HARD,24.0,HARD,True,harvest_rich,False
3,Suzuka,Japanese Grand Prix,41,S3,OCO,Haas F1 Team,LAW,Racing Bulls,0.714,290.0,283.0,7.0,22.0,HARD,19.0,HARD,True,harvest_rich,False
3,Suzuka,Japanese Grand Prix,42,S1,HAM,Ferrari,LEC,Ferrari,0.776,284.0,283.0,1.0,20.0,HARD,25.0,HARD,True,harvest_rich,False
3,Suzuka,Japanese Grand Prix,42,S1,RUS,Mercedes,HAM,Ferrari,0.275,292.0,284.0,8.0,21.0,HARD,20.0,HARD,True,harvest_rich,False
3,Suzuka,Japanese Grand Prix,42,S1,OCO,Haas F1 Team,LAW,Racing Bulls,0.92,289.0,281.0,8.0,23.0,HARD,20.0,HARD,True,harvest_rich,False
3,Suzuka,Japanese Grand Prix,42,S2,HAM,Ferrari,LEC,Ferrari,0.969,284.0,283.0,1.0,20.0,HARD,25.0,HARD,True,harvest_rich,False
3,Suzuka,Japanese Grand Prix,42,S2,RUS,Mercedes,HAM,Ferrari,0.512,292.0,284.0,8.0,21.0,HARD,20.0,HARD,True,harvest_rich,False
3,Suzuka,Japanese Grand Prix,42,S2,NOR,McLaren,RUS,Mercedes,0.843,290.0,292.0,-2.0,26.0,HARD,21.0,HARD,True,harvest_rich,False
3,Suzuka,Japanese Grand Prix,42,S2,OCO,Haas F1 Team,LAW,Racing Bulls,0.679,289.0,281.0,8.0,23.0,HARD,20.0,HARD,True,harvest_rich,False
3,Suzuka,Japanese Grand Prix,42,S3,HAM,Ferrari,LEC,Ferrari,0.889,284.0,283.0,1.0,20.0,HARD,25.0,HARD,True,harvest_rich,False
3,Suzuka,Japanese Grand Prix,42,S3,RUS,Mercedes,HAM,Ferrari,0.526,292.0,284.0,8.0,21.0,HARD,20.0,HARD,True,harvest_rich,True
3,Suzuka,Japanese Grand Prix,42,S3,NOR,McLaren,RUS,Mercedes,0.807,290.0,292.0,-2.0,26.0,HARD,21.0,HARD,True,harvest_rich,False
3,Suzuka,Japanese Grand Prix,42,S3,VER,Red Bull Racing,GAS,Alpine,0.884,288.0,283.0,5.0,20.0,HARD,20.0,HARD,True,harvest_rich,False
3,Suzuka,Japanese Grand Prix,42,S3,OCO,Haas F1 Team,LAW,Racing Bulls,0.691,289.0,281.0,8.0,23.0,HARD,20.0,HARD,True,harvest_rich,False
3,Suzuka,Japanese Grand Prix,43,S1,HAM,Ferrari,RUS,Mercedes,0.778,290.0,287.0,3.0,21.0,HARD,22.0,HARD,True,harvest_rich,False
3,Suzuka,Japanese Grand Prix,43,S1,NOR,McLaren,HAM,Ferrari,0.713,290.0,290.0,0.0,27.0,HARD,21.0,HARD,True,harvest_rich,False
3,Suzuka,Japanese Grand Prix,43,S1,VER,Red Bull Racing,GAS,Alpine,0.779,290.0,280.0,10.0,21.0,HARD,21.0,HARD,True,harvest_rich,False
3,Suzuka,Japanese Grand Prix,43,S1,OCO,Haas F1 Team,LAW,Racing Bulls,0.921,288.0,281.0,7.0,24.0,HARD,21.0,HARD,True,harvest_rich,False
3,Suzuka,Japanese Grand Prix,43,S1,HUL,Audi,HAD,Red Bull Racing,0.91,298.0,287.0,11.0,20.0,HARD,24.0,HARD,True,harvest_rich,False
3,Suzuka,Japanese Grand Prix,43,S2,HAM,Ferrari,RUS,Mercedes,0.89,290.0,287.0,3.0,21.0,HARD,22.0,HARD,True,harvest_rich,False
3,Suzuka,Japanese Grand Prix,43,S2,NOR,McLaren,HAM,Ferrari,0.953,290.0,290.0,0.0,27.0,HARD,21.0,HARD,True,harvest_rich,False
3,Suzuka,Japanese Grand Prix,43,S2,VER,Red Bull Racing,GAS,Alpine,0.704,290.0,280.0,10.0,21.0,HARD,21.0,HARD,True,harvest_rich,False
3,Suzuka,Japanese Grand Prix,43,S2,OCO,Haas F1 Team,LAW,Racing Bulls,0.826,288.0,281.0,7.0,24.0,HARD,21.0,HARD,True,harvest_rich,False
3,Suzuka,Japanese Grand Prix,43,S2,HUL,Audi,HAD,Red Bull Racing,0.518,298.0,287.0,11.0,20.0,HARD,24.0,HARD,True,harvest_rich,False
3,Suzuka,Japanese Grand Prix,43,S3,HAM,Ferrari,RUS,Mercedes,0.936,290.0,287.0,3.0,21.0,HARD,22.0,HARD,True,harvest_rich,False
3,Suzuka,Japanese Grand Prix,43,S3,NOR,McLaren,HAM,Ferrari,0.901,290.0,290.0,0.0,27.0,HARD,21.0,HARD,True,harvest_rich,False
3,Suzuka,Japanese Grand Prix,43,S3,VER,Red Bull Racing,GAS,Alpine,0.702,290.0,280.0,10.0,21.0,HARD,21.0,HARD,True,harvest_rich,False
3,Suzuka,Japanese Grand Prix,43,S3,OCO,Haas F1 Team,LAW,Racing Bulls,0.684,288.0,281.0,7.0,24.0,HARD,21.0,HARD,True,harvest_rich,False
3,Suzuka,Japanese Grand Prix,43,S3,HUL,Audi,HAD,Red Bull Racing,0.414,298.0,287.0,11.0,20.0,HARD,24.0,HARD,True,harvest_rich,False
3,Suzuka,Japanese Grand Prix,44,S1,RUS,Mercedes,LEC,Ferrari,0.776,289.0,282.0,7.0,23.0,HARD,27.0,HARD,True,harvest_rich,False
3,Suzuka,Japanese Grand Prix,44,S1,NOR,McLaren,HAM,Ferrari,0.802,290.0,286.0,4.0,28.0,HARD,22.0,HARD,True,harvest_rich,False
3,Suzuka,Japanese Grand Prix,44,S1,VER,Red Bull Racing,GAS,Alpine,0.505,293.0,281.0,12.0,22.0,HARD,22.0,HARD,True,harvest_rich,False
3,Suzuka,Japanese Grand Prix,44,S1,OCO,Haas F1 Team,LAW,Racing Bulls,0.909,289.0,282.0,7.0,25.0,HARD,22.0,HARD,True,harvest_rich,False
3,Suzuka,Japanese Grand Prix,44,S1,HUL,Audi,HAD,Red Bull Racing,0.547,308.0,288.0,20.0,21.0,HARD,25.0,HARD,True,harvest_rich,False
3,Suzuka,Japanese Grand Prix,44,S2,NOR,McLaren,HAM,Ferrari,0.778,290.0,286.0,4.0,28.0,HARD,22.0,HARD,True,harvest_rich,False
3,Suzuka,Japanese Grand Prix,44,S2,VER,Red Bull Racing,GAS,Alpine,0.425,293.0,281.0,12.0,22.0,HARD,22.0,HARD,True,harvest_rich,False
3,Suzuka,Japanese Grand Prix,44,S2,OCO,Haas F1 Team,LAW,Racing Bulls,0.813,289.0,282.0,7.0,25.0,HARD,22.0,HARD,True,harvest_rich,False
3,Suzuka,Japanese Grand Prix,44,S2,HUL,Audi,HAD,Red Bull Racing,0.534,308.0,288.0,20.0,21.0,HARD,25.0,HARD,True,harvest_rich,False
3,Suzuka,Japanese Grand Prix,44,S2,LIN,Racing Bulls,BOR,Audi,0.895,292.0,287.0,5.0,26.0,HARD,22.0,HARD,True,harvest_rich,False
3,Suzuka,Japanese Grand Prix,44,S3,RUS,Mercedes,LEC,Ferrari,0.856,289.0,282.0,7.0,23.0,HARD,27.0,HARD,True,harvest_rich,False
3,Suzuka,Japanese Grand Prix,44,S3,NOR,McLaren,HAM,Ferrari,0.627,290.0,286.0,4.0,28.0,HARD,22.0,HARD,True,harvest_rich,False
3,Suzuka,Japanese Grand Prix,44,S3,VER,Red Bull Racing,GAS,Alpine,0.46,293.0,281.0,12.0,22.0,HARD,22.0,HARD,True,harvest_rich,False
3,Suzuka,Japanese Grand Prix,44,S3,OCO,Haas F1 Team,LAW,Racing Bulls,0.77,289.0,282.0,7.0,25.0,HARD,22.0,HARD,True,harvest_rich,False
3,Suzuka,Japanese Grand Prix,44,S3,HUL,Audi,HAD,Red Bull Racing,0.464,308.0,288.0,20.0,21.0,HARD,25.0,HARD,True,harvest_rich,False
3,Suzuka,Japanese Grand Prix,44,S3,LIN,Racing Bulls,BOR,Audi,0.958,292.0,287.0,5.0,26.0,HARD,22.0,HARD,True,harvest_rich,False
3,Suzuka,Japanese Grand Prix,45,S1,RUS,Mercedes,LEC,Ferrari,0.684,290.0,280.0,10.0,24.0,HARD,28.0,HARD,True,harvest_rich,False
3,Suzuka,Japanese Grand Prix,45,S1,NOR,McLaren,HAM,Ferrari,0.714,288.0,289.0,-1.0,29.0,HARD,23.0,HARD,True,harvest_rich,False
3,Suzuka,Japanese Grand Prix,45,S1,VER,Red Bull Racing,GAS,Alpine,0.53,290.0,280.0,10.0,23.0,HARD,23.0,HARD,True,harvest_rich,False
3,Suzuka,Japanese Grand Prix,45,S1,HUL,Audi,HAD,Red Bull Racing,0.615,280.0,289.0,-9.0,22.0,HARD,26.0,HARD,True,harvest_rich,True
3,Suzuka,Japanese Grand Prix,45,S2,RUS,Mercedes,LEC,Ferrari,0.701,290.0,280.0,10.0,24.0,HARD,28.0,HARD,True,harvest_rich,False
3,Suzuka,Japanese Grand Prix,45,S2,NOR,McLaren,HAM,Ferrari,0.812,288.0,289.0,-1.0,29.0,HARD,23.0,HARD,True,harvest_rich,False
3,Suzuka,Japanese Grand Prix,45,S2,VER,Red Bull Racing,GAS,Alpine,0.585,290.0,280.0,10.0,23.0,HARD,23.0,HARD,True,harvest_rich,False
3,Suzuka,Japanese Grand Prix,45,S2,OCO,Haas F1 Team,LAW,Racing Bulls,0.97,288.0,280.0,8.0,26.0,HARD,23.0,HARD,True,harvest_rich,False
3,Suzuka,Japanese Grand Prix,45,S2,HAD,Red Bull Racing,HUL,Audi,0.228,289.0,280.0,9.0,26.0,HARD,22.0,HARD,True,harvest_rich,True
3,Suzuka,Japanese Grand Prix,45,S2,LIN,Racing Bulls,BOR,Audi,0.902,293.0,285.0,8.0,27.0,HARD,23.0,HARD,True,harvest_rich,False
3,Suzuka,Japanese Grand Prix,45,S3,RUS,Mercedes,LEC,Ferrari,0.523,290.0,280.0,10.0,24.0,HARD,28.0,HARD,True,harvest_rich,False
3,Suzuka,Japanese Grand Prix,45,S3,NOR,McLaren,HAM,Ferrari,0.653,288.0,289.0,-1.0,29.0,HARD,23.0,HARD,True,harvest_rich,False
3,Suzuka,Japanese Grand Prix,45,S3,VER,Red Bull Racing,GAS,Alpine,0.735,290.0,280.0,10.0,23.0,HARD,23.0,HARD,True,harvest_rich,False
3,Suzuka,Japanese Grand Prix,45,S3,OCO,Haas F1 Team,LAW,Racing Bulls,0.943,288.0,280.0,8.0,26.0,HARD,23.0,HARD,True,harvest_rich,False
3,Suzuka,Japanese Grand Prix,45,S3,HUL,Audi,HAD,Red Bull Racing,0.228,280.0,289.0,-9.0,22.0,HARD,26.0,HARD,True,harvest_rich,False
3,Suzuka,Japanese Grand Prix,45,S3,LIN,Racing Bulls,BOR,Audi,0.797,293.0,285.0,8.0,27.0,HARD,23.0,HARD,True,harvest_rich,False
3,Suzuka,Japanese Grand Prix,46,S1,RUS,Mercedes,LEC,Ferrari,0.461,292.0,281.0,11.0,25.0,HARD,29.0,HARD,True,harvest_rich,False
3,Suzuka,Japanese Grand Prix,46,S1,VER,Red Bull Racing,GAS,Alpine,0.571,290.0,281.0,9.0,24.0,HARD,24.0,HARD,True,harvest_rich,False
3,Suzuka,Japanese Grand Prix,46,S1,HUL,Audi,HAD,Red Bull Racing,0.453,289.0,284.0,5.0,23.0,HARD,27.0,HARD,True,harvest_rich,False
3,Suzuka,Japanese Grand Prix,46,S1,LIN,Racing Bulls,BOR,Audi,0.931,296.0,288.0,8.0,28.0,HARD,24.0,HARD,True,harvest_rich,False
3,Suzuka,Japanese Grand Prix,46,S2,RUS,Mercedes,LEC,Ferrari,0.658,292.0,281.0,11.0,25.0,HARD,29.0,HARD,True,harvest_rich,False
3,Suzuka,Japanese Grand Prix,46,S2,NOR,McLaren,HAM,Ferrari,0.724,291.0,284.0,7.0,30.0,HARD,24.0,HARD,True,harvest_rich,False
3,Suzuka,Japanese Grand Prix,46,S2,VER,Red Bull Racing,GAS,Alpine,0.679,290.0,281.0,9.0,24.0,HARD,24.0,HARD,True,harvest_rich,False
3,Suzuka,Japanese Grand Prix,46,S2,HUL,Audi,HAD,Red Bull Racing,0.508,289.0,284.0,5.0,23.0,HARD,27.0,HARD,True,harvest_rich,False
3,Suzuka,Japanese Grand Prix,46,S2,LIN,Racing Bulls,BOR,Audi,0.725,296.0,288.0,8.0,28.0,HARD,24.0,HARD,True,harvest_rich,False
3,Suzuka,Japanese Grand Prix,46,S3,RUS,Mercedes,LEC,Ferrari,0.509,292.0,281.0,11.0,25.0,HARD,29.0,HARD,True,harvest_rich,False
3,Suzuka,Japanese Grand Prix,46,S3,NOR,McLaren,HAM,Ferrari,0.648,291.0,284.0,7.0,30.0,HARD,24.0,HARD,True,harvest_rich,False
3,Suzuka,Japanese Grand Prix,46,S3,VER,Red Bull Racing,GAS,Alpine,0.785,290.0,281.0,9.0,24.0,HARD,24.0,HARD,True,harvest_rich,False
3,Suzuka,Japanese Grand Prix,46,S3,OCO,Haas F1 Team,LAW,Racing Bulls,0.901,288.0,281.0,7.0,27.0,HARD,24.0,HARD,True,harvest_rich,False
3,Suzuka,Japanese Grand Prix,46,S3,HUL,Audi,HAD,Red Bull Racing,0.495,289.0,284.0,5.0,23.0,HARD,27.0,HARD,True,harvest_rich,True
3,Suzuka,Japanese Grand Prix,46,S3,LIN,Racing Bulls,BOR,Audi,0.687,296.0,288.0,8.0,28.0,HARD,24.0,HARD,True,harvest_rich,False
3,Suzuka,Japanese Grand Prix,47,S1,RUS,Mercedes,LEC,Ferrari,0.576,297.0,283.0,14.0,26.0,HARD,30.0,HARD,True,harvest_rich,False
3,Suzuka,Japanese Grand Prix,47,S1,NOR,McLaren,HAM,Ferrari,0.503,304.0,282.0,22.0,31.0,HARD,25.0,HARD,True,harvest_rich,False
3,Suzuka,Japanese Grand Prix,47,S1,VER,Red Bull Racing,GAS,Alpine,0.795,291.0,282.0,9.0,25.0,HARD,25.0,HARD,True,harvest_rich,False
3,Suzuka,Japanese Grand Prix,47,S1,HAD,Red Bull Racing,HUL,Audi,0.977,289.0,281.0,8.0,28.0,HARD,24.0,HARD,True,harvest_rich,False
3,Suzuka,Japanese Grand Prix,47,S1,LIN,Racing Bulls,BOR,Audi,0.858,294.0,288.0,6.0,29.0,HARD,25.0,HARD,True,harvest_rich,False
3,Suzuka,Japanese Grand Prix,47,S2,RUS,Mercedes,LEC,Ferrari,0.604,297.0,283.0,14.0,26.0,HARD,30.0,HARD,True,harvest_rich,False
3,Suzuka,Japanese Grand Prix,47,S2,NOR,McLaren,HAM,Ferrari,0.406,304.0,282.0,22.0,31.0,HARD,25.0,HARD,True,harvest_rich,True
3,Suzuka,Japanese Grand Prix,47,S2,VER,Red Bull Racing,GAS,Alpine,0.584,291.0,282.0,9.0,25.0,HARD,25.0,HARD,True,harvest_rich,False
3,Suzuka,Japanese Grand Prix,47,S2,OCO,Haas F1 Team,LAW,Racing Bulls,0.872,288.0,281.0,7.0,28.0,HARD,25.0,HARD,True,harvest_rich,False
3,Suzuka,Japanese Grand Prix,47,S2,LIN,Racing Bulls,BOR,Audi,0.792,294.0,288.0,6.0,29.0,HARD,25.0,HARD,True,harvest_rich,False
3,Suzuka,Japanese Grand Prix,47,S3,RUS,Mercedes,LEC,Ferrari,0.563,297.0,283.0,14.0,26.0,HARD,30.0,HARD,True,harvest_rich,False
3,Suzuka,Japanese Grand Prix,47,S3,HAM,Ferrari,NOR,McLaren,0.404,282.0,304.0,-22.0,25.0,HARD,31.0,HARD,True,harvest_rich,True
3,Suzuka,Japanese Grand Prix,47,S3,VER,Red Bull Racing,GAS,Alpine,0.608,291.0,282.0,9.0,25.0,HARD,25.0,HARD,True,harvest_rich,False
3,Suzuka,Japanese Grand Prix,47,S3,OCO,Haas F1 Team,LAW,Racing Bulls,0.863,288.0,281.0,7.0,28.0,HARD,25.0,HARD,True,harvest_rich,False
3,Suzuka,Japanese Grand Prix,47,S3,LIN,Racing Bulls,BOR,Audi,0.681,294.0,288.0,6.0,29.0,HARD,25.0,HARD,True,harvest_rich,False
3,Suzuka,Japanese Grand Prix,47,S3,COL,Alpine,SAI,Williams,0.944,289.0,285.0,4.0,30.0,HARD,25.0,HARD,True,harvest_rich,False
3,Suzuka,Japanese Grand Prix,48,S1,RUS,Mercedes,LEC,Ferrari,0.839,291.0,286.0,5.0,27.0,HARD,31.0,HARD,True,harvest_rich,False
3,Suzuka,Japanese Grand Prix,48,S1,NOR,McLaren,HAM,Ferrari,0.725,287.0,291.0,-4.0,32.0,HARD,26.0,HARD,True,harvest_rich,False
3,Suzuka,Japanese Grand Prix,48,S1,VER,Red Bull Racing,GAS,Alpine,0.474,298.0,280.0,18.0,26.0,HARD,26.0,HARD,True,harvest_rich,False
3,Suzuka,Japanese Grand Prix,48,S1,LIN,Racing Bulls,BOR,Audi,0.87,292.0,303.0,-11.0,30.0,HARD,26.0,HARD,True,harvest_rich,False
3,Suzuka,Japanese Grand Prix,48,S1,COL,Alpine,SAI,Williams,0.771,294.0,284.0,10.0,31.0,HARD,26.0,HARD,True,harvest_rich,False
3,Suzuka,Japanese Grand Prix,48,S2,VER,Red Bull Racing,GAS,Alpine,0.391,298.0,280.0,18.0,26.0,HARD,26.0,HARD,True,harvest_rich,True
3,Suzuka,Japanese Grand Prix,48,S2,OCO,Haas F1 Team,LAW,Racing Bulls,0.924,288.0,281.0,7.0,29.0,HARD,26.0,HARD,True,harvest_rich,False
3,Suzuka,Japanese Grand Prix,48,S2,COL,Alpine,SAI,Williams,0.855,294.0,284.0,10.0,31.0,HARD,26.0,HARD,True,harvest_rich,False
3,Suzuka,Japanese Grand Prix,48,S3,RUS,Mercedes,LEC,Ferrari,0.598,291.0,286.0,5.0,27.0,HARD,31.0,HARD,True,harvest_rich,False
3,Suzuka,Japanese Grand Prix,48,S3,GAS,Alpine,VER,Red Bull Racing,0.307,280.0,298.0,-18.0,26.0,HARD,26.0,HARD,True,harvest_rich,True
3,Suzuka,Japanese Grand Prix,48,S3,OCO,Haas F1 Team,LAW,Racing Bulls,0.887,288.0,281.0,7.0,29.0,HARD,26.0,HARD,True,harvest_rich,False
3,Suzuka,Japanese Grand Prix,48,S3,BOR,Audi,HAD,Red Bull Racing,0.841,303.0,288.0,15.0,26.0,HARD,29.0,HARD,True,harvest_rich,False
3,Suzuka,Japanese Grand Prix,48,S3,COL,Alpine,SAI,Williams,0.747,294.0,284.0,10.0,31.0,HARD,26.0,HARD,True,harvest_rich,False
3,Suzuka,Japanese Grand Prix,49,S1,RUS,Mercedes,LEC,Ferrari,0.439,293.0,282.0,11.0,28.0,HARD,32.0,HARD,True,harvest_rich,False
3,Suzuka,Japanese Grand Prix,49,S1,VER,Red Bull Racing,GAS,Alpine,0.499,288.0,283.0,5.0,27.0,HARD,27.0,HARD,True,harvest_rich,False
3,Suzuka,Japanese Grand Prix,49,S1,BOR,Audi,HAD,Red Bull Racing,0.95,288.0,286.0,2.0,27.0,HARD,30.0,HARD,True,harvest_rich,False
3,Suzuka,Japanese Grand Prix,49,S1,COL,Alpine,SAI,Williams,0.673,288.0,283.0,5.0,32.0,HARD,27.0,HARD,True,harvest_rich,False
3,Suzuka,Japanese Grand Prix,49,S2,RUS,Mercedes,LEC,Ferrari,0.581,293.0,282.0,11.0,28.0,HARD,32.0,HARD,True,harvest_rich,False
3,Suzuka,Japanese Grand Prix,49,S2,VER,Red Bull Racing,GAS,Alpine,0.907,288.0,283.0,5.0,27.0,HARD,27.0,HARD,True,harvest_rich,False
3,Suzuka,Japanese Grand Prix,49,S2,BOR,Audi,HAD,Red Bull Racing,0.859,288.0,286.0,2.0,27.0,HARD,30.0,HARD,True,harvest_rich,False
3,Suzuka,Japanese Grand Prix,49,S2,COL,Alpine,SAI,Williams,0.779,288.0,283.0,5.0,32.0,HARD,27.0,HARD,True,harvest_rich,False
3,Suzuka,Japanese Grand Prix,49,S3,RUS,Mercedes,LEC,Ferrari,0.466,293.0,282.0,11.0,28.0,HARD,32.0,HARD,True,harvest_rich,False
3,Suzuka,Japanese Grand Prix,49,S3,VER,Red Bull Racing,GAS,Alpine,0.912,288.0,283.0,5.0,27.0,HARD,27.0,HARD,True,harvest_rich,False
3,Suzuka,Japanese Grand Prix,49,S3,OCO,Haas F1 Team,LAW,Racing Bulls,0.952,288.0,281.0,7.0,30.0,HARD,27.0,HARD,True,harvest_rich,False
3,Suzuka,Japanese Grand Prix,49,S3,BOR,Audi,HAD,Red Bull Racing,0.95,288.0,286.0,2.0,27.0,HARD,30.0,HARD,True,harvest_rich,False
3,Suzuka,Japanese Grand Prix,49,S3,COL,Alpine,SAI,Williams,0.697,288.0,283.0,5.0,32.0,HARD,27.0,HARD,True,harvest_rich,False
3,Suzuka,Japanese Grand Prix,50,S1,RUS,Mercedes,LEC,Ferrari,0.523,300.0,282.0,18.0,29.0,HARD,33.0,HARD,True,harvest_rich,False
3,Suzuka,Japanese Grand Prix,50,S1,NOR,McLaren,HAM,Ferrari,0.716,283.0,273.0,10.0,34.0,HARD,28.0,HARD,True,harvest_rich,False
3,Suzuka,Japanese Grand Prix,50,S1,VER,Red Bull Racing,GAS,Alpine,0.806,290.0,281.0,9.0,28.0,HARD,28.0,HARD,True,harvest_rich,False
3,Suzuka,Japanese Grand Prix,50,S1,COL,Alpine,SAI,Williams,0.541,297.0,283.0,14.0,33.0,HARD,28.0,HARD,True,harvest_rich,False
3,Suzuka,Japanese Grand Prix,50,S2,RUS,Mercedes,LEC,Ferrari,0.561,300.0,282.0,18.0,29.0,HARD,33.0,HARD,True,harvest_rich,True
3,Suzuka,Japanese Grand Prix,50,S2,NOR,McLaren,HAM,Ferrari,0.292,283.0,273.0,10.0,34.0,HARD,28.0,HARD,True,harvest_rich,True
3,Suzuka,Japanese Grand Prix,50,S2,VER,Red Bull Racing,GAS,Alpine,0.619,290.0,281.0,9.0,28.0,HARD,28.0,HARD,True,harvest_rich,False
3,Suzuka,Japanese Grand Prix,50,S2,BOR,Audi,HAD,Red Bull Racing,0.857,294.0,286.0,8.0,28.0,HARD,31.0,HARD,True,harvest_rich,False
3,Suzuka,Japanese Grand Prix,50,S2,COL,Alpine,SAI,Williams,0.689,297.0,283.0,14.0,33.0,HARD,28.0,HARD,True,harvest_rich,False
3,Suzuka,Japanese Grand Prix,50,S3,LEC,Ferrari,RUS,Mercedes,0.49,282.0,300.0,-18.0,33.0,HARD,29.0,HARD,True,harvest_rich,True
3,Suzuka,Japanese Grand Prix,50,S3,HAM,Ferrari,NOR,McLaren,0.559,273.0,283.0,-10.0,28.0,HARD,34.0,HARD,True,harvest_rich,True
3,Suzuka,Japanese Grand Prix,50,S3,VER,Red Bull Racing,GAS,Alpine,0.611,290.0,281.0,9.0,28.0,HARD,28.0,HARD,True,harvest_rich,False
3,Suzuka,Japanese Grand Prix,50,S3,OCO,Haas F1 Team,LAW,Racing Bulls,0.987,287.0,281.0,6.0,31.0,HARD,28.0,HARD,True,harvest_rich,False
3,Suzuka,Japanese Grand Prix,50,S3,BOR,Audi,HAD,Red Bull Racing,0.762,294.0,286.0,8.0,28.0,HARD,31.0,HARD,True,harvest_rich,False
3,Suzuka,Japanese Grand Prix,50,S3,COL,Alpine,SAI,Williams,0.553,297.0,283.0,14.0,33.0,HARD,28.0,HARD,True,harvest_rich,False
3,Suzuka,Japanese Grand Prix,51,S1,RUS,Mercedes,LEC,Ferrari,0.702,291.0,291.0,0.0,30.0,HARD,34.0,HARD,True,harvest_rich,False
3,Suzuka,Japanese Grand Prix,51,S1,NOR,McLaren,HAM,Ferrari,0.529,286.0,279.0,7.0,35.0,HARD,29.0,HARD,True,harvest_rich,False
3,Suzuka,Japanese Grand Prix,51,S1,VER,Red Bull Racing,GAS,Alpine,0.556,291.0,279.0,12.0,29.0,HARD,29.0,HARD,True,harvest_rich,False
3,Suzuka,Japanese Grand Prix,51,S1,COL,Alpine,SAI,Williams,0.642,301.0,283.0,18.0,34.0,HARD,29.0,HARD,True,harvest_rich,False
3,Suzuka,Japanese Grand Prix,51,S2,RUS,Mercedes,LEC,Ferrari,0.765,291.0,291.0,0.0,30.0,HARD,34.0,HARD,True,harvest_rich,False
3,Suzuka,Japanese Grand Prix,51,S2,NOR,McLaren,HAM,Ferrari,0.405,286.0,279.0,7.0,35.0,HARD,29.0,HARD,True,harvest_rich,True
3,Suzuka,Japanese Grand Prix,51,S2,VER,Red Bull Racing,GAS,Alpine,0.61,291.0,279.0,12.0,29.0,HARD,29.0,HARD,True,harvest_rich,False
3,Suzuka,Japanese Grand Prix,51,S2,BOR,Audi,HAD,Red Bull Racing,0.998,294.0,286.0,8.0,29.0,HARD,32.0,HARD,True,harvest_rich,False
3,Suzuka,Japanese Grand Prix,51,S2,COL,Alpine,SAI,Williams,0.705,301.0,283.0,18.0,34.0,HARD,29.0,HARD,True,harvest_rich,False
3,Suzuka,Japanese Grand Prix,51,S3,RUS,Mercedes,LEC,Ferrari,0.701,291.0,291.0,0.0,30.0,HARD,34.0,HARD,True,harvest_rich,False
3,Suzuka,Japanese Grand Prix,51,S3,HAM,Ferrari,NOR,McLaren,0.479,279.0,286.0,-7.0,29.0,HARD,35.0,HARD,True,harvest_rich,False
3,Suzuka,Japanese Grand Prix,51,S3,VER,Red Bull Racing,GAS,Alpine,0.629,291.0,279.0,12.0,29.0,HARD,29.0,HARD,True,harvest_rich,False
3,Suzuka,Japanese Grand Prix,51,S3,BOR,Audi,HAD,Red Bull Racing,0.966,294.0,286.0,8.0,29.0,HARD,32.0,HARD,True,harvest_rich,False
3,Suzuka,Japanese Grand Prix,51,S3,COL,Alpine,SAI,Williams,0.482,301.0,283.0,18.0,34.0,HARD,29.0,HARD,True,harvest_rich,False
3,Suzuka,Japanese Grand Prix,52,S1,RUS,Mercedes,LEC,Ferrari,0.597,295.0,280.0,15.0,31.0,HARD,35.0,HARD,True,harvest_rich,False
3,Suzuka,Japanese Grand Prix,52,S1,HAM,Ferrari,NOR,McLaren,0.917,285.0,282.0,3.0,30.0,HARD,36.0,HARD,True,harvest_rich,False
3,Suzuka,Japanese Grand Prix,52,S1,VER,Red Bull Racing,GAS,Alpine,0.533,292.0,281.0,11.0,30.0,HARD,30.0,HARD,True,harvest_rich,False
3,Suzuka,Japanese Grand Prix,52,S1,COL,Alpine,SAI,Williams,0.549,298.0,285.0,13.0,35.0,HARD,30.0,HARD,True,harvest_rich,False
3,Suzuka,Japanese Grand Prix,52,S2,RUS,Mercedes,LEC,Ferrari,0.67,295.0,280.0,15.0,31.0,HARD,35.0,HARD,True,harvest_rich,False
3,Suzuka,Japanese Grand Prix,52,S2,VER,Red Bull Racing,GAS,Alpine,0.482,292.0,281.0,11.0,30.0,HARD,30.0,HARD,True,harvest_rich,False
3,Suzuka,Japanese Grand Prix,52,S2,COL,Alpine,SAI,Williams,0.879,298.0,285.0,13.0,35.0,HARD,30.0,HARD,True,harvest_rich,False
3,Suzuka,Japanese Grand Prix,52,S3,RUS,Mercedes,LEC,Ferrari,0.61,295.0,280.0,15.0,31.0,HARD,35.0,HARD,True,harvest_rich,False
3,Suzuka,Japanese Grand Prix,52,S3,VER,Red Bull Racing,GAS,Alpine,0.505,292.0,281.0,11.0,30.0,HARD,30.0,HARD,True,harvest_rich,False
3,Suzuka,Japanese Grand Prix,52,S3,COL,Alpine,SAI,Williams,0.605,298.0,285.0,13.0,35.0,HARD,30.0,HARD,True,harvest_rich,False
3,Suzuka,Japanese Grand Prix,53,S1,RUS,Mercedes,LEC,Ferrari,0.637,302.0,289.0,13.0,32.0,HARD,36.0,HARD,True,harvest_rich,False
3,Suzuka,Japanese Grand Prix,53,S1,VER,Red Bull Racing,GAS,Alpine,0.502,300.0,294.0,6.0,31.0,HARD,31.0,HARD,True,harvest_rich,False
3,Suzuka,Japanese Grand Prix,53,S1,COL,Alpine,SAI,Williams,0.767,302.0,292.0,10.0,36.0,HARD,31.0,HARD,True,harvest_rich,False
3,Suzuka,Japanese Grand Prix,53,S2,RUS,Mercedes,LEC,Ferrari,0.757,302.0,289.0,13.0,32.0,HARD,36.0,HARD,True,harvest_rich,False
3,Suzuka,Japanese Grand Prix,53,S2,VER,Red Bull Racing,GAS,Alpine,0.378,300.0,294.0,6.0,31.0,HARD,31.0,HARD,True,harvest_rich,False
3,Suzuka,Japanese Grand Prix,53,S2,COL,Alpine,SAI,Williams,0.839,302.0,292.0,10.0,36.0,HARD,31.0,HARD,True,harvest_rich,False
3,Suzuka,Japanese Grand Prix,53,S3,RUS,Mercedes,LEC,Ferrari,0.525,302.0,289.0,13.0,32.0,HARD,36.0,HARD,True,harvest_rich,False
3,Suzuka,Japanese Grand Prix,53,S3,VER,Red Bull Racing,GAS,Alpine,0.343,300.0,294.0,6.0,31.0,HARD,31.0,HARD,True,harvest_rich,False
3,Suzuka,Japanese Grand Prix,53,S3,LIN,Racing Bulls,BOR,Audi,0.752,292.0,288.0,4.0,35.0,HARD,31.0,HARD,True,harvest_rich,False
3,Suzuka,Japanese Grand Prix,53,S3,COL,Alpine,SAI,Williams,0.751,302.0,292.0,10.0,36.0,HARD,31.0,HARD,True,harvest_rich,False
4,Miami Gardens,Miami Grand Prix,1,S2,NOR,McLaren,ANT,Mercedes,0.797,298.0,311.0,-13.0,1.0,MEDIUM,1.0,MEDIUM,True,asymmetric,False
4,Miami Gardens,Miami Grand Prix,1,S2,PIA,McLaren,NOR,McLaren,0.797,314.0,298.0,16.0,1.0,MEDIUM,1.0,MEDIUM,True,asymmetric,False
4,Miami Gardens,Miami Grand Prix,1,S2,RUS,Mercedes,PIA,McLaren,0.5,331.0,314.0,17.0,1.0,MEDIUM,1.0,MEDIUM,True,asymmetric,False
4,Miami Gardens,Miami Grand Prix,1,S2,HAM,Ferrari,COL,Alpine,0.262,301.0,280.0,21.0,1.0,MEDIUM,1.0,MEDIUM,True,asymmetric,True
4,Miami Gardens,Miami Grand Prix,1,S2,VER,Red Bull Racing,LAW,Racing Bulls,0.678,306.0,310.0,-4.0,1.0,MEDIUM,1.0,MEDIUM,True,asymmetric,False
4,Miami Gardens,Miami Grand Prix,1,S2,SAI,Williams,VER,Red Bull Racing,0.411,305.0,306.0,-1.0,1.0,MEDIUM,1.0,MEDIUM,True,asymmetric,False
4,Miami Gardens,Miami Grand Prix,1,S2,ALB,Williams,SAI,Williams,0.505,293.0,305.0,-12.0,1.0,MEDIUM,1.0,MEDIUM,True,asymmetric,True
4,Miami Gardens,Miami Grand Prix,1,S2,GAS,Alpine,ALB,Williams,0.539,303.0,293.0,10.0,1.0,MEDIUM,1.0,MEDIUM,True,asymmetric,False
4,Miami Gardens,Miami Grand Prix,1,S2,OCO,Haas F1 Team,GAS,Alpine,0.45,296.0,303.0,-7.0,1.0,MEDIUM,1.0,MEDIUM,True,asymmetric,False
4,Miami Gardens,Miami Grand Prix,1,S2,BEA,Haas F1 Team,OCO,Haas F1 Team,0.372,286.0,296.0,-10.0,1.0,MEDIUM,1.0,MEDIUM,True,asymmetric,False
4,Miami Gardens,Miami Grand Prix,1,S2,LIN,Racing Bulls,BEA,Haas F1 Team,0.584,306.0,286.0,20.0,1.0,MEDIUM,1.0,MEDIUM,True,asymmetric,False
4,Miami Gardens,Miami Grand Prix,1,S2,STR,Aston Martin,LIN,Racing Bulls,0.643,297.0,306.0,-9.0,1.0,MEDIUM,1.0,MEDIUM,True,asymmetric,False
4,Miami Gardens,Miami Grand Prix,1,S2,PER,Cadillac,STR,Aston Martin,0.418,295.0,297.0,-2.0,1.0,MEDIUM,1.0,MEDIUM,True,asymmetric,False
4,Miami Gardens,Miami Grand Prix,1,S2,HUL,Audi,PER,Cadillac,0.333,289.0,295.0,-6.0,1.0,MEDIUM,1.0,MEDIUM,True,asymmetric,False
4,Miami Gardens,Miami Grand Prix,1,S2,BOR,Audi,HUL,Audi,0.524,288.0,289.0,-1.0,1.0,MEDIUM,1.0,MEDIUM,True,asymmetric,True
4,Miami Gardens,Miami Grand Prix,1,S2,ALO,Aston Martin,BOR,Audi,0.598,297.0,288.0,9.0,1.0,MEDIUM,1.0,MEDIUM,True,asymmetric,False
4,Miami Gardens,Miami Grand Prix,1,S2,HAD,Red Bull Racing,ALO,Aston Martin,0.656,314.0,297.0,17.0,1.0,HARD,1.0,MEDIUM,True,asymmetric,True
4,Miami Gardens,Miami Grand Prix,1,S2,BOT,Cadillac,HAD,Red Bull Racing,0.537,293.0,314.0,-21.0,1.0,MEDIUM,1.0,HARD,True,asymmetric,False
4,Miami Gardens,Miami Grand Prix,1,S3,NOR,McLaren,ANT,Mercedes,0.855,298.0,311.0,-13.0,1.0,MEDIUM,1.0,MEDIUM,True,asymmetric,False
4,Miami Gardens,Miami Grand Prix,1,S3,PIA,McLaren,NOR,McLaren,0.616,314.0,298.0,16.0,1.0,MEDIUM,1.0,MEDIUM,True,asymmetric,False
4,Miami Gardens,Miami Grand Prix,1,S3,RUS,Mercedes,PIA,McLaren,0.605,331.0,314.0,17.0,1.0,MEDIUM,1.0,MEDIUM,True,asymmetric,False
4,Miami Gardens,Miami Grand Prix,1,S3,ALB,Williams,VER,Red Bull Racing,0.0,293.0,306.0,-13.0,1.0,MEDIUM,1.0,MEDIUM,True,asymmetric,False
4,Miami Gardens,Miami Grand Prix,1,S3,SAI,Williams,ALB,Williams,0.343,305.0,293.0,12.0,1.0,MEDIUM,1.0,MEDIUM,True,asymmetric,False
4,Miami Gardens,Miami Grand Prix,1,S3,GAS,Alpine,SAI,Williams,0.149,303.0,305.0,-2.0,1.0,MEDIUM,1.0,MEDIUM,True,asymmetric,True
4,Miami Gardens,Miami Grand Prix,1,S3,OCO,Haas F1 Team,GAS,Alpine,0.19,296.0,303.0,-7.0,1.0,MEDIUM,1.0,MEDIUM,True,asymmetric,False
4,Miami Gardens,Miami Grand Prix,1,S3,BEA,Haas F1 Team,OCO,Haas F1 Team,0.228,286.0,296.0,-10.0,1.0,MEDIUM,1.0,MEDIUM,True,asymmetric,True
4,Miami Gardens,Miami Grand Prix,1,S3,LIN,Racing Bulls,BEA,Haas F1 Team,0.716,306.0,286.0,20.0,1.0,MEDIUM,1.0,MEDIUM,True,asymmetric,False
4,Miami Gardens,Miami Grand Prix,1,S3,PER,Cadillac,STR,Aston Martin,0.171,295.0,297.0,-2.0,1.0,MEDIUM,1.0,MEDIUM,True,asymmetric,False
4,Miami Gardens,Miami Grand Prix,1,S3,HAD,Red Bull Racing,BOR,Audi,0.246,314.0,288.0,26.0,1.0,HARD,1.0,MEDIUM,True,asymmetric,False
4,Miami Gardens,Miami Grand Prix,1,S3,ALO,Aston Martin,HAD,Red Bull Racing,0.354,297.0,314.0,-17.0,1.0,MEDIUM,1.0,HARD,True,asymmetric,False
4,Miami Gardens,Miami Grand Prix,1,S3,BOT,Cadillac,ALO,Aston Martin,0.551,293.0,297.0,-4.0,1.0,MEDIUM,1.0,MEDIUM,True,asymmetric,False
4,Miami Gardens,Miami Grand Prix,2,S1,NOR,McLaren,ANT,Mercedes,0.863,317.0,316.0,1.0,2.0,MEDIUM,2.0,MEDIUM,True,asymmetric,False
4,Miami Gardens,Miami Grand Prix,2,S1,PIA,McLaren,NOR,McLaren,0.891,316.0,317.0,-1.0,2.0,MEDIUM,2.0,MEDIUM,True,asymmetric,False
4,Miami Gardens,Miami Grand Prix,2,S1,RUS,Mercedes,PIA,McLaren,0.669,322.0,316.0,6.0,2.0,MEDIUM,2.0,MEDIUM,True,asymmetric,False
4,Miami Gardens,Miami Grand Prix,2,S1,GAS,Alpine,ALB,Williams,0.467,312.0,305.0,7.0,2.0,MEDIUM,2.0,MEDIUM,True,asymmetric,False
4,Miami Gardens,Miami Grand Prix,2,S1,SAI,Williams,GAS,Alpine,0.671,322.0,312.0,10.0,2.0,MEDIUM,2.0,MEDIUM,True,asymmetric,False
4,Miami Gardens,Miami Grand Prix,2,S1,BEA,Haas F1 Team,SAI,Williams,0.516,316.0,322.0,-6.0,2.0,MEDIUM,2.0,MEDIUM,True,asymmetric,False
4,Miami Gardens,Miami Grand Prix,2,S1,OCO,Haas F1 Team,BEA,Haas F1 Team,0.298,325.0,316.0,9.0,2.0,MEDIUM,2.0,MEDIUM,True,asymmetric,False
4,Miami Gardens,Miami Grand Prix,2,S1,LIN,Racing Bulls,OCO,Haas F1 Team,0.708,319.0,325.0,-6.0,2.0,MEDIUM,2.0,MEDIUM,True,asymmetric,False
4,Miami Gardens,Miami Grand Prix,2,S1,STR,Aston Martin,LIN,Racing Bulls,0.664,315.0,319.0,-4.0,2.0,MEDIUM,2.0,MEDIUM,True,asymmetric,False
4,Miami Gardens,Miami Grand Prix,2,S1,PER,Cadillac,STR,Aston Martin,0.485,291.0,315.0,-24.0,2.0,MEDIUM,2.0,MEDIUM,True,asymmetric,False
4,Miami Gardens,Miami Grand Prix,2,S1,BOR,Audi,PER,Cadillac,0.504,294.0,291.0,3.0,2.0,MEDIUM,2.0,MEDIUM,True,asymmetric,False
4,Miami Gardens,Miami Grand Prix,2,S1,HAD,Red Bull Racing,BOR,Audi,0.34,289.0,294.0,-5.0,2.0,HARD,2.0,MEDIUM,True,asymmetric,False
4,Miami Gardens,Miami Grand Prix,2,S1,ALO,Aston Martin,HAD,Red Bull Racing,0.828,304.0,289.0,15.0,2.0,MEDIUM,2.0,HARD,True,asymmetric,False
4,Miami Gardens,Miami Grand Prix,2,S2,NOR,McLaren,ANT,Mercedes,0.982,317.0,316.0,1.0,2.0,MEDIUM,2.0,MEDIUM,True,asymmetric,False
4,Miami Gardens,Miami Grand Prix,2,S2,PIA,McLaren,NOR,McLaren,0.93,316.0,317.0,-1.0,2.0,MEDIUM,2.0,MEDIUM,True,asymmetric,False
4,Miami Gardens,Miami Grand Prix,2,S2,RUS,Mercedes,PIA,McLaren,0.667,322.0,316.0,6.0,2.0,MEDIUM,2.0,MEDIUM,True,asymmetric,False
4,Miami Gardens,Miami Grand Prix,2,S2,LAW,Racing Bulls,VER,Red Bull Racing,0.922,293.0,310.0,-17.0,2.0,MEDIUM,2.0,MEDIUM,True,asymmetric,False
4,Miami Gardens,Miami Grand Prix,2,S2,ALB,Williams,LAW,Racing Bulls,0.657,305.0,293.0,12.0,2.0,MEDIUM,2.0,MEDIUM,True,asymmetric,False
4,Miami Gardens,Miami Grand Prix,2,S2,GAS,Alpine,ALB,Williams,0.422,312.0,305.0,7.0,2.0,MEDIUM,2.0,MEDIUM,True,asymmetric,False
4,Miami Gardens,Miami Grand Prix,2,S2,SAI,Williams,GAS,Alpine,0.512,322.0,312.0,10.0,2.0,MEDIUM,2.0,MEDIUM,True,asymmetric,False
4,Miami Gardens,Miami Grand Prix,2,S2,OCO,Haas F1 Team,BEA,Haas F1 Team,0.504,325.0,316.0,9.0,2.0,MEDIUM,2.0,MEDIUM,True,asymmetric,False
4,Miami Gardens,Miami Grand Prix,2,S2,LIN,Racing Bulls,OCO,Haas F1 Team,0.512,319.0,325.0,-6.0,2.0,MEDIUM,2.0,MEDIUM,True,asymmetric,False
4,Miami Gardens,Miami Grand Prix,2,S2,STR,Aston Martin,LIN,Racing Bulls,0.857,315.0,319.0,-4.0,2.0,MEDIUM,2.0,MEDIUM,True,asymmetric,False
4,Miami Gardens,Miami Grand Prix,2,S2,PER,Cadillac,STR,Aston Martin,0.57,291.0,315.0,-24.0,2.0,MEDIUM,2.0,MEDIUM,True,asymmetric,False
4,Miami Gardens,Miami Grand Prix,2,S2,BOR,Audi,PER,Cadillac,0.448,294.0,291.0,3.0,2.0,MEDIUM,2.0,MEDIUM,True,asymmetric,False
4,Miami Gardens,Miami Grand Prix,2,S2,HAD,Red Bull Racing,BOR,Audi,0.371,289.0,294.0,-5.0,2.0,HARD,2.0,MEDIUM,True,asymmetric,True
4,Miami Gardens,Miami Grand Prix,2,S2,ALO,Aston Martin,HAD,Red Bull Racing,0.591,304.0,289.0,15.0,2.0,MEDIUM,2.0,HARD,True,asymmetric,False
4,Miami Gardens,Miami Grand Prix,2,S3,NOR,McLaren,ANT,Mercedes,0.667,317.0,316.0,1.0,2.0,MEDIUM,2.0,MEDIUM,True,asymmetric,False
4,Miami Gardens,Miami Grand Prix,2,S3,RUS,Mercedes,PIA,McLaren,0.221,322.0,316.0,6.0,2.0,MEDIUM,2.0,MEDIUM,True,asymmetric,True
4,Miami Gardens,Miami Grand Prix,2,S3,ALB,Williams,LAW,Racing Bulls,0.444,305.0,293.0,12.0,2.0,MEDIUM,2.0,MEDIUM,True,asymmetric,False
4,Miami Gardens,Miami Grand Prix,2,S3,GAS,Alpine,ALB,Williams,0.369,312.0,305.0,7.0,2.0,MEDIUM,2.0,MEDIUM,True,asymmetric,False
4,Miami Gardens,Miami Grand Prix,2,S3,SAI,Williams,GAS,Alpine,0.348,322.0,312.0,10.0,2.0,MEDIUM,2.0,MEDIUM,True,asymmetric,False
4,Miami Gardens,Miami Grand Prix,2,S3,OCO,Haas F1 Team,BEA,Haas F1 Team,0.249,325.0,316.0,9.0,2.0,MEDIUM,2.0,MEDIUM,True,asymmetric,False
4,Miami Gardens,Miami Grand Prix,2,S3,LIN,Racing Bulls,OCO,Haas F1 Team,0.355,319.0,325.0,-6.0,2.0,MEDIUM,2.0,MEDIUM,True,asymmetric,False
4,Miami Gardens,Miami Grand Prix,2,S3,STR,Aston Martin,LIN,Racing Bulls,0.921,315.0,319.0,-4.0,2.0,MEDIUM,2.0,MEDIUM,True,asymmetric,False
4,Miami Gardens,Miami Grand Prix,2,S3,PER,Cadillac,STR,Aston Martin,0.504,291.0,315.0,-24.0,2.0,MEDIUM,2.0,MEDIUM,True,asymmetric,False
4,Miami Gardens,Miami Grand Prix,2,S3,HAD,Red Bull Racing,PER,Cadillac,0.894,289.0,291.0,-2.0,2.0,HARD,2.0,MEDIUM,True,asymmetric,False
4,Miami Gardens,Miami Grand Prix,2,S3,BOR,Audi,HAD,Red Bull Racing,0.434,294.0,289.0,5.0,2.0,MEDIUM,2.0,HARD,True,asymmetric,False
4,Miami Gardens,Miami Grand Prix,2,S3,ALO,Aston Martin,BOR,Audi,0.479,304.0,294.0,10.0,2.0,MEDIUM,2.0,MEDIUM,True,asymmetric,False
4,Miami Gardens,Miami Grand Prix,2,S3,BOT,Cadillac,ALO,Aston Martin,0.712,306.0,304.0,2.0,2.0,MEDIUM,2.0,MEDIUM,True,asymmetric,False
4,Miami Gardens,Miami Grand Prix,3,S1,NOR,McLaren,ANT,Mercedes,0.669,313.0,310.0,3.0,3.0,MEDIUM,3.0,MEDIUM,True,asymmetric,False
4,Miami Gardens,Miami Grand Prix,3,S1,PIA,McLaren,RUS,Mercedes,0.593,322.0,317.0,5.0,3.0,MEDIUM,3.0,MEDIUM,True,asymmetric,False
4,Miami Gardens,Miami Grand Prix,3,S1,ALB,Williams,LAW,Racing Bulls,0.77,314.0,305.0,9.0,3.0,MEDIUM,3.0,MEDIUM,True,asymmetric,False
4,Miami Gardens,Miami Grand Prix,3,S1,GAS,Alpine,ALB,Williams,0.46,320.0,314.0,6.0,3.0,MEDIUM,3.0,MEDIUM,True,asymmetric,False
4,Miami Gardens,Miami Grand Prix,3,S1,SAI,Williams,GAS,Alpine,0.773,314.0,320.0,-6.0,3.0,MEDIUM,3.0,MEDIUM,True,asymmetric,False
4,Miami Gardens,Miami Grand Prix,3,S1,BEA,Haas F1 Team,SAI,Williams,0.873,305.0,314.0,-9.0,3.0,MEDIUM,3.0,MEDIUM,True,asymmetric,False
4,Miami Gardens,Miami Grand Prix,3,S1,OCO,Haas F1 Team,BEA,Haas F1 Team,0.708,325.0,305.0,20.0,3.0,MEDIUM,3.0,MEDIUM,True,asymmetric,False
4,Miami Gardens,Miami Grand Prix,3,S1,LIN,Racing Bulls,OCO,Haas F1 Team,0.844,299.0,325.0,-26.0,3.0,MEDIUM,3.0,MEDIUM,True,asymmetric,False
4,Miami Gardens,Miami Grand Prix,3,S1,STR,Aston Martin,LIN,Racing Bulls,0.72,291.0,299.0,-8.0,3.0,MEDIUM,3.0,MEDIUM,True,asymmetric,False
4,Miami Gardens,Miami Grand Prix,3,S1,PER,Cadillac,STR,Aston Martin,0.796,277.0,291.0,-14.0,3.0,MEDIUM,3.0,MEDIUM,True,asymmetric,False
4,Miami Gardens,Miami Grand Prix,3,S1,HAD,Red Bull Racing,PER,Cadillac,0.195,324.0,277.0,47.0,3.0,HARD,3.0,MEDIUM,True,asymmetric,True
4,Miami Gardens,Miami Grand Prix,3,S1,BOR,Audi,HAD,Red Bull Racing,0.476,296.0,324.0,-28.0,3.0,MEDIUM,3.0,HARD,True,asymmetric,False
4,Miami Gardens,Miami Grand Prix,3,S1,ALO,Aston Martin,BOR,Audi,0.955,299.0,296.0,3.0,3.0,MEDIUM,3.0,MEDIUM,True,asymmetric,False
4,Miami Gardens,Miami Grand Prix,3,S1,BOT,Cadillac,ALO,Aston Martin,0.867,307.0,299.0,8.0,3.0,MEDIUM,3.0,MEDIUM,True,asymmetric,False
4,Miami Gardens,Miami Grand Prix,3,S2,NOR,McLaren,ANT,Mercedes,0.794,313.0,310.0,3.0,3.0,MEDIUM,3.0,MEDIUM,True,asymmetric,False
4,Miami Gardens,Miami Grand Prix,3,S2,PIA,McLaren,RUS,Mercedes,0.633,322.0,317.0,5.0,3.0,MEDIUM,3.0,MEDIUM,True,asymmetric,False
4,Miami Gardens,Miami Grand Prix,3,S2,ALB,Williams,LAW,Racing Bulls,0.793,314.0,305.0,9.0,3.0,MEDIUM,3.0,MEDIUM,True,asymmetric,False
4,Miami Gardens,Miami Grand Prix,3,S2,GAS,Alpine,ALB,Williams,0.581,320.0,314.0,6.0,3.0,MEDIUM,3.0,MEDIUM,True,asymmetric,False
4,Miami Gardens,Miami Grand Prix,3,S2,SAI,Williams,GAS,Alpine,0.538,314.0,320.0,-6.0,3.0,MEDIUM,3.0,MEDIUM,True,asymmetric,False
4,Miami Gardens,Miami Grand Prix,3,S2,OCO,Haas F1 Team,BEA,Haas F1 Team,0.687,325.0,305.0,20.0,3.0,MEDIUM,3.0,MEDIUM,True,asymmetric,False
4,Miami Gardens,Miami Grand Prix,3,S2,HAD,Red Bull Racing,STR,Aston Martin,0.45,324.0,291.0,33.0,3.0,HARD,3.0,MEDIUM,True,asymmetric,True
4,Miami Gardens,Miami Grand Prix,3,S2,PER,Cadillac,HAD,Red Bull Racing,0.667,277.0,324.0,-47.0,3.0,MEDIUM,3.0,HARD,True,asymmetric,False
4,Miami Gardens,Miami Grand Prix,3,S2,BOR,Audi,PER,Cadillac,0.402,296.0,277.0,19.0,3.0,MEDIUM,3.0,MEDIUM,True,asymmetric,False
4,Miami Gardens,Miami Grand Prix,3,S2,ALO,Aston Martin,BOR,Audi,0.833,299.0,296.0,3.0,3.0,MEDIUM,3.0,MEDIUM,True,asymmetric,False
4,Miami Gardens,Miami Grand Prix,3,S2,BOT,Cadillac,ALO,Aston Martin,0.987,307.0,299.0,8.0,3.0,MEDIUM,3.0,MEDIUM,True,asymmetric,False
4,Miami Gardens,Miami Grand Prix,3,S3,ANT,Mercedes,LEC,Ferrari,0.927,310.0,298.0,12.0,3.0,MEDIUM,3.0,MEDIUM,True,asymmetric,False
4,Miami Gardens,Miami Grand Prix,3,S3,NOR,McLaren,ANT,Mercedes,0.706,313.0,310.0,3.0,3.0,MEDIUM,3.0,MEDIUM,True,asymmetric,False
4,Miami Gardens,Miami Grand Prix,3,S3,PIA,McLaren,RUS,Mercedes,0.569,322.0,317.0,5.0,3.0,MEDIUM,3.0,MEDIUM,True,asymmetric,False
4,Miami Gardens,Miami Grand Prix,3,S3,ALB,Williams,LAW,Racing Bulls,0.562,314.0,305.0,9.0,3.0,MEDIUM,3.0,MEDIUM,True,asymmetric,False
4,Miami Gardens,Miami Grand Prix,3,S3,GAS,Alpine,ALB,Williams,0.483,320.0,314.0,6.0,3.0,MEDIUM,3.0,MEDIUM,True,asymmetric,False
4,Miami Gardens,Miami Grand Prix,3,S3,SAI,Williams,GAS,Alpine,0.597,314.0,320.0,-6.0,3.0,MEDIUM,3.0,MEDIUM,True,asymmetric,False
4,Miami Gardens,Miami Grand Prix,3,S3,OCO,Haas F1 Team,BEA,Haas F1 Team,0.538,325.0,305.0,20.0,3.0,MEDIUM,3.0,MEDIUM,True,asymmetric,False
4,Miami Gardens,Miami Grand Prix,3,S3,STR,Aston Martin,HAD,Red Bull Racing,0.433,291.0,324.0,-33.0,3.0,MEDIUM,3.0,HARD,True,asymmetric,False
4,Miami Gardens,Miami Grand Prix,3,S3,PER,Cadillac,STR,Aston Martin,0.494,277.0,291.0,-14.0,3.0,MEDIUM,3.0,MEDIUM,True,asymmetric,False
4,Miami Gardens,Miami Grand Prix,3,S3,BOR,Audi,PER,Cadillac,0.703,296.0,277.0,19.0,3.0,MEDIUM,3.0,MEDIUM,True,asymmetric,False
4,Miami Gardens,Miami Grand Prix,3,S3,ALO,Aston Martin,BOR,Audi,0.6,299.0,296.0,3.0,3.0,MEDIUM,3.0,MEDIUM,True,asymmetric,False
4,Miami Gardens,Miami Grand Prix,3,S3,BOT,Cadillac,ALO,Aston Martin,0.814,307.0,299.0,8.0,3.0,MEDIUM,3.0,MEDIUM,True,asymmetric,False
4,Miami Gardens,Miami Grand Prix,4,S1,ANT,Mercedes,LEC,Ferrari,0.836,303.0,293.0,10.0,4.0,MEDIUM,4.0,MEDIUM,True,asymmetric,False
4,Miami Gardens,Miami Grand Prix,4,S1,PIA,McLaren,RUS,Mercedes,0.966,318.0,313.0,5.0,4.0,MEDIUM,4.0,MEDIUM,True,asymmetric,False
4,Miami Gardens,Miami Grand Prix,4,S1,ALB,Williams,LAW,Racing Bulls,0.891,324.0,300.0,24.0,4.0,MEDIUM,4.0,MEDIUM,True,asymmetric,False
4,Miami Gardens,Miami Grand Prix,4,S1,GAS,Alpine,ALB,Williams,0.669,311.0,324.0,-13.0,4.0,MEDIUM,4.0,MEDIUM,True,asymmetric,False
4,Miami Gardens,Miami Grand Prix,4,S1,SAI,Williams,GAS,Alpine,0.834,321.0,311.0,10.0,4.0,MEDIUM,4.0,MEDIUM,True,asymmetric,False
4,Miami Gardens,Miami Grand Prix,4,S1,BEA,Haas F1 Team,SAI,Williams,0.764,315.0,321.0,-6.0,4.0,MEDIUM,4.0,MEDIUM,True,asymmetric,False
4,Miami Gardens,Miami Grand Prix,4,S1,OCO,Haas F1 Team,BEA,Haas F1 Team,0.789,309.0,315.0,-6.0,4.0,MEDIUM,4.0,MEDIUM,True,asymmetric,False
4,Miami Gardens,Miami Grand Prix,4,S1,HAD,Red Bull Racing,LIN,Racing Bulls,0.891,312.0,308.0,4.0,4.0,HARD,4.0,MEDIUM,True,asymmetric,False
4,Miami Gardens,Miami Grand Prix,4,S1,PER,Cadillac,STR,Aston Martin,0.791,282.0,303.0,-21.0,4.0,MEDIUM,4.0,MEDIUM,True,asymmetric,False
4,Miami Gardens,Miami Grand Prix,4,S1,BOR,Audi,PER,Cadillac,0.458,300.0,282.0,18.0,4.0,MEDIUM,4.0,MEDIUM,True,asymmetric,False
4,Miami Gardens,Miami Grand Prix,4,S1,ALO,Aston Martin,BOR,Audi,0.521,302.0,300.0,2.0,4.0,MEDIUM,4.0,MEDIUM,True,asymmetric,False
4,Miami Gardens,Miami Grand Prix,4,S2,ANT,Mercedes,LEC,Ferrari,0.671,303.0,293.0,10.0,4.0,MEDIUM,4.0,MEDIUM,True,asymmetric,True
4,Miami Gardens,Miami Grand Prix,4,S2,NOR,McLaren,ANT,Mercedes,0.835,310.0,303.0,7.0,4.0,MEDIUM,4.0,MEDIUM,True,asymmetric,False
4,Miami Gardens,Miami Grand Prix,4,S2,PIA,McLaren,RUS,Mercedes,0.999,318.0,313.0,5.0,4.0,MEDIUM,4.0,MEDIUM,True,asymmetric,False
4,Miami Gardens,Miami Grand Prix,4,S2,VER,Red Bull Racing,COL,Alpine,0.847,313.0,305.0,8.0,4.0,MEDIUM,4.0,MEDIUM,True,asymmetric,False
4,Miami Gardens,Miami Grand Prix,4,S2,ALB,Williams,LAW,Racing Bulls,0.742,324.0,300.0,24.0,4.0,MEDIUM,4.0,MEDIUM,True,asymmetric,False
4,Miami Gardens,Miami Grand Prix,4,S2,GAS,Alpine,ALB,Williams,0.471,311.0,324.0,-13.0,4.0,MEDIUM,4.0,MEDIUM,True,asymmetric,False
4,Miami Gardens,Miami Grand Prix,4,S2,SAI,Williams,GAS,Alpine,0.768,321.0,311.0,10.0,4.0,MEDIUM,4.0,MEDIUM,True,asymmetric,False
4,Miami Gardens,Miami Grand Prix,4,S2,OCO,Haas F1 Team,BEA,Haas F1 Team,0.918,309.0,315.0,-6.0,4.0,MEDIUM,4.0,MEDIUM,True,asymmetric,False
4,Miami Gardens,Miami Grand Prix,4,S2,HAD,Red Bull Racing,LIN,Racing Bulls,0.611,312.0,308.0,4.0,4.0,HARD,4.0,MEDIUM,True,asymmetric,False
4,Miami Gardens,Miami Grand Prix,4,S2,PER,Cadillac,STR,Aston Martin,0.612,282.0,303.0,-21.0,4.0,MEDIUM,4.0,MEDIUM,True,asymmetric,False
4,Miami Gardens,Miami Grand Prix,4,S2,BOR,Audi,PER,Cadillac,0.537,300.0,282.0,18.0,4.0,MEDIUM,4.0,MEDIUM,True,asymmetric,False
4,Miami Gardens,Miami Grand Prix,4,S2,ALO,Aston Martin,BOR,Audi,0.86,302.0,300.0,2.0,4.0,MEDIUM,4.0,MEDIUM,True,asymmetric,False
4,Miami Gardens,Miami Grand Prix,4,S3,LEC,Ferrari,ANT,Mercedes,0.217,293.0,303.0,-10.0,4.0,MEDIUM,4.0,MEDIUM,True,asymmetric,False
4,Miami Gardens,Miami Grand Prix,4,S3,NOR,McLaren,LEC,Ferrari,0.717,310.0,293.0,17.0,4.0,MEDIUM,4.0,MEDIUM,True,asymmetric,False
4,Miami Gardens,Miami Grand Prix,4,S3,PIA,McLaren,RUS,Mercedes,0.785,318.0,313.0,5.0,4.0,MEDIUM,4.0,MEDIUM,True,asymmetric,False
4,Miami Gardens,Miami Grand Prix,4,S3,VER,Red Bull Racing,COL,Alpine,0.643,313.0,305.0,8.0,4.0,MEDIUM,4.0,MEDIUM,True,asymmetric,False
4,Miami Gardens,Miami Grand Prix,4,S3,ALB,Williams,LAW,Racing Bulls,0.148,324.0,300.0,24.0,4.0,MEDIUM,4.0,MEDIUM,True,asymmetric,True
4,Miami Gardens,Miami Grand Prix,4,S3,GAS,Alpine,ALB,Williams,0.569,311.0,324.0,-13.0,4.0,MEDIUM,4.0,MEDIUM,True,asymmetric,False
4,Miami Gardens,Miami Grand Prix,4,S3,SAI,Williams,GAS,Alpine,0.585,321.0,311.0,10.0,4.0,MEDIUM,4.0,MEDIUM,True,asymmetric,False
4,Miami Gardens,Miami Grand Prix,4,S3,OCO,Haas F1 Team,BEA,Haas F1 Team,0.961,309.0,315.0,-6.0,4.0,MEDIUM,4.0,MEDIUM,True,asymmetric,False
4,Miami Gardens,Miami Grand Prix,4,S3,HAD,Red Bull Racing,LIN,Racing Bulls,0.475,312.0,308.0,4.0,4.0,HARD,4.0,MEDIUM,True,asymmetric,False
4,Miami Gardens,Miami Grand Prix,4,S3,PER,Cadillac,STR,Aston Martin,0.383,282.0,303.0,-21.0,4.0,MEDIUM,4.0,MEDIUM,True,asymmetric,False
4,Miami Gardens,Miami Grand Prix,4,S3,BOR,Audi,PER,Cadillac,0.929,300.0,282.0,18.0,4.0,MEDIUM,4.0,MEDIUM,True,asymmetric,False
4,Miami Gardens,Miami Grand Prix,4,S3,ALO,Aston Martin,BOR,Audi,0.517,302.0,300.0,2.0,4.0,MEDIUM,4.0,MEDIUM,True,asymmetric,False
4,Miami Gardens,Miami Grand Prix,4,S3,BOT,Cadillac,ALO,Aston Martin,0.981,302.0,302.0,0.0,4.0,MEDIUM,4.0,MEDIUM,True,asymmetric,False
4,Miami Gardens,Miami Grand Prix,5,S1,LEC,Ferrari,ANT,Mercedes,0.511,299.0,313.0,-14.0,5.0,MEDIUM,5.0,MEDIUM,True,asymmetric,True
4,Miami Gardens,Miami Grand Prix,5,S1,NOR,McLaren,LEC,Ferrari,0.413,308.0,299.0,9.0,5.0,MEDIUM,5.0,MEDIUM,True,asymmetric,False
4,Miami Gardens,Miami Grand Prix,5,S1,VER,Red Bull Racing,COL,Alpine,0.585,314.0,275.0,39.0,5.0,MEDIUM,5.0,MEDIUM,True,asymmetric,False
4,Miami Gardens,Miami Grand Prix,5,S1,LAW,Racing Bulls,ALB,Williams,0.634,301.0,287.0,14.0,5.0,MEDIUM,5.0,MEDIUM,True,asymmetric,False
4,Miami Gardens,Miami Grand Prix,5,S1,SAI,Williams,LAW,Racing Bulls,0.982,290.0,301.0,-11.0,5.0,MEDIUM,5.0,MEDIUM,True,asymmetric,False
4,Miami Gardens,Miami Grand Prix,5,S1,BEA,Haas F1 Team,SAI,Williams,0.678,297.0,290.0,7.0,5.0,MEDIUM,5.0,MEDIUM,True,asymmetric,False
4,Miami Gardens,Miami Grand Prix,5,S1,PER,Cadillac,STR,Aston Martin,0.811,292.0,278.0,14.0,5.0,MEDIUM,5.0,MEDIUM,True,asymmetric,True
4,Miami Gardens,Miami Grand Prix,5,S1,BOR,Audi,PER,Cadillac,0.591,283.0,292.0,-9.0,5.0,MEDIUM,5.0,MEDIUM,True,asymmetric,False
4,Miami Gardens,Miami Grand Prix,5,S1,ALO,Aston Martin,BOR,Audi,0.535,278.0,283.0,-5.0,5.0,MEDIUM,5.0,MEDIUM,True,asymmetric,False
4,Miami Gardens,Miami Grand Prix,5,S2,ANT,Mercedes,LEC,Ferrari,0.79,313.0,299.0,14.0,5.0,MEDIUM,5.0,MEDIUM,True,asymmetric,False
4,Miami Gardens,Miami Grand Prix,5,S2,NOR,McLaren,ANT,Mercedes,0.566,308.0,313.0,-5.0,5.0,MEDIUM,5.0,MEDIUM,True,asymmetric,False
4,Miami Gardens,Miami Grand Prix,5,S2,VER,Red Bull Racing,COL,Alpine,0.443,314.0,275.0,39.0,5.0,MEDIUM,5.0,MEDIUM,True,asymmetric,True
4,Miami Gardens,Miami Grand Prix,5,S2,LAW,Racing Bulls,ALB,Williams,0.666,301.0,287.0,14.0,5.0,MEDIUM,5.0,MEDIUM,True,asymmetric,False
4,Miami Gardens,Miami Grand Prix,5,S2,SAI,Williams,LAW,Racing Bulls,0.795,290.0,301.0,-11.0,5.0,MEDIUM,5.0,MEDIUM,True,asymmetric,True
4,Miami Gardens,Miami Grand Prix,5,S2,BEA,Haas F1 Team,SAI,Williams,0.733,297.0,290.0,7.0,5.0,MEDIUM,5.0,MEDIUM,True,asymmetric,False
4,Miami Gardens,Miami Grand Prix,5,S2,OCO,Haas F1 Team,BEA,Haas F1 Team,0.924,314.0,297.0,17.0,5.0,MEDIUM,5.0,MEDIUM,True,asymmetric,False
4,Miami Gardens,Miami Grand Prix,5,S2,STR,Aston Martin,PER,Cadillac,0.453,278.0,292.0,-14.0,5.0,MEDIUM,5.0,MEDIUM,True,asymmetric,False
4,Miami Gardens,Miami Grand Prix,5,S2,BOR,Audi,STR,Aston Martin,0.403,283.0,278.0,5.0,5.0,MEDIUM,5.0,MEDIUM,True,asymmetric,True
4,Miami Gardens,Miami Grand Prix,5,S2,ALO,Aston Martin,BOR,Audi,0.681,278.0,283.0,-5.0,5.0,MEDIUM,5.0,MEDIUM,True,asymmetric,False
4,Miami Gardens,Miami Grand Prix,5,S3,ANT,Mercedes,LEC,Ferrari,0.688,313.0,299.0,14.0,5.0,MEDIUM,5.0,MEDIUM,True,asymmetric,False
4,Miami Gardens,Miami Grand Prix,5,S3,NOR,McLaren,ANT,Mercedes,0.174,308.0,313.0,-5.0,5.0,MEDIUM,5.0,MEDIUM,True,asymmetric,True
4,Miami Gardens,Miami Grand Prix,5,S3,PIA,McLaren,RUS,Mercedes,0.439,322.0,316.0,6.0,5.0,MEDIUM,5.0,MEDIUM,True,asymmetric,False
4,Miami Gardens,Miami Grand Prix,5,S3,COL,Alpine,VER,Red Bull Racing,0.003,275.0,314.0,-39.0,5.0,MEDIUM,5.0,MEDIUM,True,asymmetric,True
4,Miami Gardens,Miami Grand Prix,5,S3,BEA,Haas F1 Team,SAI,Williams,0.484,297.0,290.0,7.0,5.0,MEDIUM,5.0,MEDIUM,True,asymmetric,False
4,Miami Gardens,Miami Grand Prix,5,S3,OCO,Haas F1 Team,BEA,Haas F1 Team,0.471,314.0,297.0,17.0,5.0,MEDIUM,5.0,MEDIUM,True,asymmetric,False
4,Miami Gardens,Miami Grand Prix,5,S3,STR,Aston Martin,BOR,Audi,0.603,278.0,283.0,-5.0,5.0,MEDIUM,5.0,MEDIUM,True,asymmetric,False
4,Miami Gardens,Miami Grand Prix,6,S1,ANT,Mercedes,NOR,McLaren,0.898,92.0,98.0,-6.0,6.0,MEDIUM,6.0,MEDIUM,True,asymmetric,False
4,Miami Gardens,Miami Grand Prix,6,S1,PIA,McLaren,RUS,Mercedes,0.947,99.0,74.0,25.0,6.0,MEDIUM,6.0,MEDIUM,True,asymmetric,False
4,Miami Gardens,Miami Grand Prix,6,S1,HAM,Ferrari,PIA,McLaren,0.993,126.0,99.0,27.0,6.0,MEDIUM,6.0,MEDIUM,True,asymmetric,False
4,Miami Gardens,Miami Grand Prix,6,S1,VER,Red Bull Racing,COL,Alpine,0.515,102.0,112.0,-10.0,6.0,MEDIUM,6.0,MEDIUM,True,asymmetric,False
4,Miami Gardens,Miami Grand Prix,6,S1,STR,Aston Martin,BOR,Audi,0.826,82.0,108.0,-26.0,6.0,MEDIUM,6.0,MEDIUM,True,asymmetric,False
4,Miami Gardens,Miami Grand Prix,6,S2,ANT,Mercedes,NOR,McLaren,0.728,92.0,98.0,-6.0,6.0,MEDIUM,6.0,MEDIUM,True,asymmetric,False
4,Miami Gardens,Miami Grand Prix,6,S2,RUS,Mercedes,ANT,Mercedes,0.646,74.0,92.0,-18.0,6.0,MEDIUM,6.0,MEDIUM,True,asymmetric,False
4,Miami Gardens,Miami Grand Prix,6,S2,VER,Red Bull Racing,COL,Alpine,0.701,102.0,112.0,-10.0,6.0,MEDIUM,6.0,MEDIUM,True,asymmetric,False
4,Miami Gardens,Miami Grand Prix,6,S3,RUS,Mercedes,ANT,Mercedes,0.929,74.0,92.0,-18.0,6.0,MEDIUM,6.0,MEDIUM,True,asymmetric,False
4,Miami Gardens,Miami Grand Prix,6,S3,SAI,Williams,ALB,Williams,0.921,120.0,123.0,-3.0,6.0,MEDIUM,6.0,MEDIUM,True,asymmetric,False
4,Miami Gardens,Miami Grand Prix,6,S3,OCO,Haas F1 Team,BEA,Haas F1 Team,0.937,142.0,128.0,14.0,6.0,MEDIUM,6.0,MEDIUM,True,asymmetric,False
4,Miami Gardens,Miami Grand Prix,7,S1,ANT,Mercedes,NOR,McLaren,0.608,140.0,132.0,8.0,7.0,MEDIUM,7.0,MEDIUM,True,asymmetric,False
4,Miami Gardens,Miami Grand Prix,7,S1,PIA,McLaren,RUS,Mercedes,0.812,100.0,124.0,-24.0,7.0,MEDIUM,7.0,MEDIUM,True,asymmetric,False
4,Miami Gardens,Miami Grand Prix,7,S1,VER,Red Bull Racing,STR,Aston Martin,0.916,86.0,98.0,-12.0,1.0,HARD,7.0,MEDIUM,True,asymmetric,False
4,Miami Gardens,Miami Grand Prix,7,S1,ALO,Aston Martin,VER,Red Bull Racing,0.972,105.0,86.0,19.0,7.0,MEDIUM,1.0,HARD,True,asymmetric,False
4,Miami Gardens,Miami Grand Prix,7,S2,BEA,Haas F1 Team,SAI,Williams,0.512,77.0,80.0,-3.0,7.0,MEDIUM,7.0,MEDIUM,True,asymmetric,False
4,Miami Gardens,Miami Grand Prix,7,S2,OCO,Haas F1 Team,BEA,Haas F1 Team,0.899,84.0,77.0,7.0,7.0,MEDIUM,7.0,MEDIUM,True,asymmetric,False
4,Miami Gardens,Miami Grand Prix,7,S3,ANT,Mercedes,NOR,McLaren,0.828,140.0,132.0,8.0,7.0,MEDIUM,7.0,MEDIUM,True,asymmetric,False
4,Miami Gardens,Miami Grand Prix,7,S3,OCO,Haas F1 Team,BEA,Haas F1 Team,0.486,84.0,77.0,7.0,7.0,MEDIUM,7.0,MEDIUM,True,asymmetric,False
4,Miami Gardens,Miami Grand Prix,7,S3,VER,Red Bull Racing,STR,Aston Martin,0.725,86.0,98.0,-12.0,1.0,HARD,7.0,MEDIUM,True,asymmetric,False
4,Miami Gardens,Miami Grand Prix,8,S1,ANT,Mercedes,NOR,McLaren,0.906,97.0,110.0,-13.0,8.0,MEDIUM,8.0,MEDIUM,True,asymmetric,False
4,Miami Gardens,Miami Grand Prix,8,S1,PIA,McLaren,RUS,Mercedes,0.651,154.0,117.0,37.0,8.0,MEDIUM,8.0,MEDIUM,True,asymmetric,False
4,Miami Gardens,Miami Grand Prix,8,S1,COL,Alpine,HAM,Ferrari,0.781,102.0,111.0,-9.0,8.0,MEDIUM,8.0,MEDIUM,True,asymmetric,False
4,Miami Gardens,Miami Grand Prix,8,S1,ALB,Williams,COL,Alpine,0.868,100.0,102.0,-2.0,8.0,MEDIUM,8.0,MEDIUM,True,asymmetric,False
4,Miami Gardens,Miami Grand Prix,8,S1,BEA,Haas F1 Team,SAI,Williams,0.553,76.0,91.0,-15.0,8.0,MEDIUM,8.0,MEDIUM,True,asymmetric,False
4,Miami Gardens,Miami Grand Prix,8,S1,OCO,Haas F1 Team,BEA,Haas F1 Team,0.947,98.0,76.0,22.0,8.0,MEDIUM,8.0,MEDIUM,True,asymmetric,False
4,Miami Gardens,Miami Grand Prix,8,S1,LIN,Racing Bulls,OCO,Haas F1 Team,0.977,104.0,98.0,6.0,8.0,MEDIUM,8.0,MEDIUM,True,asymmetric,False
4,Miami Gardens,Miami Grand Prix,8,S1,STR,Aston Martin,BOR,Audi,0.969,102.0,96.0,6.0,8.0,MEDIUM,8.0,MEDIUM,True,asymmetric,False
4,Miami Gardens,Miami Grand Prix,8,S1,VER,Red Bull Racing,STR,Aston Martin,0.685,110.0,102.0,8.0,2.0,HARD,8.0,MEDIUM,True,asymmetric,False
4,Miami Gardens,Miami Grand Prix,8,S3,BEA,Haas F1 Team,SAI,Williams,0.726,76.0,91.0,-15.0,8.0,MEDIUM,8.0,MEDIUM,True,asymmetric,False
4,Miami Gardens,Miami Grand Prix,8,S3,OCO,Haas F1 Team,BEA,Haas F1 Team,0.994,98.0,76.0,22.0,8.0,MEDIUM,8.0,MEDIUM,True,asymmetric,False
4,Miami Gardens,Miami Grand Prix,9,S1,ANT,Mercedes,NOR,McLaren,0.576,169.0,156.0,13.0,9.0,MEDIUM,9.0,MEDIUM,True,asymmetric,False
4,Miami Gardens,Miami Grand Prix,9,S1,PIA,McLaren,RUS,Mercedes,0.91,114.0,143.0,-29.0,9.0,MEDIUM,9.0,MEDIUM,True,asymmetric,False
4,Miami Gardens,Miami Grand Prix,9,S1,COL,Alpine,HAM,Ferrari,0.788,167.0,136.0,31.0,9.0,MEDIUM,9.0,MEDIUM,True,asymmetric,False
4,Miami Gardens,Miami Grand Prix,9,S1,BEA,Haas F1 Team,SAI,Williams,0.796,145.0,123.0,22.0,9.0,MEDIUM,9.0,MEDIUM,True,asymmetric,False
4,Miami Gardens,Miami Grand Prix,9,S1,LIN,Racing Bulls,OCO,Haas F1 Team,0.988,146.0,150.0,-4.0,9.0,MEDIUM,9.0,MEDIUM,True,asymmetric,False
4,Miami Gardens,Miami Grand Prix,9,S1,VER,Red Bull Racing,STR,Aston Martin,0.385,192.0,172.0,20.0,3.0,HARD,9.0,MEDIUM,True,asymmetric,False
4,Miami Gardens,Miami Grand Prix,9,S1,ALO,Aston Martin,VER,Red Bull Racing,0.73,209.0,192.0,17.0,9.0,MEDIUM,3.0,HARD,True,asymmetric,False
4,Miami Gardens,Miami Grand Prix,9,S2,SAI,Williams,ALB,Williams,0.941,123.0,163.0,-40.0,9.0,MEDIUM,9.0,MEDIUM,True,asymmetric,False
4,Miami Gardens,Miami Grand Prix,9,S2,BOR,Audi,PER,Cadillac,0.693,137.0,120.0,17.0,9.0,MEDIUM,9.0,MEDIUM,True,asymmetric,False
4,Miami Gardens,Miami Grand Prix,9,S3,ALB,Williams,COL,Alpine,0.619,163.0,167.0,-4.0,9.0,MEDIUM,9.0,MEDIUM,True,asymmetric,False
4,Miami Gardens,Miami Grand Prix,9,S3,BEA,Haas F1 Team,SAI,Williams,0.737,145.0,123.0,22.0,9.0,MEDIUM,9.0,MEDIUM,True,asymmetric,False
4,Miami Gardens,Miami Grand Prix,9,S3,OCO,Haas F1 Team,BEA,Haas F1 Team,0.848,150.0,145.0,5.0,9.0,MEDIUM,9.0,MEDIUM,True,asymmetric,False
4,Miami Gardens,Miami Grand Prix,9,S3,BOR,Audi,PER,Cadillac,0.872,137.0,120.0,17.0,9.0,MEDIUM,9.0,MEDIUM,True,asymmetric,False
4,Miami Gardens,Miami Grand Prix,10,S1,HAM,Ferrari,PIA,McLaren,0.678,243.0,242.0,1.0,10.0,MEDIUM,10.0,MEDIUM,True,asymmetric,False
4,Miami Gardens,Miami Grand Prix,10,S1,COL,Alpine,HAM,Ferrari,0.951,242.0,243.0,-1.0,10.0,MEDIUM,10.0,MEDIUM,True,asymmetric,False
4,Miami Gardens,Miami Grand Prix,10,S1,ALB,Williams,COL,Alpine,0.818,140.0,242.0,-102.0,10.0,MEDIUM,10.0,MEDIUM,True,asymmetric,False
4,Miami Gardens,Miami Grand Prix,10,S1,SAI,Williams,ALB,Williams,0.996,161.0,140.0,21.0,10.0,MEDIUM,10.0,MEDIUM,True,asymmetric,False
4,Miami Gardens,Miami Grand Prix,10,S1,BEA,Haas F1 Team,SAI,Williams,0.696,156.0,161.0,-5.0,10.0,MEDIUM,10.0,MEDIUM,True,asymmetric,False
4,Miami Gardens,Miami Grand Prix,10,S1,OCO,Haas F1 Team,BEA,Haas F1 Team,0.921,162.0,156.0,6.0,10.0,MEDIUM,10.0,MEDIUM,True,asymmetric,False
4,Miami Gardens,Miami Grand Prix,10,S1,LIN,Racing Bulls,OCO,Haas F1 Team,0.816,160.0,162.0,-2.0,10.0,MEDIUM,10.0,MEDIUM,True,asymmetric,False
4,Miami Gardens,Miami Grand Prix,10,S1,ALO,Aston Martin,VER,Red Bull Racing,0.918,240.0,258.0,-18.0,10.0,MEDIUM,4.0,HARD,True,asymmetric,False
4,Miami Gardens,Miami Grand Prix,10,S2,ALB,Williams,COL,Alpine,0.767,140.0,242.0,-102.0,10.0,MEDIUM,10.0,MEDIUM,True,asymmetric,False
4,Miami Gardens,Miami Grand Prix,10,S2,SAI,Williams,ALB,Williams,0.965,161.0,140.0,21.0,10.0,MEDIUM,10.0,MEDIUM,True,asymmetric,False
4,Miami Gardens,Miami Grand Prix,10,S3,RUS,Mercedes,ANT,Mercedes,0.681,172.0,235.0,-63.0,10.0,MEDIUM,10.0,MEDIUM,True,asymmetric,False
4,Miami Gardens,Miami Grand Prix,10,S3,HAM,Ferrari,PIA,McLaren,0.481,243.0,242.0,1.0,10.0,MEDIUM,10.0,MEDIUM,True,asymmetric,False
4,Miami Gardens,Miami Grand Prix,10,S3,BEA,Haas F1 Team,SAI,Williams,0.284,156.0,161.0,-5.0,10.0,MEDIUM,10.0,MEDIUM,True,asymmetric,False
4,Miami Gardens,Miami Grand Prix,10,S3,PER,Cadillac,LIN,Racing Bulls,0.854,144.0,160.0,-16.0,10.0,MEDIUM,10.0,MEDIUM,True,asymmetric,False
4,Miami Gardens,Miami Grand Prix,10,S3,STR,Aston Martin,BOR,Audi,0.703,147.0,153.0,-6.0,10.0,MEDIUM,10.0,MEDIUM,True,asymmetric,False
4,Miami Gardens,Miami Grand Prix,11,S1,COL,Alpine,HAM,Ferrari,0.753,57.0,59.0,-2.0,11.0,MEDIUM,11.0,MEDIUM,True,asymmetric,False
4,Miami Gardens,Miami Grand Prix,11,S1,ALB,Williams,COL,Alpine,0.699,55.0,57.0,-2.0,11.0,MEDIUM,11.0,MEDIUM,True,asymmetric,False
4,Miami Gardens,Miami Grand Prix,11,S1,BEA,Haas F1 Team,SAI,Williams,0.696,46.0,48.0,-2.0,11.0,MEDIUM,11.0,MEDIUM,True,asymmetric,False
4,Miami Gardens,Miami Grand Prix,11,S1,LIN,Racing Bulls,OCO,Haas F1 Team,0.985,46.0,47.0,-1.0,11.0,MEDIUM,11.0,MEDIUM,True,asymmetric,False
4,Miami Gardens,Miami Grand Prix,11,S1,ALO,Aston Martin,VER,Red Bull Racing,0.432,40.0,38.0,2.0,11.0,MEDIUM,5.0,HARD,True,asymmetric,False
4,Miami Gardens,Miami Grand Prix,11,S2,PIA,McLaren,RUS,Mercedes,0.85,61.0,62.0,-1.0,11.0,MEDIUM,11.0,MEDIUM,True,asymmetric,False
4,Miami Gardens,Miami Grand Prix,11,S2,HAM,Ferrari,PIA,McLaren,0.675,59.0,61.0,-2.0,11.0,MEDIUM,11.0,MEDIUM,True,asymmetric,False
4,Miami Gardens,Miami Grand Prix,11,S2,ALB,Williams,COL,Alpine,0.625,55.0,57.0,-2.0,11.0,MEDIUM,11.0,MEDIUM,True,asymmetric,False
4,Miami Gardens,Miami Grand Prix,11,S2,SAI,Williams,ALB,Williams,0.988,48.0,55.0,-7.0,11.0,MEDIUM,11.0,MEDIUM,True,asymmetric,False
4,Miami Gardens,Miami Grand Prix,11,S2,BEA,Haas F1 Team,SAI,Williams,0.561,46.0,48.0,-2.0,11.0,MEDIUM,11.0,MEDIUM,True,asymmetric,False
4,Miami Gardens,Miami Grand Prix,11,S2,OCO,Haas F1 Team,BEA,Haas F1 Team,0.9,47.0,46.0,1.0,11.0,MEDIUM,11.0,MEDIUM,True,asymmetric,False
4,Miami Gardens,Miami Grand Prix,11,S2,LIN,Racing Bulls,OCO,Haas F1 Team,0.538,46.0,47.0,-1.0,11.0,MEDIUM,11.0,MEDIUM,True,asymmetric,False
4,Miami Gardens,Miami Grand Prix,11,S2,BOR,Audi,PER,Cadillac,0.44,40.0,39.0,1.0,11.0,MEDIUM,11.0,MEDIUM,True,asymmetric,False
4,Miami Gardens,Miami Grand Prix,11,S2,VER,Red Bull Racing,STR,Aston Martin,0.581,38.0,38.0,0.0,5.0,HARD,11.0,MEDIUM,True,asymmetric,False
4,Miami Gardens,Miami Grand Prix,11,S2,BOT,Cadillac,ALO,Aston Martin,0.62,43.0,40.0,3.0,5.0,SOFT,11.0,MEDIUM,True,asymmetric,False
4,Miami Gardens,Miami Grand Prix,11,S3,NOR,McLaren,LEC,Ferrari,0.769,63.0,64.0,-1.0,11.0,MEDIUM,11.0,MEDIUM,True,asymmetric,False
4,Miami Gardens,Miami Grand Prix,11,S3,ANT,Mercedes,NOR,McLaren,0.299,61.0,63.0,-2.0,11.0,MEDIUM,11.0,MEDIUM,True,asymmetric,False
4,Miami Gardens,Miami Grand Prix,11,S3,RUS,Mercedes,ANT,Mercedes,0.393,62.0,61.0,1.0,11.0,MEDIUM,11.0,MEDIUM,True,asymmetric,False
4,Miami Gardens,Miami Grand Prix,11,S3,PIA,McLaren,RUS,Mercedes,0.451,61.0,62.0,-1.0,11.0,MEDIUM,11.0,MEDIUM,True,asymmetric,True
4,Miami Gardens,Miami Grand Prix,11,S3,HAM,Ferrari,PIA,McLaren,0.341,59.0,61.0,-2.0,11.0,MEDIUM,11.0,MEDIUM,True,asymmetric,False
4,Miami Gardens,Miami Grand Prix,11,S3,COL,Alpine,HAM,Ferrari,0.621,57.0,59.0,-2.0,11.0,MEDIUM,11.0,MEDIUM,True,asymmetric,False
4,Miami Gardens,Miami Grand Prix,11,S3,ALB,Williams,COL,Alpine,0.495,55.0,57.0,-2.0,11.0,MEDIUM,11.0,MEDIUM,True,asymmetric,False
4,Miami Gardens,Miami Grand Prix,11,S3,SAI,Williams,ALB,Williams,0.442,48.0,55.0,-7.0,11.0,MEDIUM,11.0,MEDIUM,True,asymmetric,False
4,Miami Gardens,Miami Grand Prix,11,S3,BEA,Haas F1 Team,SAI,Williams,0.575,46.0,48.0,-2.0,11.0,MEDIUM,11.0,MEDIUM,True,asymmetric,False
4,Miami Gardens,Miami Grand Prix,11,S3,OCO,Haas F1 Team,BEA,Haas F1 Team,0.528,47.0,46.0,1.0,11.0,MEDIUM,11.0,MEDIUM,True,asymmetric,False
4,Miami Gardens,Miami Grand Prix,11,S3,LIN,Racing Bulls,OCO,Haas F1 Team,0.703,46.0,47.0,-1.0,11.0,MEDIUM,11.0,MEDIUM,True,asymmetric,False
4,Miami Gardens,Miami Grand Prix,11,S3,PER,Cadillac,LIN,Racing Bulls,0.567,39.0,46.0,-7.0,11.0,MEDIUM,11.0,MEDIUM,True,asymmetric,False
4,Miami Gardens,Miami Grand Prix,11,S3,BOR,Audi,PER,Cadillac,0.572,40.0,39.0,1.0,11.0,MEDIUM,11.0,MEDIUM,True,asymmetric,False
4,Miami Gardens,Miami Grand Prix,11,S3,STR,Aston Martin,BOR,Audi,0.369,38.0,40.0,-2.0,11.0,MEDIUM,11.0,MEDIUM,True,asymmetric,False
4,Miami Gardens,Miami Grand Prix,11,S3,VER,Red Bull Racing,STR,Aston Martin,0.411,38.0,38.0,0.0,5.0,HARD,11.0,MEDIUM,True,asymmetric,True
4,Miami Gardens,Miami Grand Prix,11,S3,ALO,Aston Martin,VER,Red Bull Racing,0.446,40.0,38.0,2.0,11.0,MEDIUM,5.0,HARD,True,asymmetric,False
4,Miami Gardens,Miami Grand Prix,11,S3,BOT,Cadillac,ALO,Aston Martin,0.685,43.0,40.0,3.0,5.0,SOFT,11.0,MEDIUM,True,asymmetric,False
4,Miami Gardens,Miami Grand Prix,12,S1,NOR,McLaren,LEC,Ferrari,0.76,310.0,296.0,14.0,12.0,MEDIUM,12.0,MEDIUM,True,asymmetric,False
4,Miami Gardens,Miami Grand Prix,12,S1,ANT,Mercedes,NOR,McLaren,0.744,320.0,310.0,10.0,12.0,MEDIUM,12.0,MEDIUM,True,asymmetric,False
4,Miami Gardens,Miami Grand Prix,12,S1,RUS,Mercedes,PIA,McLaren,0.745,305.0,313.0,-8.0,12.0,MEDIUM,12.0,MEDIUM,True,asymmetric,False
4,Miami Gardens,Miami Grand Prix,12,S1,HAM,Ferrari,RUS,Mercedes,0.506,307.0,305.0,2.0,12.0,MEDIUM,12.0,MEDIUM,True,asymmetric,False
4,Miami Gardens,Miami Grand Prix,12,S1,COL,Alpine,HAM,Ferrari,0.383,294.0,307.0,-13.0,12.0,MEDIUM,12.0,MEDIUM,True,asymmetric,False
4,Miami Gardens,Miami Grand Prix,12,S1,ALB,Williams,COL,Alpine,0.545,322.0,294.0,28.0,12.0,MEDIUM,12.0,MEDIUM,True,asymmetric,False
4,Miami Gardens,Miami Grand Prix,12,S1,SAI,Williams,ALB,Williams,0.584,321.0,322.0,-1.0,12.0,MEDIUM,12.0,MEDIUM,True,asymmetric,False
4,Miami Gardens,Miami Grand Prix,12,S1,BEA,Haas F1 Team,SAI,Williams,0.538,311.0,321.0,-10.0,12.0,MEDIUM,12.0,MEDIUM,True,asymmetric,False
4,Miami Gardens,Miami Grand Prix,12,S1,OCO,Haas F1 Team,BEA,Haas F1 Team,0.419,301.0,311.0,-10.0,12.0,MEDIUM,12.0,MEDIUM,True,asymmetric,False
4,Miami Gardens,Miami Grand Prix,12,S1,LIN,Racing Bulls,OCO,Haas F1 Team,0.868,311.0,301.0,10.0,12.0,MEDIUM,12.0,MEDIUM,True,asymmetric,False
4,Miami Gardens,Miami Grand Prix,12,S1,PER,Cadillac,LIN,Racing Bulls,0.487,294.0,311.0,-17.0,12.0,MEDIUM,12.0,MEDIUM,True,asymmetric,False
4,Miami Gardens,Miami Grand Prix,12,S1,BOR,Audi,PER,Cadillac,0.522,282.0,294.0,-12.0,12.0,MEDIUM,12.0,MEDIUM,True,asymmetric,False
4,Miami Gardens,Miami Grand Prix,12,S1,VER,Red Bull Racing,BOR,Audi,0.588,322.0,282.0,40.0,6.0,HARD,12.0,MEDIUM,True,asymmetric,False
4,Miami Gardens,Miami Grand Prix,12,S1,STR,Aston Martin,VER,Red Bull Racing,0.298,306.0,322.0,-16.0,12.0,MEDIUM,6.0,HARD,True,asymmetric,False
4,Miami Gardens,Miami Grand Prix,12,S1,ALO,Aston Martin,STR,Aston Martin,0.7,289.0,306.0,-17.0,12.0,MEDIUM,12.0,MEDIUM,True,asymmetric,False
4,Miami Gardens,Miami Grand Prix,12,S1,BOT,Cadillac,ALO,Aston Martin,0.791,273.0,289.0,-16.0,6.0,SOFT,12.0,MEDIUM,True,asymmetric,False
4,Miami Gardens,Miami Grand Prix,12,S2,NOR,McLaren,LEC,Ferrari,0.826,310.0,296.0,14.0,12.0,MEDIUM,12.0,MEDIUM,True,asymmetric,False
4,Miami Gardens,Miami Grand Prix,12,S2,ANT,Mercedes,NOR,McLaren,0.717,320.0,310.0,10.0,12.0,MEDIUM,12.0,MEDIUM,True,asymmetric,False
4,Miami Gardens,Miami Grand Prix,12,S2,RUS,Mercedes,PIA,McLaren,0.628,305.0,313.0,-8.0,12.0,MEDIUM,12.0,MEDIUM,True,asymmetric,False
4,Miami Gardens,Miami Grand Prix,12,S2,HAM,Ferrari,RUS,Mercedes,0.758,307.0,305.0,2.0,12.0,MEDIUM,12.0,MEDIUM,True,asymmetric,False
4,Miami Gardens,Miami Grand Prix,12,S2,COL,Alpine,HAM,Ferrari,0.793,294.0,307.0,-13.0,12.0,MEDIUM,12.0,MEDIUM,True,asymmetric,False
4,Miami Gardens,Miami Grand Prix,12,S2,ALB,Williams,COL,Alpine,0.658,322.0,294.0,28.0,12.0,MEDIUM,12.0,MEDIUM,True,asymmetric,False
4,Miami Gardens,Miami Grand Prix,12,S2,SAI,Williams,ALB,Williams,0.486,321.0,322.0,-1.0,12.0,MEDIUM,12.0,MEDIUM,True,asymmetric,False
4,Miami Gardens,Miami Grand Prix,12,S2,BEA,Haas F1 Team,SAI,Williams,0.548,311.0,321.0,-10.0,12.0,MEDIUM,12.0,MEDIUM,True,asymmetric,False
4,Miami Gardens,Miami Grand Prix,12,S2,OCO,Haas F1 Team,BEA,Haas F1 Team,0.516,301.0,311.0,-10.0,12.0,MEDIUM,12.0,MEDIUM,True,asymmetric,False
4,Miami Gardens,Miami Grand Prix,12,S2,PER,Cadillac,LIN,Racing Bulls,0.536,294.0,311.0,-17.0,12.0,MEDIUM,12.0,MEDIUM,True,asymmetric,False
4,Miami Gardens,Miami Grand Prix,12,S2,BOR,Audi,PER,Cadillac,0.445,282.0,294.0,-12.0,12.0,MEDIUM,12.0,MEDIUM,True,asymmetric,False
4,Miami Gardens,Miami Grand Prix,12,S2,VER,Red Bull Racing,BOR,Audi,0.328,322.0,282.0,40.0,6.0,HARD,12.0,MEDIUM,True,asymmetric,True
4,Miami Gardens,Miami Grand Prix,12,S2,STR,Aston Martin,VER,Red Bull Racing,0.546,306.0,322.0,-16.0,12.0,MEDIUM,6.0,HARD,True,asymmetric,False
4,Miami Gardens,Miami Grand Prix,12,S2,ALO,Aston Martin,STR,Aston Martin,0.355,289.0,306.0,-17.0,12.0,MEDIUM,12.0,MEDIUM,True,asymmetric,False
4,Miami Gardens,Miami Grand Prix,12,S2,BOT,Cadillac,ALO,Aston Martin,0.51,273.0,289.0,-16.0,6.0,SOFT,12.0,MEDIUM,True,asymmetric,False
4,Miami Gardens,Miami Grand Prix,12,S3,NOR,McLaren,LEC,Ferrari,0.31,310.0,296.0,14.0,12.0,MEDIUM,12.0,MEDIUM,True,asymmetric,False
4,Miami Gardens,Miami Grand Prix,12,S3,ANT,Mercedes,NOR,McLaren,0.923,320.0,310.0,10.0,12.0,MEDIUM,12.0,MEDIUM,True,asymmetric,False
4,Miami Gardens,Miami Grand Prix,12,S3,RUS,Mercedes,PIA,McLaren,0.982,305.0,313.0,-8.0,12.0,MEDIUM,12.0,MEDIUM,True,asymmetric,False
4,Miami Gardens,Miami Grand Prix,12,S3,HAM,Ferrari,RUS,Mercedes,0.567,307.0,305.0,2.0,12.0,MEDIUM,12.0,MEDIUM,True,asymmetric,False
4,Miami Gardens,Miami Grand Prix,12,S3,ALB,Williams,COL,Alpine,0.567,322.0,294.0,28.0,12.0,MEDIUM,12.0,MEDIUM,True,asymmetric,False
4,Miami Gardens,Miami Grand Prix,12,S3,SAI,Williams,ALB,Williams,0.397,321.0,322.0,-1.0,12.0,MEDIUM,12.0,MEDIUM,True,asymmetric,False
4,Miami Gardens,Miami Grand Prix,12,S3,BEA,Haas F1 Team,SAI,Williams,0.683,311.0,321.0,-10.0,12.0,MEDIUM,12.0,MEDIUM,True,asymmetric,False
4,Miami Gardens,Miami Grand Prix,12,S3,OCO,Haas F1 Team,BEA,Haas F1 Team,0.472,301.0,311.0,-10.0,12.0,MEDIUM,12.0,MEDIUM,True,asymmetric,False
4,Miami Gardens,Miami Grand Prix,12,S3,PER,Cadillac,LIN,Racing Bulls,0.742,294.0,311.0,-17.0,12.0,MEDIUM,12.0,MEDIUM,True,asymmetric,False
4,Miami Gardens,Miami Grand Prix,12,S3,VER,Red Bull Racing,PER,Cadillac,0.185,322.0,294.0,28.0,6.0,HARD,12.0,MEDIUM,True,asymmetric,True
4,Miami Gardens,Miami Grand Prix,12,S3,BOR,Audi,VER,Red Bull Racing,0.596,282.0,322.0,-40.0,12.0,MEDIUM,6.0,HARD,True,asymmetric,False
4,Miami Gardens,Miami Grand Prix,12,S3,STR,Aston Martin,BOR,Audi,0.651,306.0,282.0,24.0,12.0,MEDIUM,12.0,MEDIUM,True,asymmetric,False
4,Miami Gardens,Miami Grand Prix,12,S3,ALO,Aston Martin,STR,Aston Martin,0.215,289.0,306.0,-17.0,12.0,MEDIUM,12.0,MEDIUM,True,asymmetric,False
4,Miami Gardens,Miami Grand Prix,12,S3,BOT,Cadillac,ALO,Aston Martin,0.304,273.0,289.0,-16.0,6.0,SOFT,12.0,MEDIUM,True,asymmetric,False
4,Miami Gardens,Miami Grand Prix,13,S1,NOR,McLaren,LEC,Ferrari,0.458,306.0,302.0,4.0,13.0,MEDIUM,13.0,MEDIUM,True,asymmetric,True
4,Miami Gardens,Miami Grand Prix,13,S1,RUS,Mercedes,PIA,McLaren,0.916,313.0,314.0,-1.0,13.0,MEDIUM,13.0,MEDIUM,True,asymmetric,False
4,Miami Gardens,Miami Grand Prix,13,S1,HAM,Ferrari,RUS,Mercedes,0.851,320.0,313.0,7.0,13.0,MEDIUM,13.0,MEDIUM,True,asymmetric,False
4,Miami Gardens,Miami Grand Prix,13,S1,SAI,Williams,ALB,Williams,0.687,317.0,321.0,-4.0,13.0,MEDIUM,13.0,MEDIUM,True,asymmetric,False
4,Miami Gardens,Miami Grand Prix,13,S1,BEA,Haas F1 Team,SAI,Williams,0.594,307.0,317.0,-10.0,13.0,MEDIUM,13.0,MEDIUM,True,asymmetric,False
4,Miami Gardens,Miami Grand Prix,13,S1,OCO,Haas F1 Team,BEA,Haas F1 Team,0.525,294.0,307.0,-13.0,13.0,MEDIUM,13.0,MEDIUM,True,asymmetric,False
4,Miami Gardens,Miami Grand Prix,13,S1,VER,Red Bull Racing,LIN,Racing Bulls,0.312,315.0,315.0,0.0,7.0,HARD,13.0,MEDIUM,True,asymmetric,True
4,Miami Gardens,Miami Grand Prix,13,S1,BOR,Audi,PER,Cadillac,0.224,301.0,282.0,19.0,13.0,MEDIUM,13.0,MEDIUM,True,asymmetric,True
4,Miami Gardens,Miami Grand Prix,13,S1,STR,Aston Martin,BOR,Audi,0.817,308.0,301.0,7.0,13.0,MEDIUM,13.0,MEDIUM,True,asymmetric,False
4,Miami Gardens,Miami Grand Prix,13,S1,ALO,Aston Martin,STR,Aston Martin,0.358,303.0,308.0,-5.0,13.0,MEDIUM,13.0,MEDIUM,True,asymmetric,False
4,Miami Gardens,Miami Grand Prix,13,S1,BOT,Cadillac,ALO,Aston Martin,0.592,308.0,303.0,5.0,7.0,SOFT,13.0,MEDIUM,True,asymmetric,False
4,Miami Gardens,Miami Grand Prix,13,S2,LEC,Ferrari,NOR,McLaren,0.655,302.0,306.0,-4.0,13.0,MEDIUM,13.0,MEDIUM,True,asymmetric,False
4,Miami Gardens,Miami Grand Prix,13,S2,ANT,Mercedes,LEC,Ferrari,0.52,319.0,302.0,17.0,13.0,MEDIUM,13.0,MEDIUM,True,asymmetric,True
4,Miami Gardens,Miami Grand Prix,13,S2,HAM,Ferrari,RUS,Mercedes,0.864,320.0,313.0,7.0,13.0,MEDIUM,13.0,MEDIUM,True,asymmetric,False
4,Miami Gardens,Miami Grand Prix,13,S2,ALB,Williams,COL,Alpine,0.96,321.0,318.0,3.0,13.0,MEDIUM,13.0,MEDIUM,True,asymmetric,False
4,Miami Gardens,Miami Grand Prix,13,S2,SAI,Williams,ALB,Williams,0.77,317.0,321.0,-4.0,13.0,MEDIUM,13.0,MEDIUM,True,asymmetric,False
4,Miami Gardens,Miami Grand Prix,13,S2,BEA,Haas F1 Team,SAI,Williams,0.699,307.0,317.0,-10.0,13.0,MEDIUM,13.0,MEDIUM,True,asymmetric,False
4,Miami Gardens,Miami Grand Prix,13,S2,OCO,Haas F1 Team,BEA,Haas F1 Team,0.609,294.0,307.0,-13.0,13.0,MEDIUM,13.0,MEDIUM,True,asymmetric,False
4,Miami Gardens,Miami Grand Prix,13,S2,BOR,Audi,LIN,Racing Bulls,0.689,301.0,315.0,-14.0,13.0,MEDIUM,13.0,MEDIUM,True,asymmetric,False
4,Miami Gardens,Miami Grand Prix,13,S2,PER,Cadillac,BOR,Audi,0.658,282.0,301.0,-19.0,13.0,MEDIUM,13.0,MEDIUM,True,asymmetric,False
4,Miami Gardens,Miami Grand Prix,13,S2,STR,Aston Martin,PER,Cadillac,0.803,308.0,282.0,26.0,13.0,MEDIUM,13.0,MEDIUM,True,asymmetric,False
4,Miami Gardens,Miami Grand Prix,13,S2,ALO,Aston Martin,STR,Aston Martin,0.517,303.0,308.0,-5.0,13.0,MEDIUM,13.0,MEDIUM,True,asymmetric,False
4,Miami Gardens,Miami Grand Prix,13,S2,BOT,Cadillac,ALO,Aston Martin,0.763,308.0,303.0,5.0,7.0,SOFT,13.0,MEDIUM,True,asymmetric,False
4,Miami Gardens,Miami Grand Prix,13,S3,LEC,Ferrari,ANT,Mercedes,0.078,302.0,319.0,-17.0,13.0,MEDIUM,13.0,MEDIUM,True,asymmetric,True
4,Miami Gardens,Miami Grand Prix,13,S3,HAM,Ferrari,RUS,Mercedes,0.738,320.0,313.0,7.0,13.0,MEDIUM,13.0,MEDIUM,True,asymmetric,False
4,Miami Gardens,Miami Grand Prix,13,S3,ALB,Williams,COL,Alpine,0.874,321.0,318.0,3.0,13.0,MEDIUM,13.0,MEDIUM,True,asymmetric,False
4,Miami Gardens,Miami Grand Prix,13,S3,SAI,Williams,ALB,Williams,0.728,317.0,321.0,-4.0,13.0,MEDIUM,13.0,MEDIUM,True,asymmetric,False
4,Miami Gardens,Miami Grand Prix,13,S3,BEA,Haas F1 Team,SAI,Williams,0.831,307.0,317.0,-10.0,13.0,MEDIUM,13.0,MEDIUM,True,asymmetric,False
4,Miami Gardens,Miami Grand Prix,13,S3,OCO,Haas F1 Team,BEA,Haas F1 Team,0.51,294.0,307.0,-13.0,13.0,MEDIUM,13.0,MEDIUM,True,asymmetric,False
4,Miami Gardens,Miami Grand Prix,13,S3,PER,Cadillac,BOR,Audi,0.275,282.0,301.0,-19.0,13.0,MEDIUM,13.0,MEDIUM,True,asymmetric,False
4,Miami Gardens,Miami Grand Prix,13,S3,STR,Aston Martin,PER,Cadillac,0.912,308.0,282.0,26.0,13.0,MEDIUM,13.0,MEDIUM,True,asymmetric,False
4,Miami Gardens,Miami Grand Prix,13,S3,ALO,Aston Martin,STR,Aston Martin,0.479,303.0,308.0,-5.0,13.0,MEDIUM,13.0,MEDIUM,True,asymmetric,False
4,Miami Gardens,Miami Grand Prix,13,S3,BOT,Cadillac,ALO,Aston Martin,0.565,308.0,303.0,5.0,7.0,SOFT,13.0,MEDIUM,True,asymmetric,False
4,Miami Gardens,Miami Grand Prix,14,S1,ANT,Mercedes,LEC,Ferrari,0.715,304.0,315.0,-11.0,14.0,MEDIUM,14.0,MEDIUM,True,asymmetric,True
4,Miami Gardens,Miami Grand Prix,14,S1,HAM,Ferrari,RUS,Mercedes,0.71,326.0,320.0,6.0,14.0,MEDIUM,14.0,MEDIUM,True,asymmetric,False
4,Miami Gardens,Miami Grand Prix,14,S1,SAI,Williams,ALB,Williams,0.862,319.0,311.0,8.0,14.0,MEDIUM,14.0,MEDIUM,True,asymmetric,False
4,Miami Gardens,Miami Grand Prix,14,S1,BEA,Haas F1 Team,SAI,Williams,0.94,301.0,319.0,-18.0,14.0,MEDIUM,14.0,MEDIUM,True,asymmetric,False
4,Miami Gardens,Miami Grand Prix,14,S1,OCO,Haas F1 Team,BEA,Haas F1 Team,0.752,309.0,301.0,8.0,14.0,MEDIUM,14.0,MEDIUM,True,asymmetric,False
4,Miami Gardens,Miami Grand Prix,14,S1,VER,Red Bull Racing,OCO,Haas F1 Team,0.807,324.0,309.0,15.0,8.0,HARD,14.0,MEDIUM,True,asymmetric,False
4,Miami Gardens,Miami Grand Prix,14,S1,STR,Aston Martin,PER,Cadillac,0.585,311.0,293.0,18.0,14.0,MEDIUM,14.0,MEDIUM,True,asymmetric,False
4,Miami Gardens,Miami Grand Prix,14,S1,ALO,Aston Martin,STR,Aston Martin,0.328,311.0,311.0,0.0,14.0,MEDIUM,14.0,MEDIUM,True,asymmetric,False
4,Miami Gardens,Miami Grand Prix,14,S1,BOT,Cadillac,ALO,Aston Martin,0.672,306.0,311.0,-5.0,8.0,SOFT,14.0,MEDIUM,True,asymmetric,False
4,Miami Gardens,Miami Grand Prix,14,S2,LEC,Ferrari,ANT,Mercedes,0.472,315.0,304.0,11.0,14.0,MEDIUM,14.0,MEDIUM,True,asymmetric,False
4,Miami Gardens,Miami Grand Prix,14,S2,HAM,Ferrari,RUS,Mercedes,0.713,326.0,320.0,6.0,14.0,MEDIUM,14.0,MEDIUM,True,asymmetric,False
4,Miami Gardens,Miami Grand Prix,14,S2,SAI,Williams,ALB,Williams,0.77,319.0,311.0,8.0,14.0,MEDIUM,14.0,MEDIUM,True,asymmetric,False
4,Miami Gardens,Miami Grand Prix,14,S2,OCO,Haas F1 Team,BEA,Haas F1 Team,0.814,309.0,301.0,8.0,14.0,MEDIUM,14.0,MEDIUM,True,asymmetric,False
4,Miami Gardens,Miami Grand Prix,14,S2,VER,Red Bull Racing,OCO,Haas F1 Team,0.521,324.0,309.0,15.0,8.0,HARD,14.0,MEDIUM,True,asymmetric,False
4,Miami Gardens,Miami Grand Prix,14,S2,STR,Aston Martin,PER,Cadillac,0.844,311.0,293.0,18.0,14.0,MEDIUM,14.0,MEDIUM,True,asymmetric,False
4,Miami Gardens,Miami Grand Prix,14,S2,ALO,Aston Martin,STR,Aston Martin,0.386,311.0,311.0,0.0,14.0,MEDIUM,14.0,MEDIUM,True,asymmetric,False
4,Miami Gardens,Miami Grand Prix,14,S2,BOT,Cadillac,ALO,Aston Martin,0.666,306.0,311.0,-5.0,8.0,SOFT,14.0,MEDIUM,True,asymmetric,False
4,Miami Gardens,Miami Grand Prix,14,S3,LEC,Ferrari,ANT,Mercedes,0.508,315.0,304.0,11.0,14.0,MEDIUM,14.0,MEDIUM,True,asymmetric,False
4,Miami Gardens,Miami Grand Prix,14,S3,HAM,Ferrari,RUS,Mercedes,0.474,326.0,320.0,6.0,14.0,MEDIUM,14.0,MEDIUM,True,asymmetric,False
4,Miami Gardens,Miami Grand Prix,14,S3,SAI,Williams,ALB,Williams,0.545,319.0,311.0,8.0,14.0,MEDIUM,14.0,MEDIUM,True,asymmetric,False
4,Miami Gardens,Miami Grand Prix,14,S3,OCO,Haas F1 Team,BEA,Haas F1 Team,0.755,309.0,301.0,8.0,14.0,MEDIUM,14.0,MEDIUM,True,asymmetric,False
4,Miami Gardens,Miami Grand Prix,14,S3,VER,Red Bull Racing,OCO,Haas F1 Team,0.451,324.0,309.0,15.0,8.0,HARD,14.0,MEDIUM,True,asymmetric,False
4,Miami Gardens,Miami Grand Prix,14,S3,STR,Aston Martin,PER,Cadillac,0.923,311.0,293.0,18.0,14.0,MEDIUM,14.0,MEDIUM,True,asymmetric,False
4,Miami Gardens,Miami Grand Prix,14,S3,ALO,Aston Martin,STR,Aston Martin,0.379,311.0,311.0,0.0,14.0,MEDIUM,14.0,MEDIUM,True,asymmetric,False
4,Miami Gardens,Miami Grand Prix,14,S3,BOT,Cadillac,ALO,Aston Martin,0.409,306.0,311.0,-5.0,8.0,SOFT,14.0,MEDIUM,True,asymmetric,True
4,Miami Gardens,Miami Grand Prix,15,S1,LEC,Ferrari,ANT,Mercedes,0.867,312.0,313.0,-1.0,15.0,MEDIUM,15.0,MEDIUM,True,asymmetric,False
4,Miami Gardens,Miami Grand Prix,15,S1,PIA,McLaren,LEC,Ferrari,0.936,313.0,312.0,1.0,15.0,MEDIUM,15.0,MEDIUM,True,asymmetric,False
4,Miami Gardens,Miami Grand Prix,15,S1,HAM,Ferrari,RUS,Mercedes,0.76,323.0,317.0,6.0,15.0,MEDIUM,15.0,MEDIUM,True,asymmetric,False
4,Miami Gardens,Miami Grand Prix,15,S1,SAI,Williams,ALB,Williams,0.601,314.0,322.0,-8.0,15.0,MEDIUM,15.0,MEDIUM,True,asymmetric,True
4,Miami Gardens,Miami Grand Prix,15,S1,BOT,Cadillac,STR,Aston Martin,0.647,306.0,306.0,0.0,9.0,SOFT,15.0,MEDIUM,True,asymmetric,False
4,Miami Gardens,Miami Grand Prix,15,S1,ALO,Aston Martin,BOT,Cadillac,0.829,311.0,306.0,5.0,15.0,MEDIUM,9.0,SOFT,True,asymmetric,False
4,Miami Gardens,Miami Grand Prix,15,S2,LEC,Ferrari,ANT,Mercedes,0.994,312.0,313.0,-1.0,15.0,MEDIUM,15.0,MEDIUM,True,asymmetric,False
4,Miami Gardens,Miami Grand Prix,15,S2,HAM,Ferrari,RUS,Mercedes,0.772,323.0,317.0,6.0,15.0,MEDIUM,15.0,MEDIUM,True,asymmetric,False
4,Miami Gardens,Miami Grand Prix,15,S2,ALB,Williams,SAI,Williams,0.67,322.0,314.0,8.0,15.0,MEDIUM,15.0,MEDIUM,True,asymmetric,False
4,Miami Gardens,Miami Grand Prix,15,S2,VER,Red Bull Racing,BEA,Haas F1 Team,0.43,332.0,309.0,23.0,9.0,HARD,15.0,MEDIUM,True,asymmetric,True
4,Miami Gardens,Miami Grand Prix,15,S2,BOT,Cadillac,STR,Aston Martin,0.63,306.0,306.0,0.0,9.0,SOFT,15.0,MEDIUM,True,asymmetric,True
4,Miami Gardens,Miami Grand Prix,15,S2,ALO,Aston Martin,BOT,Cadillac,0.798,311.0,306.0,5.0,15.0,MEDIUM,9.0,SOFT,True,asymmetric,False
4,Miami Gardens,Miami Grand Prix,15,S3,LEC,Ferrari,ANT,Mercedes,0.888,312.0,313.0,-1.0,15.0,MEDIUM,15.0,MEDIUM,True,asymmetric,False
4,Miami Gardens,Miami Grand Prix,15,S3,HAM,Ferrari,RUS,Mercedes,0.756,323.0,317.0,6.0,15.0,MEDIUM,15.0,MEDIUM,True,asymmetric,False
4,Miami Gardens,Miami Grand Prix,15,S3,ALB,Williams,SAI,Williams,0.702,322.0,314.0,8.0,15.0,MEDIUM,15.0,MEDIUM,True,asymmetric,False
4,Miami Gardens,Miami Grand Prix,15,S3,BEA,Haas F1 Team,VER,Red Bull Racing,0.353,309.0,332.0,-23.0,15.0,MEDIUM,9.0,HARD,True,asymmetric,False
4,Miami Gardens,Miami Grand Prix,15,S3,ALO,Aston Martin,BOT,Cadillac,0.871,311.0,306.0,5.0,15.0,MEDIUM,9.0,SOFT,True,asymmetric,False
4,Miami Gardens,Miami Grand Prix,16,S1,PIA,McLaren,LEC,Ferrari,0.971,313.0,311.0,2.0,16.0,MEDIUM,16.0,MEDIUM,True,asymmetric,False
4,Miami Gardens,Miami Grand Prix,16,S1,HAM,Ferrari,RUS,Mercedes,0.992,318.0,320.0,-2.0,16.0,MEDIUM,16.0,MEDIUM,True,asymmetric,False
4,Miami Gardens,Miami Grand Prix,16,S1,ALB,Williams,SAI,Williams,0.955,322.0,317.0,5.0,16.0,MEDIUM,16.0,MEDIUM,True,asymmetric,False
4,Miami Gardens,Miami Grand Prix,16,S1,VER,Red Bull Racing,ALB,Williams,0.503,327.0,322.0,5.0,10.0,HARD,16.0,MEDIUM,True,asymmetric,False
4,Miami Gardens,Miami Grand Prix,16,S2,VER,Red Bull Racing,ALB,Williams,0.387,327.0,322.0,5.0,10.0,HARD,16.0,MEDIUM,True,asymmetric,False
4,Miami Gardens,Miami Grand Prix,16,S2,ALO,Aston Martin,BOT,Cadillac,0.848,304.0,301.0,3.0,16.0,MEDIUM,10.0,SOFT,True,asymmetric,False
4,Miami Gardens,Miami Grand Prix,16,S3,LEC,Ferrari,ANT,Mercedes,0.766,311.0,310.0,1.0,16.0,MEDIUM,16.0,MEDIUM,True,asymmetric,False
4,Miami Gardens,Miami Grand Prix,16,S3,HAM,Ferrari,RUS,Mercedes,0.896,318.0,320.0,-2.0,16.0,MEDIUM,16.0,MEDIUM,True,asymmetric,False
4,Miami Gardens,Miami Grand Prix,16,S3,VER,Red Bull Racing,ALB,Williams,0.176,327.0,322.0,5.0,10.0,HARD,16.0,MEDIUM,True,asymmetric,True
4,Miami Gardens,Miami Grand Prix,16,S3,ALO,Aston Martin,BOT,Cadillac,0.934,304.0,301.0,3.0,16.0,MEDIUM,10.0,SOFT,True,asymmetric,False
4,Miami Gardens,Miami Grand Prix,17,S1,PIA,McLaren,LEC,Ferrari,0.125,319.0,309.0,10.0,17.0,MEDIUM,17.0,MEDIUM,True,asymmetric,False
4,Miami Gardens,Miami Grand Prix,17,S1,BEA,Haas F1 Team,ALB,Williams,0.657,321.0,312.0,9.0,17.0,MEDIUM,17.0,MEDIUM,True,asymmetric,False
4,Miami Gardens,Miami Grand Prix,17,S1,ALO,Aston Martin,BOT,Cadillac,0.661,297.0,298.0,-1.0,17.0,MEDIUM,11.0,SOFT,True,asymmetric,False
4,Miami Gardens,Miami Grand Prix,17,S2,PIA,McLaren,LEC,Ferrari,0.604,319.0,309.0,10.0,17.0,MEDIUM,17.0,MEDIUM,True,asymmetric,False
4,Miami Gardens,Miami Grand Prix,17,S2,RUS,Mercedes,PIA,McLaren,0.878,324.0,319.0,5.0,17.0,MEDIUM,17.0,MEDIUM,True,asymmetric,False
4,Miami Gardens,Miami Grand Prix,17,S2,VER,Red Bull Racing,SAI,Williams,0.712,322.0,315.0,7.0,11.0,HARD,17.0,MEDIUM,True,asymmetric,False
4,Miami Gardens,Miami Grand Prix,17,S2,BEA,Haas F1 Team,ALB,Williams,0.819,321.0,312.0,9.0,17.0,MEDIUM,17.0,MEDIUM,True,asymmetric,False
4,Miami Gardens,Miami Grand Prix,17,S2,BOR,Audi,LIN,Racing Bulls,0.757,299.0,295.0,4.0,17.0,MEDIUM,17.0,MEDIUM,True,asymmetric,False
4,Miami Gardens,Miami Grand Prix,17,S2,ALO,Aston Martin,BOT,Cadillac,0.573,297.0,298.0,-1.0,17.0,MEDIUM,11.0,SOFT,True,asymmetric,False
4,Miami Gardens,Miami Grand Prix,17,S3,PIA,McLaren,LEC,Ferrari,0.465,319.0,309.0,10.0,17.0,MEDIUM,17.0,MEDIUM,True,asymmetric,False
4,Miami Gardens,Miami Grand Prix,17,S3,RUS,Mercedes,PIA,McLaren,0.928,324.0,319.0,5.0,17.0,MEDIUM,17.0,MEDIUM,True,asymmetric,False
4,Miami Gardens,Miami Grand Prix,17,S3,HAM,Ferrari,RUS,Mercedes,0.911,311.0,324.0,-13.0,17.0,MEDIUM,17.0,MEDIUM,True,asymmetric,False
4,Miami Gardens,Miami Grand Prix,17,S3,VER,Red Bull Racing,SAI,Williams,0.336,322.0,315.0,7.0,11.0,HARD,17.0,MEDIUM,True,asymmetric,True
4,Miami Gardens,Miami Grand Prix,17,S3,BEA,Haas F1 Team,ALB,Williams,0.67,321.0,312.0,9.0,17.0,MEDIUM,17.0,MEDIUM,True,asymmetric,False
4,Miami Gardens,Miami Grand Prix,17,S3,BOR,Audi,LIN,Racing Bulls,0.709,299.0,295.0,4.0,17.0,MEDIUM,17.0,MEDIUM,True,asymmetric,False
4,Miami Gardens,Miami Grand Prix,17,S3,ALO,Aston Martin,BOT,Cadillac,0.621,297.0,298.0,-1.0,17.0,MEDIUM,11.0,SOFT,True,asymmetric,False
4,Miami Gardens,Miami Grand Prix,18,S1,PIA,McLaren,LEC,Ferrari,0.695,316.0,306.0,10.0,18.0,MEDIUM,18.0,MEDIUM,True,asymmetric,False
4,Miami Gardens,Miami Grand Prix,18,S1,RUS,Mercedes,PIA,McLaren,0.88,323.0,316.0,7.0,18.0,MEDIUM,18.0,MEDIUM,True,asymmetric,False
4,Miami Gardens,Miami Grand Prix,18,S1,BEA,Haas F1 Team,ALB,Williams,0.72,323.0,316.0,7.0,18.0,MEDIUM,18.0,MEDIUM,True,asymmetric,False
4,Miami Gardens,Miami Grand Prix,18,S1,BOR,Audi,LIN,Racing Bulls,0.679,303.0,299.0,4.0,18.0,MEDIUM,18.0,MEDIUM,True,asymmetric,False
4,Miami Gardens,Miami Grand Prix,18,S1,ALO,Aston Martin,BOT,Cadillac,0.595,304.0,299.0,5.0,18.0,MEDIUM,12.0,SOFT,True,asymmetric,False
4,Miami Gardens,Miami Grand Prix,18,S2,RUS,Mercedes,PIA,McLaren,0.848,323.0,316.0,7.0,18.0,MEDIUM,18.0,MEDIUM,True,asymmetric,False
4,Miami Gardens,Miami Grand Prix,18,S2,BEA,Haas F1 Team,ALB,Williams,0.821,323.0,316.0,7.0,18.0,MEDIUM,18.0,MEDIUM,True,asymmetric,False
4,Miami Gardens,Miami Grand Prix,18,S2,BOR,Audi,LIN,Racing Bulls,0.648,303.0,299.0,4.0,18.0,MEDIUM,18.0,MEDIUM,True,asymmetric,False
4,Miami Gardens,Miami Grand Prix,18,S2,ALO,Aston Martin,BOT,Cadillac,0.726,304.0,299.0,5.0,18.0,MEDIUM,12.0,SOFT,True,asymmetric,False
4,Miami Gardens,Miami Grand Prix,18,S3,PIA,McLaren,LEC,Ferrari,0.786,316.0,306.0,10.0,18.0,MEDIUM,18.0,MEDIUM,True,asymmetric,False
4,Miami Gardens,Miami Grand Prix,18,S3,RUS,Mercedes,PIA,McLaren,0.973,323.0,316.0,7.0,18.0,MEDIUM,18.0,MEDIUM,True,asymmetric,False
4,Miami Gardens,Miami Grand Prix,18,S3,BEA,Haas F1 Team,ALB,Williams,0.657,323.0,316.0,7.0,18.0,MEDIUM,18.0,MEDIUM,True,asymmetric,False
4,Miami Gardens,Miami Grand Prix,18,S3,BOR,Audi,LIN,Racing Bulls,0.612,303.0,299.0,4.0,18.0,MEDIUM,18.0,MEDIUM,True,asymmetric,False
4,Miami Gardens,Miami Grand Prix,18,S3,ALO,Aston Martin,BOT,Cadillac,0.841,304.0,299.0,5.0,18.0,MEDIUM,12.0,SOFT,True,asymmetric,False
4,Miami Gardens,Miami Grand Prix,19,S1,PIA,McLaren,LEC,Ferrari,0.858,318.0,306.0,12.0,19.0,MEDIUM,19.0,MEDIUM,True,asymmetric,False
4,Miami Gardens,Miami Grand Prix,19,S1,BEA,Haas F1 Team,ALB,Williams,0.79,324.0,317.0,7.0,19.0,MEDIUM,19.0,MEDIUM,True,asymmetric,False
4,Miami Gardens,Miami Grand Prix,19,S1,BOR,Audi,LIN,Racing Bulls,0.609,291.0,300.0,-9.0,19.0,MEDIUM,19.0,MEDIUM,True,asymmetric,True
4,Miami Gardens,Miami Grand Prix,19,S1,ALO,Aston Martin,BOT,Cadillac,0.805,303.0,293.0,10.0,19.0,MEDIUM,13.0,SOFT,True,asymmetric,False
4,Miami Gardens,Miami Grand Prix,19,S2,BEA,Haas F1 Team,ALB,Williams,0.917,324.0,317.0,7.0,19.0,MEDIUM,19.0,MEDIUM,True,asymmetric,False
4,Miami Gardens,Miami Grand Prix,19,S2,LIN,Racing Bulls,BOR,Audi,0.622,300.0,291.0,9.0,19.0,MEDIUM,19.0,MEDIUM,True,asymmetric,False
4,Miami Gardens,Miami Grand Prix,19,S2,ALO,Aston Martin,BOT,Cadillac,0.58,303.0,293.0,10.0,19.0,MEDIUM,13.0,SOFT,True,asymmetric,False
4,Miami Gardens,Miami Grand Prix,19,S3,PIA,McLaren,LEC,Ferrari,0.965,318.0,306.0,12.0,19.0,MEDIUM,19.0,MEDIUM,True,asymmetric,False
4,Miami Gardens,Miami Grand Prix,19,S3,BEA,Haas F1 Team,ALB,Williams,0.775,324.0,317.0,7.0,19.0,MEDIUM,19.0,MEDIUM,True,asymmetric,False
4,Miami Gardens,Miami Grand Prix,19,S3,LIN,Racing Bulls,BOR,Audi,0.46,300.0,291.0,9.0,19.0,MEDIUM,19.0,MEDIUM,True,asymmetric,False
4,Miami Gardens,Miami Grand Prix,19,S3,ALO,Aston Martin,BOT,Cadillac,0.775,303.0,293.0,10.0,19.0,MEDIUM,13.0,SOFT,True,asymmetric,False
4,Miami Gardens,Miami Grand Prix,20,S1,PIA,McLaren,LEC,Ferrari,0.946,320.0,305.0,15.0,20.0,MEDIUM,20.0,MEDIUM,True,asymmetric,False
4,Miami Gardens,Miami Grand Prix,20,S1,VER,Red Bull Racing,COL,Alpine,0.975,316.0,311.0,5.0,14.0,HARD,20.0,MEDIUM,True,asymmetric,False
4,Miami Gardens,Miami Grand Prix,20,S1,BEA,Haas F1 Team,ALB,Williams,0.813,325.0,318.0,7.0,20.0,MEDIUM,20.0,MEDIUM,True,asymmetric,False
4,Miami Gardens,Miami Grand Prix,20,S1,ALO,Aston Martin,BOT,Cadillac,0.404,299.0,307.0,-8.0,20.0,MEDIUM,14.0,SOFT,True,asymmetric,True
4,Miami Gardens,Miami Grand Prix,20,S2,VER,Red Bull Racing,COL,Alpine,0.546,316.0,311.0,5.0,14.0,HARD,20.0,MEDIUM,True,asymmetric,False
4,Miami Gardens,Miami Grand Prix,20,S2,BEA,Haas F1 Team,ALB,Williams,0.855,325.0,318.0,7.0,20.0,MEDIUM,20.0,MEDIUM,True,asymmetric,False
4,Miami Gardens,Miami Grand Prix,20,S3,PIA,McLaren,LEC,Ferrari,0.753,320.0,305.0,15.0,20.0,MEDIUM,20.0,MEDIUM,True,asymmetric,False
4,Miami Gardens,Miami Grand Prix,20,S3,COL,Alpine,RUS,Mercedes,0.698,311.0,319.0,-8.0,20.0,MEDIUM,20.0,MEDIUM,True,asymmetric,True
4,Miami Gardens,Miami Grand Prix,20,S3,VER,Red Bull Racing,COL,Alpine,0.286,316.0,311.0,5.0,14.0,HARD,20.0,MEDIUM,True,asymmetric,True
4,Miami Gardens,Miami Grand Prix,20,S3,BEA,Haas F1 Team,ALB,Williams,0.668,325.0,318.0,7.0,20.0,MEDIUM,20.0,MEDIUM,True,asymmetric,False
4,Miami Gardens,Miami Grand Prix,20,S3,BOT,Cadillac,ALO,Aston Martin,0.908,307.0,299.0,8.0,14.0,SOFT,20.0,MEDIUM,True,asymmetric,False
4,Miami Gardens,Miami Grand Prix,21,S1,PIA,McLaren,LEC,Ferrari,0.674,318.0,303.0,15.0,21.0,MEDIUM,21.0,MEDIUM,True,asymmetric,False
4,Miami Gardens,Miami Grand Prix,21,S3,LEC,Ferrari,HAM,Ferrari,0.45,303.0,311.0,-8.0,21.0,MEDIUM,21.0,MEDIUM,True,asymmetric,False
4,Miami Gardens,Miami Grand Prix,22,S1,RUS,Mercedes,OCO,Haas F1 Team,0.398,326.0,271.0,55.0,2.0,HARD,22.0,MEDIUM,True,asymmetric,True
4,Miami Gardens,Miami Grand Prix,22,S1,LEC,Ferrari,RUS,Mercedes,0.682,312.0,326.0,-14.0,1.0,HARD,2.0,HARD,True,asymmetric,False
4,Miami Gardens,Miami Grand Prix,22,S1,STR,Aston Martin,BOT,Cadillac,0.639,296.0,276.0,20.0,4.0,SOFT,1.0,MEDIUM,True,asymmetric,False
4,Miami Gardens,Miami Grand Prix,22,S2,RUS,Mercedes,BEA,Haas F1 Team,0.887,326.0,318.0,8.0,2.0,HARD,22.0,MEDIUM,True,asymmetric,False
4,Miami Gardens,Miami Grand Prix,22,S2,LEC,Ferrari,OCO,Haas F1 Team,0.303,312.0,271.0,41.0,1.0,HARD,22.0,MEDIUM,True,asymmetric,True
4,Miami Gardens,Miami Grand Prix,22,S2,STR,Aston Martin,BOT,Cadillac,0.755,296.0,276.0,20.0,4.0,SOFT,1.0,MEDIUM,True,asymmetric,False
4,Miami Gardens,Miami Grand Prix,22,S3,RUS,Mercedes,BEA,Haas F1 Team,0.399,326.0,318.0,8.0,2.0,HARD,22.0,MEDIUM,True,asymmetric,True
4,Miami Gardens,Miami Grand Prix,22,S3,OCO,Haas F1 Team,LEC,Ferrari,0.867,271.0,312.0,-41.0,22.0,MEDIUM,1.0,HARD,True,asymmetric,False
4,Miami Gardens,Miami Grand Prix,22,S3,STR,Aston Martin,BOT,Cadillac,0.723,296.0,276.0,20.0,4.0,SOFT,1.0,MEDIUM,True,asymmetric,False
4,Miami Gardens,Miami Grand Prix,23,S1,RUS,Mercedes,ALB,Williams,0.696,318.0,315.0,3.0,3.0,HARD,23.0,MEDIUM,True,asymmetric,False
4,Miami Gardens,Miami Grand Prix,23,S1,BEA,Haas F1 Team,RUS,Mercedes,0.912,310.0,318.0,-8.0,23.0,MEDIUM,3.0,HARD,True,asymmetric,False
4,Miami Gardens,Miami Grand Prix,23,S1,LEC,Ferrari,BEA,Haas F1 Team,0.273,320.0,310.0,10.0,2.0,HARD,23.0,MEDIUM,True,asymmetric,True
4,Miami Gardens,Miami Grand Prix,23,S1,STR,Aston Martin,BOT,Cadillac,0.662,313.0,294.0,19.0,5.0,SOFT,2.0,MEDIUM,True,asymmetric,False
4,Miami Gardens,Miami Grand Prix,23,S2,RUS,Mercedes,ALB,Williams,0.516,318.0,315.0,3.0,3.0,HARD,23.0,MEDIUM,True,asymmetric,False
4,Miami Gardens,Miami Grand Prix,23,S2,LEC,Ferrari,RUS,Mercedes,0.878,320.0,318.0,2.0,2.0,HARD,3.0,HARD,True,asymmetric,False
4,Miami Gardens,Miami Grand Prix,23,S2,STR,Aston Martin,BOT,Cadillac,0.59,313.0,294.0,19.0,5.0,SOFT,2.0,MEDIUM,True,asymmetric,True
4,Miami Gardens,Miami Grand Prix,23,S3,RUS,Mercedes,ALB,Williams,0.285,318.0,315.0,3.0,3.0,HARD,23.0,MEDIUM,True,asymmetric,False
4,Miami Gardens,Miami Grand Prix,23,S3,BEA,Haas F1 Team,LEC,Ferrari,0.892,310.0,320.0,-10.0,23.0,MEDIUM,2.0,HARD,True,asymmetric,False
4,Miami Gardens,Miami Grand Prix,23,S3,BOT,Cadillac,STR,Aston Martin,0.262,294.0,313.0,-19.0,2.0,MEDIUM,5.0,SOFT,True,asymmetric,False
4,Miami Gardens,Miami Grand Prix,24,S1,RUS,Mercedes,ALB,Williams,0.287,315.0,322.0,-7.0,4.0,HARD,24.0,MEDIUM,True,asymmetric,True
4,Miami Gardens,Miami Grand Prix,24,S1,LEC,Ferrari,RUS,Mercedes,0.63,319.0,315.0,4.0,3.0,HARD,4.0,HARD,True,asymmetric,False
4,Miami Gardens,Miami Grand Prix,24,S1,BOT,Cadillac,STR,Aston Martin,0.759,286.0,288.0,-2.0,3.0,MEDIUM,6.0,SOFT,True,asymmetric,False
4,Miami Gardens,Miami Grand Prix,24,S2,ALB,Williams,RUS,Mercedes,0.851,322.0,315.0,7.0,24.0,MEDIUM,4.0,HARD,True,asymmetric,False
4,Miami Gardens,Miami Grand Prix,24,S2,LEC,Ferrari,ALB,Williams,0.248,319.0,322.0,-3.0,3.0,HARD,24.0,MEDIUM,True,asymmetric,True
4,Miami Gardens,Miami Grand Prix,24,S2,BOT,Cadillac,STR,Aston Martin,0.883,286.0,288.0,-2.0,3.0,MEDIUM,6.0,SOFT,True,asymmetric,False
4,Miami Gardens,Miami Grand Prix,24,S3,LEC,Ferrari,RUS,Mercedes,0.711,319.0,315.0,4.0,3.0,HARD,4.0,HARD,True,asymmetric,False
4,Miami Gardens,Miami Grand Prix,24,S3,ALB,Williams,LEC,Ferrari,0.542,322.0,319.0,3.0,24.0,MEDIUM,3.0,HARD,True,asymmetric,False
4,Miami Gardens,Miami Grand Prix,24,S3,BOT,Cadillac,STR,Aston Martin,0.569,286.0,288.0,-2.0,3.0,MEDIUM,6.0,SOFT,True,asymmetric,False
4,Miami Gardens,Miami Grand Prix,25,S1,LEC,Ferrari,RUS,Mercedes,0.842,316.0,322.0,-6.0,4.0,HARD,5.0,HARD,True,asymmetric,False
4,Miami Gardens,Miami Grand Prix,25,S2,LEC,Ferrari,RUS,Mercedes,0.736,316.0,322.0,-6.0,4.0,HARD,5.0,HARD,True,asymmetric,False
4,Miami Gardens,Miami Grand Prix,25,S3,VER,Red Bull Racing,HAM,Ferrari,0.737,318.0,308.0,10.0,19.0,HARD,25.0,MEDIUM,True,asymmetric,False
4,Miami Gardens,Miami Grand Prix,25,S3,RUS,Mercedes,SAI,Williams,0.881,322.0,309.0,13.0,5.0,HARD,25.0,MEDIUM,True,asymmetric,False
4,Miami Gardens,Miami Grand Prix,25,S3,LEC,Ferrari,RUS,Mercedes,0.628,316.0,322.0,-6.0,4.0,HARD,5.0,HARD,True,asymmetric,False
4,Miami Gardens,Miami Grand Prix,26,S1,VER,Red Bull Racing,HAM,Ferrari,0.762,325.0,307.0,18.0,20.0,HARD,26.0,MEDIUM,True,asymmetric,False
4,Miami Gardens,Miami Grand Prix,26,S1,RUS,Mercedes,SAI,Williams,0.333,310.0,299.0,11.0,6.0,HARD,26.0,MEDIUM,True,asymmetric,True
4,Miami Gardens,Miami Grand Prix,26,S1,LEC,Ferrari,RUS,Mercedes,0.602,310.0,310.0,0.0,5.0,HARD,6.0,HARD,True,asymmetric,False
4,Miami Gardens,Miami Grand Prix,26,S2,VER,Red Bull Racing,HAM,Ferrari,0.589,325.0,307.0,18.0,20.0,HARD,26.0,MEDIUM,True,asymmetric,True
4,Miami Gardens,Miami Grand Prix,26,S2,LEC,Ferrari,SAI,Williams,0.306,310.0,299.0,11.0,5.0,HARD,26.0,MEDIUM,True,asymmetric,True
4,Miami Gardens,Miami Grand Prix,26,S3,HAM,Ferrari,VER,Red Bull Racing,0.403,307.0,325.0,-18.0,26.0,MEDIUM,20.0,HARD,True,asymmetric,False
4,Miami Gardens,Miami Grand Prix,26,S3,SAI,Williams,LEC,Ferrari,0.722,299.0,310.0,-11.0,26.0,MEDIUM,5.0,HARD,True,asymmetric,False
4,Miami Gardens,Miami Grand Prix,27,S1,HAM,Ferrari,VER,Red Bull Racing,0.987,313.0,306.0,7.0,27.0,MEDIUM,21.0,HARD,True,asymmetric,False
4,Miami Gardens,Miami Grand Prix,27,S2,ANT,Mercedes,HAM,Ferrari,0.795,326.0,313.0,13.0,1.0,HARD,27.0,MEDIUM,True,asymmetric,True
4,Miami Gardens,Miami Grand Prix,27,S3,HAM,Ferrari,COL,Alpine,0.601,313.0,313.0,0.0,27.0,MEDIUM,27.0,MEDIUM,True,asymmetric,False
4,Miami Gardens,Miami Grand Prix,27,S3,LEC,Ferrari,RUS,Mercedes,0.827,312.0,310.0,2.0,6.0,HARD,7.0,HARD,True,asymmetric,False
4,Miami Gardens,Miami Grand Prix,27,S3,ALB,Williams,OCO,Haas F1 Team,0.899,322.0,309.0,13.0,27.0,MEDIUM,27.0,MEDIUM,True,asymmetric,False
4,Miami Gardens,Miami Grand Prix,28,S1,ANT,Mercedes,VER,Red Bull Racing,0.966,292.0,305.0,-13.0,2.0,HARD,22.0,HARD,True,asymmetric,False
4,Miami Gardens,Miami Grand Prix,28,S1,NOR,McLaren,ANT,Mercedes,0.462,301.0,292.0,9.0,1.0,HARD,2.0,HARD,True,asymmetric,False
4,Miami Gardens,Miami Grand Prix,28,S1,LEC,Ferrari,RUS,Mercedes,0.953,319.0,311.0,8.0,7.0,HARD,8.0,HARD,True,asymmetric,False
4,Miami Gardens,Miami Grand Prix,28,S1,BEA,Haas F1 Team,ALB,Williams,0.868,316.0,321.0,-5.0,2.0,HARD,1.0,HARD,True,asymmetric,False
4,Miami Gardens,Miami Grand Prix,28,S2,ANT,Mercedes,VER,Red Bull Racing,0.56,292.0,305.0,-13.0,2.0,HARD,22.0,HARD,True,asymmetric,False
4,Miami Gardens,Miami Grand Prix,28,S2,NOR,McLaren,ANT,Mercedes,0.362,301.0,292.0,9.0,1.0,HARD,2.0,HARD,True,asymmetric,False
4,Miami Gardens,Miami Grand Prix,28,S2,LEC,Ferrari,RUS,Mercedes,0.756,319.0,311.0,8.0,7.0,HARD,8.0,HARD,True,asymmetric,False
4,Miami Gardens,Miami Grand Prix,28,S2,ALB,Williams,LIN,Racing Bulls,0.703,321.0,295.0,26.0,1.0,HARD,28.0,MEDIUM,True,asymmetric,True
4,Miami Gardens,Miami Grand Prix,28,S3,ANT,Mercedes,VER,Red Bull Racing,0.476,292.0,305.0,-13.0,2.0,HARD,22.0,HARD,True,asymmetric,False
4,Miami Gardens,Miami Grand Prix,28,S3,NOR,McLaren,ANT,Mercedes,0.111,301.0,292.0,9.0,1.0,HARD,2.0,HARD,True,asymmetric,False
4,Miami Gardens,Miami Grand Prix,28,S3,PIA,McLaren,NOR,McLaren,0.389,303.0,301.0,2.0,28.0,MEDIUM,1.0,HARD,True,asymmetric,False
4,Miami Gardens,Miami Grand Prix,28,S3,LEC,Ferrari,RUS,Mercedes,0.522,319.0,311.0,8.0,7.0,HARD,8.0,HARD,True,asymmetric,False
4,Miami Gardens,Miami Grand Prix,28,S3,SAI,Williams,HAM,Ferrari,0.625,313.0,310.0,3.0,28.0,MEDIUM,1.0,HARD,True,asymmetric,False
4,Miami Gardens,Miami Grand Prix,29,S1,ANT,Mercedes,VER,Red Bull Racing,0.523,290.0,291.0,-1.0,3.0,HARD,23.0,HARD,True,asymmetric,True
4,Miami Gardens,Miami Grand Prix,29,S1,NOR,McLaren,ANT,Mercedes,0.367,314.0,290.0,24.0,2.0,HARD,3.0,HARD,True,asymmetric,False
4,Miami Gardens,Miami Grand Prix,29,S1,LEC,Ferrari,RUS,Mercedes,0.729,316.0,313.0,3.0,8.0,HARD,9.0,HARD,True,asymmetric,False
4,Miami Gardens,Miami Grand Prix,29,S1,ALB,Williams,SAI,Williams,0.762,315.0,310.0,5.0,2.0,HARD,1.0,HARD,True,asymmetric,False
4,Miami Gardens,Miami Grand Prix,29,S2,VER,Red Bull Racing,ANT,Mercedes,0.981,291.0,290.0,1.0,23.0,HARD,3.0,HARD,True,asymmetric,False
4,Miami Gardens,Miami Grand Prix,29,S2,NOR,McLaren,VER,Red Bull Racing,0.38,314.0,291.0,23.0,2.0,HARD,23.0,HARD,True,asymmetric,True
4,Miami Gardens,Miami Grand Prix,29,S2,LEC,Ferrari,RUS,Mercedes,0.634,316.0,313.0,3.0,8.0,HARD,9.0,HARD,True,asymmetric,False
4,Miami Gardens,Miami Grand Prix,29,S3,VER,Red Bull Racing,NOR,McLaren,0.312,291.0,314.0,-23.0,23.0,HARD,2.0,HARD,True,asymmetric,False
4,Miami Gardens,Miami Grand Prix,29,S3,LEC,Ferrari,RUS,Mercedes,0.402,316.0,313.0,3.0,8.0,HARD,9.0,HARD,True,asymmetric,False
4,Miami Gardens,Miami Grand Prix,30,S1,LEC,Ferrari,RUS,Mercedes,0.571,322.0,328.0,-6.0,9.0,HARD,10.0,HARD,True,asymmetric,False
4,Miami Gardens,Miami Grand Prix,30,S2,LEC,Ferrari,RUS,Mercedes,0.464,322.0,328.0,-6.0,9.0,HARD,10.0,HARD,True,asymmetric,False
4,Miami Gardens,Miami Grand Prix,30,S3,LEC,Ferrari,RUS,Mercedes,0.179,322.0,328.0,-6.0,9.0,HARD,10.0,HARD,True,asymmetric,True
4,Miami Gardens,Miami Grand Prix,31,S1,RUS,Mercedes,LEC,Ferrari,0.714,333.0,311.0,22.0,11.0,HARD,10.0,HARD,True,asymmetric,False
4,Miami Gardens,Miami Grand Prix,31,S3,OCO,Haas F1 Team,BOR,Audi,0.921,310.0,297.0,13.0,31.0,MEDIUM,31.0,MEDIUM,True,asymmetric,False
4,Miami Gardens,Miami Grand Prix,31,S3,SAI,Williams,OCO,Haas F1 Team,0.973,315.0,310.0,5.0,3.0,HARD,31.0,MEDIUM,True,asymmetric,True
4,Miami Gardens,Miami Grand Prix,32,S1,PIA,McLaren,RUS,Mercedes,0.612,323.0,320.0,3.0,4.0,HARD,12.0,HARD,True,asymmetric,False
4,Miami Gardens,Miami Grand Prix,32,S2,PIA,McLaren,RUS,Mercedes,0.829,323.0,320.0,3.0,4.0,HARD,12.0,HARD,True,asymmetric,False
4,Miami Gardens,Miami Grand Prix,32,S3,PIA,McLaren,RUS,Mercedes,0.48,323.0,320.0,3.0,4.0,HARD,12.0,HARD,True,asymmetric,False
4,Miami Gardens,Miami Grand Prix,32,S3,BOR,Audi,BEA,Haas F1 Team,0.283,305.0,315.0,-10.0,32.0,MEDIUM,6.0,HARD,True,asymmetric,False
4,Miami Gardens,Miami Grand Prix,33,S1,PIA,McLaren,RUS,Mercedes,0.478,322.0,318.0,4.0,5.0,HARD,13.0,HARD,True,asymmetric,False
4,Miami Gardens,Miami Grand Prix,33,S1,LIN,Racing Bulls,ALO,Aston Martin,0.848,298.0,307.0,-9.0,5.0,HARD,33.0,MEDIUM,True,asymmetric,True
4,Miami Gardens,Miami Grand Prix,33,S2,PIA,McLaren,RUS,Mercedes,0.495,322.0,318.0,4.0,5.0,HARD,13.0,HARD,True,asymmetric,False
4,Miami Gardens,Miami Grand Prix,33,S2,ALO,Aston Martin,LIN,Racing Bulls,0.439,307.0,298.0,9.0,33.0,MEDIUM,5.0,HARD,True,asymmetric,False
4,Miami Gardens,Miami Grand Prix,33,S3,PIA,McLaren,RUS,Mercedes,0.253,322.0,318.0,4.0,5.0,HARD,13.0,HARD,True,asymmetric,False
4,Miami Gardens,Miami Grand Prix,33,S3,ALO,Aston Martin,LIN,Racing Bulls,0.634,307.0,298.0,9.0,33.0,MEDIUM,5.0,HARD,True,asymmetric,False
4,Miami Gardens,Miami Grand Prix,34,S1,PIA,McLaren,RUS,Mercedes,0.411,319.0,302.0,17.0,6.0,HARD,14.0,HARD,True,asymmetric,False
4,Miami Gardens,Miami Grand Prix,34,S1,ALO,Aston Martin,LIN,Racing Bulls,0.989,307.0,299.0,8.0,34.0,MEDIUM,6.0,HARD,True,asymmetric,False
4,Miami Gardens,Miami Grand Prix,34,S2,PIA,McLaren,RUS,Mercedes,0.548,319.0,302.0,17.0,6.0,HARD,14.0,HARD,True,asymmetric,False
4,Miami Gardens,Miami Grand Prix,34,S3,PIA,McLaren,RUS,Mercedes,0.14,319.0,302.0,17.0,6.0,HARD,14.0,HARD,True,asymmetric,True
4,Miami Gardens,Miami Grand Prix,35,S1,RUS,Mercedes,PIA,McLaren,0.854,289.0,318.0,-29.0,15.0,HARD,7.0,HARD,True,asymmetric,True
4,Miami Gardens,Miami Grand Prix,35,S1,BEA,Haas F1 Team,ALB,Williams,0.955,318.0,314.0,4.0,9.0,HARD,8.0,HARD,True,asymmetric,False
4,Miami Gardens,Miami Grand Prix,35,S2,PIA,McLaren,RUS,Mercedes,0.529,318.0,289.0,29.0,7.0,HARD,15.0,HARD,True,asymmetric,True
4,Miami Gardens,Miami Grand Prix,35,S3,NOR,McLaren,ANT,Mercedes,0.8,321.0,304.0,17.0,8.0,HARD,9.0,HARD,True,asymmetric,False
4,Miami Gardens,Miami Grand Prix,35,S3,RUS,Mercedes,PIA,McLaren,0.555,289.0,318.0,-29.0,15.0,HARD,7.0,HARD,True,asymmetric,False
4,Miami Gardens,Miami Grand Prix,36,S1,NOR,McLaren,ANT,Mercedes,0.781,330.0,313.0,17.0,9.0,HARD,10.0,HARD,True,asymmetric,False
4,Miami Gardens,Miami Grand Prix,36,S2,RUS,Mercedes,PIA,McLaren,0.856,320.0,309.0,11.0,16.0,HARD,8.0,HARD,True,asymmetric,False
4,Miami Gardens,Miami Grand Prix,36,S3,NOR,McLaren,ANT,Mercedes,0.772,330.0,313.0,17.0,9.0,HARD,10.0,HARD,True,asymmetric,False
4,Miami Gardens,Miami Grand Prix,37,S1,NOR,McLaren,ANT,Mercedes,0.79,318.0,312.0,6.0,10.0,HARD,11.0,HARD,True,asymmetric,False
4,Miami Gardens,Miami Grand Prix,37,S2,NOR,McLaren,ANT,Mercedes,0.899,318.0,312.0,6.0,10.0,HARD,11.0,HARD,True,asymmetric,False
4,Miami Gardens,Miami Grand Prix,37,S3,NOR,McLaren,ANT,Mercedes,0.68,318.0,312.0,6.0,10.0,HARD,11.0,HARD,True,asymmetric,False
4,Miami Gardens,Miami Grand Prix,37,S3,BEA,Haas F1 Team,ALB,Williams,0.835,320.0,309.0,11.0,11.0,HARD,10.0,HARD,True,asymmetric,False
4,Miami Gardens,Miami Grand Prix,38,S1,NOR,McLaren,ANT,Mercedes,0.646,323.0,311.0,12.0,11.0,HARD,12.0,HARD,True,asymmetric,False
4,Miami Gardens,Miami Grand Prix,38,S1,BEA,Haas F1 Team,ALB,Williams,0.906,322.0,309.0,13.0,12.0,HARD,11.0,HARD,True,asymmetric,False
4,Miami Gardens,Miami Grand Prix,38,S2,NOR,McLaren,ANT,Mercedes,0.94,323.0,311.0,12.0,11.0,HARD,12.0,HARD,True,asymmetric,False
4,Miami Gardens,Miami Grand Prix,38,S3,NOR,McLaren,ANT,Mercedes,0.64,323.0,311.0,12.0,11.0,HARD,12.0,HARD,True,asymmetric,False
4,Miami Gardens,Miami Grand Prix,38,S3,BEA,Haas F1 Team,ALB,Williams,0.764,322.0,309.0,13.0,12.0,HARD,11.0,HARD,True,asymmetric,False
4,Miami Gardens,Miami Grand Prix,39,S1,NOR,McLaren,ANT,Mercedes,0.952,322.0,313.0,9.0,12.0,HARD,13.0,HARD,True,asymmetric,False
4,Miami Gardens,Miami Grand Prix,39,S1,BEA,Haas F1 Team,ALB,Williams,0.867,324.0,310.0,14.0,13.0,HARD,12.0,HARD,True,asymmetric,False
4,Miami Gardens,Miami Grand Prix,39,S3,NOR,McLaren,ANT,Mercedes,0.915,322.0,313.0,9.0,12.0,HARD,13.0,HARD,True,asymmetric,False
4,Miami Gardens,Miami Grand Prix,39,S3,BEA,Haas F1 Team,ALB,Williams,0.83,324.0,310.0,14.0,13.0,HARD,12.0,HARD,True,asymmetric,False
4,Miami Gardens,Miami Grand Prix,40,S1,NOR,McLaren,ANT,Mercedes,0.835,322.0,317.0,5.0,13.0,HARD,14.0,HARD,True,asymmetric,False
4,Miami Gardens,Miami Grand Prix,40,S1,BEA,Haas F1 Team,ALB,Williams,0.965,327.0,315.0,12.0,14.0,HARD,13.0,HARD,True,asymmetric,False
4,Miami Gardens,Miami Grand Prix,40,S2,NOR,McLaren,ANT,Mercedes,0.98,322.0,317.0,5.0,13.0,HARD,14.0,HARD,True,asymmetric,False
4,Miami Gardens,Miami Grand Prix,40,S2,BEA,Haas F1 Team,ALB,Williams,0.966,327.0,315.0,12.0,14.0,HARD,13.0,HARD,True,asymmetric,False
4,Miami Gardens,Miami Grand Prix,40,S3,NOR,McLaren,ANT,Mercedes,0.677,322.0,317.0,5.0,13.0,HARD,14.0,HARD,True,asymmetric,False
4,Miami Gardens,Miami Grand Prix,40,S3,BEA,Haas F1 Team,ALB,Williams,0.75,327.0,315.0,12.0,14.0,HARD,13.0,HARD,True,asymmetric,False
4,Miami Gardens,Miami Grand Prix,42,S2,BOR,Audi,OCO,Haas F1 Team,0.616,310.0,308.0,2.0,10.0,HARD,11.0,HARD,True,asymmetric,False
4,Miami Gardens,Miami Grand Prix,42,S3,BOR,Audi,OCO,Haas F1 Team,0.612,310.0,308.0,2.0,10.0,HARD,11.0,HARD,True,asymmetric,False
4,Miami Gardens,Miami Grand Prix,43,S1,BOR,Audi,OCO,Haas F1 Team,0.693,302.0,305.0,-3.0,11.0,HARD,12.0,HARD,True,asymmetric,False
4,Miami Gardens,Miami Grand Prix,43,S2,BOR,Audi,OCO,Haas F1 Team,0.69,302.0,305.0,-3.0,11.0,HARD,12.0,HARD,True,asymmetric,False
4,Miami Gardens,Miami Grand Prix,43,S3,BOR,Audi,OCO,Haas F1 Team,0.758,302.0,305.0,-3.0,11.0,HARD,12.0,HARD,True,asymmetric,False
4,Miami Gardens,Miami Grand Prix,44,S1,BOR,Audi,OCO,Haas F1 Team,0.729,302.0,304.0,-2.0,12.0,HARD,13.0,HARD,True,asymmetric,False
4,Miami Gardens,Miami Grand Prix,44,S2,BOR,Audi,OCO,Haas F1 Team,0.733,302.0,304.0,-2.0,12.0,HARD,13.0,HARD,True,asymmetric,False
4,Miami Gardens,Miami Grand Prix,44,S3,BOR,Audi,OCO,Haas F1 Team,0.741,302.0,304.0,-2.0,12.0,HARD,13.0,HARD,True,asymmetric,False
4,Miami Gardens,Miami Grand Prix,45,S1,BOR,Audi,OCO,Haas F1 Team,0.622,295.0,303.0,-8.0,13.0,HARD,14.0,HARD,True,asymmetric,False
4,Miami Gardens,Miami Grand Prix,45,S2,BOR,Audi,OCO,Haas F1 Team,0.538,295.0,303.0,-8.0,13.0,HARD,14.0,HARD,True,asymmetric,False
4,Miami Gardens,Miami Grand Prix,45,S2,ALO,Aston Martin,PER,Cadillac,0.718,306.0,304.0,2.0,4.0,SOFT,16.0,HARD,True,asymmetric,False
4,Miami Gardens,Miami Grand Prix,45,S3,LEC,Ferrari,VER,Red Bull Racing,0.53,315.0,306.0,9.0,24.0,HARD,39.0,HARD,True,asymmetric,False
4,Miami Gardens,Miami Grand Prix,45,S3,BOR,Audi,OCO,Haas F1 Team,0.362,295.0,303.0,-8.0,13.0,HARD,14.0,HARD,True,asymmetric,False
4,Miami Gardens,Miami Grand Prix,45,S3,ALO,Aston Martin,PER,Cadillac,0.684,306.0,304.0,2.0,4.0,SOFT,16.0,HARD,True,asymmetric,False
4,Miami Gardens,Miami Grand Prix,46,S1,LEC,Ferrari,VER,Red Bull Racing,0.791,309.0,305.0,4.0,25.0,HARD,40.0,HARD,True,asymmetric,False
4,Miami Gardens,Miami Grand Prix,46,S1,BOR,Audi,OCO,Haas F1 Team,0.524,291.0,317.0,-26.0,14.0,HARD,15.0,HARD,True,asymmetric,True
4,Miami Gardens,Miami Grand Prix,46,S1,ALO,Aston Martin,PER,Cadillac,0.327,329.0,305.0,24.0,5.0,SOFT,17.0,HARD,True,asymmetric,False
4,Miami Gardens,Miami Grand Prix,46,S2,LEC,Ferrari,VER,Red Bull Racing,0.631,309.0,305.0,4.0,25.0,HARD,40.0,HARD,True,asymmetric,False
4,Miami Gardens,Miami Grand Prix,46,S2,OCO,Haas F1 Team,BOR,Audi,0.697,317.0,291.0,26.0,15.0,HARD,14.0,HARD,True,asymmetric,False
4,Miami Gardens,Miami Grand Prix,46,S2,ALO,Aston Martin,PER,Cadillac,0.309,329.0,305.0,24.0,5.0,SOFT,17.0,HARD,True,asymmetric,False
4,Miami Gardens,Miami Grand Prix,46,S3,LEC,Ferrari,VER,Red Bull Racing,0.305,309.0,305.0,4.0,25.0,HARD,40.0,HARD,True,asymmetric,False
4,Miami Gardens,Miami Grand Prix,46,S3,OCO,Haas F1 Team,BOR,Audi,0.43,317.0,291.0,26.0,15.0,HARD,14.0,HARD,True,asymmetric,False
4,Miami Gardens,Miami Grand Prix,46,S3,ALO,Aston Martin,PER,Cadillac,0.664,329.0,305.0,24.0,5.0,SOFT,17.0,HARD,True,asymmetric,False
4,Miami Gardens,Miami Grand Prix,47,S1,LEC,Ferrari,VER,Red Bull Racing,0.378,300.0,316.0,-16.0,26.0,HARD,41.0,HARD,True,asymmetric,True
4,Miami Gardens,Miami Grand Prix,47,S1,OCO,Haas F1 Team,BOR,Audi,0.891,319.0,318.0,1.0,16.0,HARD,15.0,HARD,True,asymmetric,False
4,Miami Gardens,Miami Grand Prix,47,S1,ALO,Aston Martin,PER,Cadillac,0.282,291.0,296.0,-5.0,6.0,SOFT,18.0,HARD,True,asymmetric,False
4,Miami Gardens,Miami Grand Prix,47,S2,PIA,McLaren,VER,Red Bull Racing,0.979,322.0,316.0,6.0,19.0,HARD,41.0,HARD,True,asymmetric,False
4,Miami Gardens,Miami Grand Prix,47,S2,OCO,Haas F1 Team,BOR,Audi,0.89,319.0,318.0,1.0,16.0,HARD,15.0,HARD,True,asymmetric,False
4,Miami Gardens,Miami Grand Prix,47,S2,ALO,Aston Martin,PER,Cadillac,0.395,291.0,296.0,-5.0,6.0,SOFT,18.0,HARD,True,asymmetric,True
4,Miami Gardens,Miami Grand Prix,47,S3,VER,Red Bull Racing,LEC,Ferrari,1.0,316.0,300.0,16.0,41.0,HARD,26.0,HARD,True,asymmetric,False
4,Miami Gardens,Miami Grand Prix,47,S3,PIA,McLaren,VER,Red Bull Racing,0.513,322.0,316.0,6.0,19.0,HARD,41.0,HARD,True,asymmetric,False
4,Miami Gardens,Miami Grand Prix,47,S3,OCO,Haas F1 Team,BOR,Audi,0.81,319.0,318.0,1.0,16.0,HARD,15.0,HARD,True,asymmetric,False
4,Miami Gardens,Miami Grand Prix,47,S3,PER,Cadillac,ALO,Aston Martin,0.037,296.0,291.0,5.0,18.0,HARD,6.0,SOFT,True,asymmetric,True
4,Miami Gardens,Miami Grand Prix,48,S1,PIA,McLaren,VER,Red Bull Racing,0.453,317.0,313.0,4.0,20.0,HARD,42.0,HARD,True,asymmetric,False
4,Miami Gardens,Miami Grand Prix,48,S1,ALO,Aston Martin,PER,Cadillac,0.432,295.0,298.0,-3.0,7.0,SOFT,19.0,HARD,True,asymmetric,False
4,Miami Gardens,Miami Grand Prix,48,S2,PIA,McLaren,VER,Red Bull Racing,0.362,317.0,313.0,4.0,20.0,HARD,42.0,HARD,True,asymmetric,True
4,Miami Gardens,Miami Grand Prix,48,S2,ALO,Aston Martin,PER,Cadillac,0.428,295.0,298.0,-3.0,7.0,SOFT,19.0,HARD,True,asymmetric,False
4,Miami Gardens,Miami Grand Prix,48,S3,VER,Red Bull Racing,PIA,McLaren,0.277,313.0,317.0,-4.0,42.0,HARD,20.0,HARD,True,asymmetric,False
4,Miami Gardens,Miami Grand Prix,48,S3,ALO,Aston Martin,PER,Cadillac,0.094,295.0,298.0,-3.0,7.0,SOFT,19.0,HARD,True,asymmetric,False
4,Miami Gardens,Miami Grand Prix,49,S1,ALO,Aston Martin,PER,Cadillac,0.279,266.0,296.0,-30.0,8.0,SOFT,20.0,HARD,True,asymmetric,False
4,Miami Gardens,Miami Grand Prix,49,S2,ALO,Aston Martin,PER,Cadillac,0.479,266.0,296.0,-30.0,8.0,SOFT,20.0,HARD,True,asymmetric,False
4,Miami Gardens,Miami Grand Prix,49,S3,ALO,Aston Martin,PER,Cadillac,0.884,266.0,296.0,-30.0,8.0,SOFT,20.0,HARD,True,asymmetric,False
4,Miami Gardens,Miami Grand Prix,50,S1,ALO,Aston Martin,PER,Cadillac,0.496,302.0,302.0,0.0,9.0,SOFT,21.0,HARD,True,asymmetric,False
4,Miami Gardens,Miami Grand Prix,50,S2,ALO,Aston Martin,PER,Cadillac,0.6,302.0,302.0,0.0,9.0,SOFT,21.0,HARD,True,asymmetric,False
4,Miami Gardens,Miami Grand Prix,50,S3,ALO,Aston Martin,PER,Cadillac,0.444,302.0,302.0,0.0,9.0,SOFT,21.0,HARD,True,asymmetric,False
4,Miami Gardens,Miami Grand Prix,51,S1,ALO,Aston Martin,PER,Cadillac,0.345,319.0,311.0,8.0,10.0,SOFT,22.0,HARD,True,asymmetric,False
4,Miami Gardens,Miami Grand Prix,51,S2,ALO,Aston Martin,PER,Cadillac,0.308,319.0,311.0,8.0,10.0,SOFT,22.0,HARD,True,asymmetric,True
4,Miami Gardens,Miami Grand Prix,51,S3,PER,Cadillac,ALO,Aston Martin,0.708,311.0,319.0,-8.0,22.0,HARD,10.0,SOFT,True,asymmetric,False
4,Miami Gardens,Miami Grand Prix,53,S3,RUS,Mercedes,VER,Red Bull Racing,0.677,324.0,309.0,15.0,33.0,HARD,47.0,HARD,True,asymmetric,False
4,Miami Gardens,Miami Grand Prix,54,S1,RUS,Mercedes,VER,Red Bull Racing,0.875,310.0,309.0,1.0,34.0,HARD,48.0,HARD,True,asymmetric,False
4,Miami Gardens,Miami Grand Prix,54,S2,RUS,Mercedes,VER,Red Bull Racing,0.717,310.0,309.0,1.0,34.0,HARD,48.0,HARD,True,asymmetric,False
4,Miami Gardens,Miami Grand Prix,54,S3,PIA,McLaren,LEC,Ferrari,0.651,321.0,306.0,15.0,26.0,HARD,33.0,HARD,True,asymmetric,False
4,Miami Gardens,Miami Grand Prix,54,S3,RUS,Mercedes,VER,Red Bull Racing,0.244,310.0,309.0,1.0,34.0,HARD,48.0,HARD,True,asymmetric,False
4,Miami Gardens,Miami Grand Prix,55,S1,PIA,McLaren,LEC,Ferrari,0.785,323.0,305.0,18.0,27.0,HARD,34.0,HARD,True,asymmetric,False
4,Miami Gardens,Miami Grand Prix,55,S1,RUS,Mercedes,VER,Red Bull Racing,0.649,327.0,323.0,4.0,35.0,HARD,49.0,HARD,True,asymmetric,False
4,Miami Gardens,Miami Grand Prix,55,S2,PIA,McLaren,LEC,Ferrari,0.742,323.0,305.0,18.0,27.0,HARD,34.0,HARD,True,asymmetric,False
4,Miami Gardens,Miami Grand Prix,55,S2,RUS,Mercedes,VER,Red Bull Racing,0.475,327.0,323.0,4.0,35.0,HARD,49.0,HARD,True,asymmetric,False
4,Miami Gardens,Miami Grand Prix,55,S3,PIA,McLaren,LEC,Ferrari,0.406,323.0,305.0,18.0,27.0,HARD,34.0,HARD,True,asymmetric,False
4,Miami Gardens,Miami Grand Prix,55,S3,RUS,Mercedes,VER,Red Bull Racing,0.574,327.0,323.0,4.0,35.0,HARD,49.0,HARD,True,asymmetric,False
4,Miami Gardens,Miami Grand Prix,56,S1,PIA,McLaren,LEC,Ferrari,0.637,312.0,293.0,19.0,28.0,HARD,35.0,HARD,True,asymmetric,False
4,Miami Gardens,Miami Grand Prix,56,S1,RUS,Mercedes,VER,Red Bull Racing,0.824,331.0,324.0,7.0,36.0,HARD,50.0,HARD,True,asymmetric,False
4,Miami Gardens,Miami Grand Prix,56,S2,PIA,McLaren,LEC,Ferrari,0.517,312.0,293.0,19.0,28.0,HARD,35.0,HARD,True,asymmetric,True
4,Miami Gardens,Miami Grand Prix,56,S2,RUS,Mercedes,VER,Red Bull Racing,0.401,331.0,324.0,7.0,36.0,HARD,50.0,HARD,True,asymmetric,True
4,Miami Gardens,Miami Grand Prix,56,S3,LEC,Ferrari,PIA,McLaren,0.559,293.0,312.0,-19.0,35.0,HARD,28.0,HARD,True,asymmetric,False
4,Miami Gardens,Miami Grand Prix,56,S3,VER,Red Bull Racing,RUS,Mercedes,0.816,324.0,331.0,-7.0,50.0,HARD,36.0,HARD,True,asymmetric,False
4,Miami Gardens,Miami Grand Prix,57,S2,RUS,Mercedes,LEC,Ferrari,0.364,334.0,277.0,57.0,37.0,HARD,36.0,HARD,True,asymmetric,True
4,Miami Gardens,Miami Grand Prix,57,S2,VER,Red Bull Racing,RUS,Mercedes,0.7,330.0,334.0,-4.0,51.0,HARD,37.0,HARD,True,asymmetric,False
4,Miami Gardens,Miami Grand Prix,57,S3,VER,Red Bull Racing,RUS,Mercedes,0.888,330.0,334.0,-4.0,51.0,HARD,37.0,HARD,True,asymmetric,False
4,Miami Gardens,Miami Grand Prix,57,S3,LEC,Ferrari,VER,Red Bull Racing,0.315,277.0,330.0,-53.0,36.0,HARD,51.0,HARD,True,asymmetric,False
5,Montréal,Canadian Grand Prix,1,S2,RUS,Mercedes,ANT,Mercedes,0.913,315.0,310.0,5.0,4.0,SOFT,5.0,SOFT,True,standard,False
5,Montréal,Canadian Grand Prix,1,S2,HAM,Ferrari,RUS,Mercedes,0.425,319.0,315.0,4.0,4.0,SOFT,4.0,SOFT,True,standard,False
5,Montréal,Canadian Grand Prix,1,S2,PIA,McLaren,HAM,Ferrari,0.746,319.0,319.0,0.0,1.0,INTERMEDIATE,4.0,SOFT,True,standard,False
5,Montréal,Canadian Grand Prix,1,S2,VER,Red Bull Racing,PIA,McLaren,0.254,321.0,319.0,2.0,6.0,SOFT,1.0,INTERMEDIATE,True,standard,True
5,Montréal,Canadian Grand Prix,1,S2,LEC,Ferrari,VER,Red Bull Racing,0.462,317.0,321.0,-4.0,5.0,SOFT,6.0,SOFT,True,standard,False
5,Montréal,Canadian Grand Prix,1,S2,COL,Alpine,HAD,Red Bull Racing,0.417,314.0,318.0,-4.0,1.0,MEDIUM,5.0,SOFT,True,standard,False
5,Montréal,Canadian Grand Prix,1,S2,LAW,Racing Bulls,COL,Alpine,0.33,314.0,314.0,0.0,1.0,MEDIUM,1.0,MEDIUM,True,standard,False
5,Montréal,Canadian Grand Prix,1,S2,HUL,Audi,LAW,Racing Bulls,0.682,330.0,314.0,16.0,1.0,INTERMEDIATE,1.0,MEDIUM,True,standard,False
5,Montréal,Canadian Grand Prix,1,S2,BOR,Audi,HUL,Audi,0.832,321.0,330.0,-9.0,1.0,INTERMEDIATE,1.0,INTERMEDIATE,True,standard,False
5,Montréal,Canadian Grand Prix,1,S2,GAS,Alpine,BOR,Audi,0.821,334.0,321.0,13.0,1.0,MEDIUM,1.0,INTERMEDIATE,True,standard,True
5,Montréal,Canadian Grand Prix,1,S2,BEA,Haas F1 Team,GAS,Alpine,0.281,326.0,334.0,-8.0,6.0,SOFT,1.0,MEDIUM,True,standard,True
5,Montréal,Canadian Grand Prix,1,S2,ALO,Aston Martin,BEA,Haas F1 Team,0.375,322.0,326.0,-4.0,1.0,SOFT,6.0,SOFT,True,standard,False
5,Montréal,Canadian Grand Prix,1,S2,OCO,Haas F1 Team,ALO,Aston Martin,0.203,320.0,322.0,-2.0,1.0,SOFT,1.0,SOFT,True,standard,False
5,Montréal,Canadian Grand Prix,1,S2,SAI,Williams,OCO,Haas F1 Team,0.888,315.0,320.0,-5.0,1.0,INTERMEDIATE,1.0,SOFT,True,standard,False
5,Montréal,Canadian Grand Prix,1,S2,PER,Cadillac,SAI,Williams,0.367,317.0,315.0,2.0,1.0,INTERMEDIATE,1.0,INTERMEDIATE,True,standard,False
5,Montréal,Canadian Grand Prix,1,S2,BOT,Cadillac,PER,Cadillac,0.084,321.0,317.0,4.0,1.0,INTERMEDIATE,1.0,INTERMEDIATE,True,standard,False
5,Montréal,Canadian Grand Prix,1,S2,ALB,Williams,BOT,Cadillac,0.582,323.0,321.0,2.0,1.0,SOFT,1.0,INTERMEDIATE,True,standard,False
5,Montréal,Canadian Grand Prix,1,S3,RUS,Mercedes,ANT,Mercedes,0.656,315.0,310.0,5.0,4.0,SOFT,5.0,SOFT,True,standard,False
5,Montréal,Canadian Grand Prix,1,S3,HAM,Ferrari,RUS,Mercedes,0.578,319.0,315.0,4.0,4.0,SOFT,4.0,SOFT,True,standard,False
5,Montréal,Canadian Grand Prix,1,S3,LEC,Ferrari,VER,Red Bull Racing,0.64,317.0,321.0,-4.0,5.0,SOFT,6.0,SOFT,True,standard,False
5,Montréal,Canadian Grand Prix,1,S3,LAW,Racing Bulls,COL,Alpine,0.5,314.0,314.0,0.0,1.0,MEDIUM,1.0,MEDIUM,True,standard,False
5,Montréal,Canadian Grand Prix,1,S3,HUL,Audi,LAW,Racing Bulls,0.75,330.0,314.0,16.0,1.0,INTERMEDIATE,1.0,MEDIUM,True,standard,False
5,Montréal,Canadian Grand Prix,1,S3,GAS,Alpine,BEA,Haas F1 Team,0.093,334.0,326.0,8.0,1.0,MEDIUM,6.0,SOFT,True,standard,False
5,Montréal,Canadian Grand Prix,1,S3,BOR,Audi,GAS,Alpine,0.094,321.0,334.0,-13.0,1.0,INTERMEDIATE,1.0,MEDIUM,True,standard,True
5,Montréal,Canadian Grand Prix,1,S3,ALO,Aston Martin,BOR,Audi,0.625,322.0,321.0,1.0,1.0,SOFT,1.0,INTERMEDIATE,True,standard,True
5,Montréal,Canadian Grand Prix,1,S3,OCO,Haas F1 Team,ALO,Aston Martin,0.688,320.0,322.0,-2.0,1.0,SOFT,1.0,SOFT,True,standard,False
5,Montréal,Canadian Grand Prix,1,S3,PER,Cadillac,SAI,Williams,0.218,317.0,315.0,2.0,1.0,INTERMEDIATE,1.0,INTERMEDIATE,True,standard,False
5,Montréal,Canadian Grand Prix,1,S3,BOT,Cadillac,PER,Cadillac,0.329,321.0,317.0,4.0,1.0,INTERMEDIATE,1.0,INTERMEDIATE,True,standard,False
5,Montréal,Canadian Grand Prix,1,S3,ALB,Williams,BOT,Cadillac,0.375,323.0,321.0,2.0,1.0,SOFT,1.0,INTERMEDIATE,True,standard,False
5,Montréal,Canadian Grand Prix,2,S1,RUS,Mercedes,ANT,Mercedes,0.7,318.0,300.0,18.0,5.0,SOFT,6.0,SOFT,True,standard,False
5,Montréal,Canadian Grand Prix,2,S1,HAM,Ferrari,RUS,Mercedes,0.579,328.0,318.0,10.0,5.0,SOFT,5.0,SOFT,True,standard,False
5,Montréal,Canadian Grand Prix,2,S1,LEC,Ferrari,VER,Red Bull Racing,0.887,322.0,314.0,8.0,6.0,SOFT,7.0,SOFT,True,standard,False
5,Montréal,Canadian Grand Prix,2,S1,LAW,Racing Bulls,COL,Alpine,0.913,316.0,310.0,6.0,2.0,MEDIUM,2.0,MEDIUM,True,standard,False
5,Montréal,Canadian Grand Prix,2,S1,BEA,Haas F1 Team,HUL,Audi,0.915,328.0,311.0,17.0,7.0,SOFT,2.0,INTERMEDIATE,True,standard,False
5,Montréal,Canadian Grand Prix,2,S1,BOR,Audi,ALO,Aston Martin,0.516,284.0,325.0,-41.0,2.0,INTERMEDIATE,2.0,SOFT,True,standard,False
5,Montréal,Canadian Grand Prix,2,S1,GAS,Alpine,BOR,Audi,0.978,315.0,284.0,31.0,2.0,MEDIUM,2.0,INTERMEDIATE,True,standard,False
5,Montréal,Canadian Grand Prix,2,S1,OCO,Haas F1 Team,GAS,Alpine,0.288,308.0,315.0,-7.0,2.0,SOFT,2.0,MEDIUM,True,standard,False
5,Montréal,Canadian Grand Prix,2,S1,SAI,Williams,OCO,Haas F1 Team,0.826,312.0,308.0,4.0,2.0,INTERMEDIATE,2.0,SOFT,True,standard,False
5,Montréal,Canadian Grand Prix,2,S1,PER,Cadillac,SAI,Williams,0.408,314.0,312.0,2.0,2.0,INTERMEDIATE,2.0,INTERMEDIATE,True,standard,False
5,Montréal,Canadian Grand Prix,2,S1,BOT,Cadillac,PER,Cadillac,0.458,314.0,314.0,0.0,2.0,INTERMEDIATE,2.0,INTERMEDIATE,True,standard,False
5,Montréal,Canadian Grand Prix,2,S1,ALB,Williams,BOT,Cadillac,0.219,324.0,314.0,10.0,2.0,SOFT,2.0,INTERMEDIATE,True,standard,True
5,Montréal,Canadian Grand Prix,2,S2,ANT,Mercedes,NOR,McLaren,0.358,300.0,296.0,4.0,6.0,SOFT,2.0,INTERMEDIATE,True,standard,True
5,Montréal,Canadian Grand Prix,2,S2,RUS,Mercedes,ANT,Mercedes,0.596,318.0,300.0,18.0,5.0,SOFT,6.0,SOFT,True,standard,False
5,Montréal,Canadian Grand Prix,2,S2,HAM,Ferrari,RUS,Mercedes,0.633,328.0,318.0,10.0,5.0,SOFT,5.0,SOFT,True,standard,False
5,Montréal,Canadian Grand Prix,2,S2,LEC,Ferrari,VER,Red Bull Racing,0.666,322.0,314.0,8.0,6.0,SOFT,7.0,SOFT,True,standard,False
5,Montréal,Canadian Grand Prix,2,S2,BEA,Haas F1 Team,HUL,Audi,0.298,328.0,311.0,17.0,7.0,SOFT,2.0,INTERMEDIATE,True,standard,True
5,Montréal,Canadian Grand Prix,2,S2,ALO,Aston Martin,BEA,Haas F1 Team,0.814,325.0,328.0,-3.0,2.0,SOFT,7.0,SOFT,True,standard,False
5,Montréal,Canadian Grand Prix,2,S2,GAS,Alpine,BOR,Audi,0.635,315.0,284.0,31.0,2.0,MEDIUM,2.0,INTERMEDIATE,True,standard,True
5,Montréal,Canadian Grand Prix,2,S2,OCO,Haas F1 Team,GAS,Alpine,0.452,308.0,315.0,-7.0,2.0,SOFT,2.0,MEDIUM,True,standard,False
5,Montréal,Canadian Grand Prix,2,S2,PER,Cadillac,SAI,Williams,0.673,314.0,312.0,2.0,2.0,INTERMEDIATE,2.0,INTERMEDIATE,True,standard,False
5,Montréal,Canadian Grand Prix,2,S2,ALB,Williams,PER,Cadillac,0.479,324.0,314.0,10.0,2.0,SOFT,2.0,INTERMEDIATE,True,standard,True
5,Montréal,Canadian Grand Prix,2,S2,BOT,Cadillac,ALB,Williams,0.353,314.0,324.0,-10.0,2.0,INTERMEDIATE,2.0,SOFT,True,standard,False
5,Montréal,Canadian Grand Prix,2,S3,RUS,Mercedes,ANT,Mercedes,0.079,318.0,300.0,18.0,5.0,SOFT,6.0,SOFT,True,standard,False
5,Montréal,Canadian Grand Prix,2,S3,HAM,Ferrari,RUS,Mercedes,0.308,328.0,318.0,10.0,5.0,SOFT,5.0,SOFT,True,standard,False
5,Montréal,Canadian Grand Prix,2,S3,VER,Red Bull Racing,HAM,Ferrari,0.98,314.0,328.0,-14.0,7.0,SOFT,5.0,SOFT,True,standard,False
5,Montréal,Canadian Grand Prix,2,S3,LEC,Ferrari,VER,Red Bull Racing,0.645,322.0,314.0,8.0,6.0,SOFT,7.0,SOFT,True,standard,False
5,Montréal,Canadian Grand Prix,2,S3,ALO,Aston Martin,BEA,Haas F1 Team,0.729,325.0,328.0,-3.0,2.0,SOFT,7.0,SOFT,True,standard,False
5,Montréal,Canadian Grand Prix,2,S3,OCO,Haas F1 Team,GAS,Alpine,0.796,308.0,315.0,-7.0,2.0,SOFT,2.0,MEDIUM,True,standard,False
5,Montréal,Canadian Grand Prix,2,S3,ALB,Williams,NOR,McLaren,0.696,324.0,296.0,28.0,2.0,SOFT,2.0,INTERMEDIATE,True,standard,True
5,Montréal,Canadian Grand Prix,2,S3,STR,Aston Martin,BOT,Cadillac,0.551,315.0,314.0,1.0,2.0,SOFT,2.0,INTERMEDIATE,True,standard,False
5,Montréal,Canadian Grand Prix,2,S3,PER,Cadillac,BOR,Audi,0.502,314.0,284.0,30.0,2.0,INTERMEDIATE,2.0,INTERMEDIATE,True,standard,False
5,Montréal,Canadian Grand Prix,3,S1,RUS,Mercedes,ANT,Mercedes,0.601,313.0,300.0,13.0,6.0,SOFT,7.0,SOFT,True,standard,False
5,Montréal,Canadian Grand Prix,3,S1,HAM,Ferrari,RUS,Mercedes,0.67,322.0,313.0,9.0,6.0,SOFT,6.0,SOFT,True,standard,False
5,Montréal,Canadian Grand Prix,3,S1,VER,Red Bull Racing,HAM,Ferrari,0.369,309.0,322.0,-13.0,8.0,SOFT,6.0,SOFT,True,standard,False
5,Montréal,Canadian Grand Prix,3,S1,LEC,Ferrari,VER,Red Bull Racing,0.715,327.0,309.0,18.0,7.0,SOFT,8.0,SOFT,True,standard,False
5,Montréal,Canadian Grand Prix,3,S1,ALO,Aston Martin,BEA,Haas F1 Team,0.808,310.0,304.0,6.0,3.0,SOFT,8.0,SOFT,True,standard,False
5,Montréal,Canadian Grand Prix,3,S1,NOR,McLaren,ALB,Williams,0.787,305.0,300.0,5.0,1.0,MEDIUM,3.0,SOFT,True,standard,False
5,Montréal,Canadian Grand Prix,3,S1,STR,Aston Martin,BOT,Cadillac,0.272,308.0,302.0,6.0,3.0,SOFT,3.0,INTERMEDIATE,True,standard,True
5,Montréal,Canadian Grand Prix,3,S1,PER,Cadillac,BOR,Audi,0.77,307.0,303.0,4.0,1.0,SOFT,1.0,SOFT,True,standard,False
5,Montréal,Canadian Grand Prix,3,S2,RUS,Mercedes,ANT,Mercedes,0.684,313.0,300.0,13.0,6.0,SOFT,7.0,SOFT,True,standard,False
5,Montréal,Canadian Grand Prix,3,S2,HAM,Ferrari,RUS,Mercedes,0.701,322.0,313.0,9.0,6.0,SOFT,6.0,SOFT,True,standard,False
5,Montréal,Canadian Grand Prix,3,S2,VER,Red Bull Racing,HAM,Ferrari,0.839,309.0,322.0,-13.0,8.0,SOFT,6.0,SOFT,True,standard,False
5,Montréal,Canadian Grand Prix,3,S2,LEC,Ferrari,VER,Red Bull Racing,0.57,327.0,309.0,18.0,7.0,SOFT,8.0,SOFT,True,standard,False
5,Montréal,Canadian Grand Prix,3,S2,ALO,Aston Martin,BEA,Haas F1 Team,0.756,310.0,304.0,6.0,3.0,SOFT,8.0,SOFT,True,standard,False
5,Montréal,Canadian Grand Prix,3,S2,NOR,McLaren,ALB,Williams,0.592,305.0,300.0,5.0,1.0,MEDIUM,3.0,SOFT,True,standard,False
5,Montréal,Canadian Grand Prix,3,S2,PIA,McLaren,STR,Aston Martin,0.928,315.0,308.0,7.0,2.0,MEDIUM,3.0,SOFT,True,standard,False
5,Montréal,Canadian Grand Prix,3,S2,BOT,Cadillac,PIA,McLaren,0.112,302.0,315.0,-13.0,3.0,INTERMEDIATE,2.0,MEDIUM,True,standard,False
5,Montréal,Canadian Grand Prix,3,S3,RUS,Mercedes,ANT,Mercedes,0.525,313.0,300.0,13.0,6.0,SOFT,7.0,SOFT,True,standard,False
5,Montréal,Canadian Grand Prix,3,S3,HAM,Ferrari,RUS,Mercedes,0.596,322.0,313.0,9.0,6.0,SOFT,6.0,SOFT,True,standard,False
5,Montréal,Canadian Grand Prix,3,S3,VER,Red Bull Racing,HAM,Ferrari,0.889,309.0,322.0,-13.0,8.0,SOFT,6.0,SOFT,True,standard,False
5,Montréal,Canadian Grand Prix,3,S3,LEC,Ferrari,VER,Red Bull Racing,0.552,327.0,309.0,18.0,7.0,SOFT,8.0,SOFT,True,standard,False
5,Montréal,Canadian Grand Prix,3,S3,ALO,Aston Martin,BEA,Haas F1 Team,0.565,310.0,304.0,6.0,3.0,SOFT,8.0,SOFT,True,standard,False
5,Montréal,Canadian Grand Prix,3,S3,GAS,Alpine,ALO,Aston Martin,0.757,321.0,310.0,11.0,3.0,MEDIUM,3.0,SOFT,True,standard,False
5,Montréal,Canadian Grand Prix,3,S3,NOR,McLaren,ALB,Williams,0.575,305.0,300.0,5.0,1.0,MEDIUM,3.0,SOFT,True,standard,False
5,Montréal,Canadian Grand Prix,3,S3,PIA,McLaren,STR,Aston Martin,0.489,315.0,308.0,7.0,2.0,MEDIUM,3.0,SOFT,True,standard,False
5,Montréal,Canadian Grand Prix,3,S3,PER,Cadillac,BOR,Audi,0.479,307.0,303.0,4.0,1.0,SOFT,1.0,SOFT,True,standard,False
5,Montréal,Canadian Grand Prix,4,S1,RUS,Mercedes,ANT,Mercedes,0.661,315.0,299.0,16.0,7.0,SOFT,8.0,SOFT,True,standard,False
5,Montréal,Canadian Grand Prix,4,S1,HAM,Ferrari,RUS,Mercedes,0.839,337.0,315.0,22.0,7.0,SOFT,7.0,SOFT,True,standard,False
5,Montréal,Canadian Grand Prix,4,S1,VER,Red Bull Racing,HAM,Ferrari,0.644,316.0,337.0,-21.0,9.0,SOFT,7.0,SOFT,True,standard,False
5,Montréal,Canadian Grand Prix,4,S1,LEC,Ferrari,VER,Red Bull Racing,0.903,318.0,316.0,2.0,8.0,SOFT,9.0,SOFT,True,standard,False
5,Montréal,Canadian Grand Prix,4,S1,HAD,Red Bull Racing,LEC,Ferrari,0.86,315.0,318.0,-3.0,8.0,SOFT,8.0,SOFT,True,standard,False
5,Montréal,Canadian Grand Prix,4,S1,ALO,Aston Martin,BEA,Haas F1 Team,0.776,336.0,301.0,35.0,4.0,SOFT,9.0,SOFT,True,standard,False
5,Montréal,Canadian Grand Prix,4,S1,GAS,Alpine,ALO,Aston Martin,0.493,348.0,336.0,12.0,4.0,MEDIUM,4.0,SOFT,True,standard,False
5,Montréal,Canadian Grand Prix,4,S1,PIA,McLaren,STR,Aston Martin,0.216,306.0,307.0,-1.0,3.0,MEDIUM,4.0,SOFT,True,standard,True
5,Montréal,Canadian Grand Prix,4,S1,PER,Cadillac,BOR,Audi,0.594,306.0,302.0,4.0,2.0,SOFT,2.0,SOFT,True,standard,False
5,Montréal,Canadian Grand Prix,4,S2,RUS,Mercedes,ANT,Mercedes,0.752,315.0,299.0,16.0,7.0,SOFT,8.0,SOFT,True,standard,False
5,Montréal,Canadian Grand Prix,4,S2,HAM,Ferrari,RUS,Mercedes,0.787,337.0,315.0,22.0,7.0,SOFT,7.0,SOFT,True,standard,False
5,Montréal,Canadian Grand Prix,4,S2,VER,Red Bull Racing,HAM,Ferrari,0.829,316.0,337.0,-21.0,9.0,SOFT,7.0,SOFT,True,standard,False
5,Montréal,Canadian Grand Prix,4,S2,GAS,Alpine,ALO,Aston Martin,0.157,348.0,336.0,12.0,4.0,MEDIUM,4.0,SOFT,True,standard,False
5,Montréal,Canadian Grand Prix,4,S2,STR,Aston Martin,PIA,McLaren,0.555,307.0,306.0,1.0,4.0,SOFT,3.0,MEDIUM,True,standard,False
5,Montréal,Canadian Grand Prix,4,S3,RUS,Mercedes,ANT,Mercedes,0.496,315.0,299.0,16.0,7.0,SOFT,8.0,SOFT,True,standard,False
5,Montréal,Canadian Grand Prix,4,S3,HAM,Ferrari,RUS,Mercedes,0.644,337.0,315.0,22.0,7.0,SOFT,7.0,SOFT,True,standard,False
5,Montréal,Canadian Grand Prix,4,S3,VER,Red Bull Racing,HAM,Ferrari,0.73,316.0,337.0,-21.0,9.0,SOFT,7.0,SOFT,True,standard,False
5,Montréal,Canadian Grand Prix,4,S3,ALO,Aston Martin,BEA,Haas F1 Team,0.616,336.0,301.0,35.0,4.0,SOFT,9.0,SOFT,True,standard,False
5,Montréal,Canadian Grand Prix,4,S3,GAS,Alpine,ALO,Aston Martin,0.062,348.0,336.0,12.0,4.0,MEDIUM,4.0,SOFT,True,standard,False
5,Montréal,Canadian Grand Prix,4,S3,PER,Cadillac,BOR,Audi,0.868,306.0,302.0,4.0,2.0,SOFT,2.0,SOFT,True,standard,False
5,Montréal,Canadian Grand Prix,5,S1,RUS,Mercedes,ANT,Mercedes,0.681,319.0,299.0,20.0,8.0,SOFT,9.0,SOFT,True,standard,False
5,Montréal,Canadian Grand Prix,5,S1,HAM,Ferrari,RUS,Mercedes,0.865,328.0,319.0,9.0,8.0,SOFT,8.0,SOFT,True,standard,False
5,Montréal,Canadian Grand Prix,5,S1,VER,Red Bull Racing,HAM,Ferrari,0.506,319.0,328.0,-9.0,10.0,SOFT,8.0,SOFT,True,standard,False
5,Montréal,Canadian Grand Prix,5,S1,PER,Cadillac,BOR,Audi,0.73,300.0,301.0,-1.0,3.0,SOFT,3.0,SOFT,True,standard,False
5,Montréal,Canadian Grand Prix,5,S2,RUS,Mercedes,ANT,Mercedes,0.676,319.0,299.0,20.0,8.0,SOFT,9.0,SOFT,True,standard,False
5,Montréal,Canadian Grand Prix,5,S2,HAM,Ferrari,RUS,Mercedes,0.878,328.0,319.0,9.0,8.0,SOFT,8.0,SOFT,True,standard,False
5,Montréal,Canadian Grand Prix,5,S2,VER,Red Bull Racing,HAM,Ferrari,0.728,319.0,328.0,-9.0,10.0,SOFT,8.0,SOFT,True,standard,False
5,Montréal,Canadian Grand Prix,5,S2,ALO,Aston Martin,BEA,Haas F1 Team,0.977,315.0,304.0,11.0,5.0,SOFT,10.0,SOFT,True,standard,False
5,Montréal,Canadian Grand Prix,5,S2,GAS,Alpine,ALO,Aston Martin,0.302,302.0,315.0,-13.0,5.0,MEDIUM,5.0,SOFT,True,standard,False
5,Montréal,Canadian Grand Prix,5,S2,ALB,Williams,OCO,Haas F1 Team,0.668,323.0,313.0,10.0,5.0,SOFT,5.0,SOFT,True,standard,False
5,Montréal,Canadian Grand Prix,5,S2,PER,Cadillac,BOR,Audi,0.715,300.0,301.0,-1.0,3.0,SOFT,3.0,SOFT,True,standard,False
5,Montréal,Canadian Grand Prix,5,S3,RUS,Mercedes,ANT,Mercedes,0.472,319.0,299.0,20.0,8.0,SOFT,9.0,SOFT,True,standard,False
5,Montréal,Canadian Grand Prix,5,S3,VER,Red Bull Racing,HAM,Ferrari,0.496,319.0,328.0,-9.0,10.0,SOFT,8.0,SOFT,True,standard,False
5,Montréal,Canadian Grand Prix,5,S3,ALO,Aston Martin,BEA,Haas F1 Team,0.934,315.0,304.0,11.0,5.0,SOFT,10.0,SOFT,True,standard,False
5,Montréal,Canadian Grand Prix,5,S3,GAS,Alpine,ALO,Aston Martin,0.627,302.0,315.0,-13.0,5.0,MEDIUM,5.0,SOFT,True,standard,False
5,Montréal,Canadian Grand Prix,5,S3,ALB,Williams,OCO,Haas F1 Team,0.405,323.0,313.0,10.0,5.0,SOFT,5.0,SOFT,True,standard,False
5,Montréal,Canadian Grand Prix,5,S3,NOR,McLaren,ALB,Williams,0.922,313.0,323.0,-10.0,3.0,MEDIUM,5.0,SOFT,True,standard,False
5,Montréal,Canadian Grand Prix,6,S1,RUS,Mercedes,ANT,Mercedes,0.505,333.0,299.0,34.0,9.0,SOFT,10.0,SOFT,True,standard,False
5,Montréal,Canadian Grand Prix,6,S1,VER,Red Bull Racing,HAM,Ferrari,0.503,317.0,313.0,4.0,11.0,SOFT,9.0,SOFT,True,standard,False
5,Montréal,Canadian Grand Prix,6,S1,GAS,Alpine,ALO,Aston Martin,0.238,321.0,309.0,12.0,6.0,MEDIUM,6.0,SOFT,True,standard,False
5,Montréal,Canadian Grand Prix,6,S1,ALB,Williams,OCO,Haas F1 Team,0.292,325.0,314.0,11.0,6.0,SOFT,6.0,SOFT,True,standard,False
5,Montréal,Canadian Grand Prix,6,S1,NOR,McLaren,ALB,Williams,0.665,320.0,325.0,-5.0,4.0,MEDIUM,6.0,SOFT,True,standard,False
5,Montréal,Canadian Grand Prix,6,S2,RUS,Mercedes,ANT,Mercedes,0.369,333.0,299.0,34.0,9.0,SOFT,10.0,SOFT,True,standard,True
5,Montréal,Canadian Grand Prix,6,S2,VER,Red Bull Racing,HAM,Ferrari,0.902,317.0,313.0,4.0,11.0,SOFT,9.0,SOFT,True,standard,False
5,Montréal,Canadian Grand Prix,6,S2,GAS,Alpine,ALO,Aston Martin,0.157,321.0,309.0,12.0,6.0,MEDIUM,6.0,SOFT,True,standard,True
5,Montréal,Canadian Grand Prix,6,S2,ALB,Williams,OCO,Haas F1 Team,0.236,325.0,314.0,11.0,6.0,SOFT,6.0,SOFT,True,standard,True
5,Montréal,Canadian Grand Prix,6,S2,NOR,McLaren,ALB,Williams,0.343,320.0,325.0,-5.0,4.0,MEDIUM,6.0,SOFT,True,standard,False
5,Montréal,Canadian Grand Prix,6,S3,ANT,Mercedes,RUS,Mercedes,0.873,299.0,333.0,-34.0,10.0,SOFT,9.0,SOFT,True,standard,False
5,Montréal,Canadian Grand Prix,6,S3,HAM,Ferrari,ANT,Mercedes,0.841,313.0,299.0,14.0,9.0,SOFT,10.0,SOFT,True,standard,False
5,Montréal,Canadian Grand Prix,6,S3,VER,Red Bull Racing,HAM,Ferrari,0.688,317.0,313.0,4.0,11.0,SOFT,9.0,SOFT,True,standard,False
5,Montréal,Canadian Grand Prix,6,S3,ALO,Aston Martin,GAS,Alpine,0.536,309.0,321.0,-12.0,6.0,SOFT,6.0,MEDIUM,True,standard,False
5,Montréal,Canadian Grand Prix,6,S3,OCO,Haas F1 Team,ALB,Williams,0.687,314.0,325.0,-11.0,6.0,SOFT,6.0,SOFT,True,standard,False
5,Montréal,Canadian Grand Prix,6,S3,NOR,McLaren,OCO,Haas F1 Team,0.045,320.0,314.0,6.0,4.0,MEDIUM,6.0,SOFT,True,standard,True
5,Montréal,Canadian Grand Prix,6,S3,PER,Cadillac,BOR,Audi,0.878,309.0,301.0,8.0,4.0,SOFT,4.0,SOFT,True,standard,False
5,Montréal,Canadian Grand Prix,7,S1,HAM,Ferrari,ANT,Mercedes,0.717,328.0,313.0,15.0,10.0,SOFT,11.0,SOFT,True,standard,False
5,Montréal,Canadian Grand Prix,7,S1,VER,Red Bull Racing,HAM,Ferrari,0.542,320.0,328.0,-8.0,12.0,SOFT,10.0,SOFT,True,standard,False
5,Montréal,Canadian Grand Prix,7,S1,NOR,McLaren,ALB,Williams,0.656,326.0,314.0,12.0,5.0,MEDIUM,7.0,SOFT,True,standard,False
5,Montréal,Canadian Grand Prix,7,S2,HAM,Ferrari,ANT,Mercedes,0.668,328.0,313.0,15.0,10.0,SOFT,11.0,SOFT,True,standard,False
5,Montréal,Canadian Grand Prix,7,S2,VER,Red Bull Racing,HAM,Ferrari,0.684,320.0,328.0,-8.0,12.0,SOFT,10.0,SOFT,True,standard,False
5,Montréal,Canadian Grand Prix,7,S2,ALB,Williams,ALO,Aston Martin,0.967,314.0,314.0,0.0,7.0,SOFT,7.0,SOFT,True,standard,False
5,Montréal,Canadian Grand Prix,7,S2,NOR,McLaren,ALB,Williams,0.397,326.0,314.0,12.0,5.0,MEDIUM,7.0,SOFT,True,standard,False
5,Montréal,Canadian Grand Prix,7,S3,HAM,Ferrari,ANT,Mercedes,0.95,328.0,313.0,15.0,10.0,SOFT,11.0,SOFT,True,standard,False
5,Montréal,Canadian Grand Prix,7,S3,VER,Red Bull Racing,HAM,Ferrari,0.38,320.0,328.0,-8.0,12.0,SOFT,10.0,SOFT,True,standard,False
5,Montréal,Canadian Grand Prix,7,S3,ALB,Williams,ALO,Aston Martin,0.68,314.0,314.0,0.0,7.0,SOFT,7.0,SOFT,True,standard,False
5,Montréal,Canadian Grand Prix,7,S3,NOR,McLaren,ALB,Williams,0.173,326.0,314.0,12.0,5.0,MEDIUM,7.0,SOFT,True,standard,True
5,Montréal,Canadian Grand Prix,8,S1,VER,Red Bull Racing,HAM,Ferrari,0.467,322.0,331.0,-9.0,13.0,SOFT,11.0,SOFT,True,standard,False
5,Montréal,Canadian Grand Prix,8,S1,NOR,McLaren,ALO,Aston Martin,0.278,312.0,319.0,-7.0,6.0,MEDIUM,8.0,SOFT,True,standard,True
5,Montréal,Canadian Grand Prix,8,S1,ALB,Williams,NOR,McLaren,0.472,318.0,312.0,6.0,8.0,SOFT,6.0,MEDIUM,True,standard,False
5,Montréal,Canadian Grand Prix,8,S2,ANT,Mercedes,RUS,Mercedes,0.98,310.0,309.0,1.0,12.0,SOFT,11.0,SOFT,True,standard,False
5,Montréal,Canadian Grand Prix,8,S2,VER,Red Bull Racing,HAM,Ferrari,0.632,322.0,331.0,-9.0,13.0,SOFT,11.0,SOFT,True,standard,False
5,Montréal,Canadian Grand Prix,8,S2,ALO,Aston Martin,NOR,McLaren,0.732,319.0,312.0,7.0,8.0,SOFT,6.0,MEDIUM,True,standard,False
5,Montréal,Canadian Grand Prix,8,S2,ALB,Williams,ALO,Aston Martin,0.051,318.0,319.0,-1.0,8.0,SOFT,8.0,SOFT,True,standard,True
5,Montréal,Canadian Grand Prix,8,S2,PIA,McLaren,ALB,Williams,0.896,326.0,318.0,8.0,7.0,MEDIUM,8.0,SOFT,True,standard,False
5,Montréal,Canadian Grand Prix,8,S2,STR,Aston Martin,SAI,Williams,0.643,308.0,302.0,6.0,8.0,SOFT,14.0,MEDIUM,True,standard,False
5,Montréal,Canadian Grand Prix,8,S3,VER,Red Bull Racing,HAM,Ferrari,0.295,322.0,331.0,-9.0,13.0,SOFT,11.0,SOFT,True,standard,True
5,Montréal,Canadian Grand Prix,8,S3,GAS,Alpine,BEA,Haas F1 Team,0.981,313.0,302.0,11.0,8.0,MEDIUM,13.0,SOFT,True,standard,False
5,Montréal,Canadian Grand Prix,8,S3,ALO,Aston Martin,ALB,Williams,0.722,319.0,318.0,1.0,8.0,SOFT,8.0,SOFT,True,standard,False
5,Montréal,Canadian Grand Prix,8,S3,PIA,McLaren,ALO,Aston Martin,0.133,326.0,319.0,7.0,7.0,MEDIUM,8.0,SOFT,True,standard,True
5,Montréal,Canadian Grand Prix,8,S3,HUL,Audi,STR,Aston Martin,0.504,317.0,308.0,9.0,10.0,SOFT,8.0,SOFT,True,standard,False
5,Montréal,Canadian Grand Prix,9,S1,HAM,Ferrari,VER,Red Bull Racing,0.604,314.0,303.0,11.0,12.0,SOFT,14.0,SOFT,True,standard,False
5,Montréal,Canadian Grand Prix,9,S1,GAS,Alpine,BEA,Haas F1 Team,0.83,318.0,302.0,16.0,9.0,MEDIUM,14.0,SOFT,True,standard,False
5,Montréal,Canadian Grand Prix,9,S1,ALO,Aston Martin,PIA,McLaren,0.768,317.0,313.0,4.0,9.0,SOFT,8.0,MEDIUM,True,standard,False
5,Montréal,Canadian Grand Prix,9,S1,HUL,Audi,STR,Aston Martin,0.213,302.0,308.0,-6.0,11.0,SOFT,9.0,SOFT,True,standard,True
5,Montréal,Canadian Grand Prix,9,S2,HAM,Ferrari,VER,Red Bull Racing,0.665,314.0,303.0,11.0,12.0,SOFT,14.0,SOFT,True,standard,False
5,Montréal,Canadian Grand Prix,9,S2,GAS,Alpine,BEA,Haas F1 Team,0.713,318.0,302.0,16.0,9.0,MEDIUM,14.0,SOFT,True,standard,False
5,Montréal,Canadian Grand Prix,9,S2,PIA,McLaren,ALB,Williams,0.971,313.0,314.0,-1.0,8.0,MEDIUM,9.0,SOFT,True,standard,False
5,Montréal,Canadian Grand Prix,9,S2,STR,Aston Martin,HUL,Audi,0.818,308.0,302.0,6.0,9.0,SOFT,11.0,SOFT,True,standard,False
5,Montréal,Canadian Grand Prix,9,S3,HAM,Ferrari,VER,Red Bull Racing,0.821,314.0,303.0,11.0,12.0,SOFT,14.0,SOFT,True,standard,False
5,Montréal,Canadian Grand Prix,9,S3,GAS,Alpine,BEA,Haas F1 Team,0.804,318.0,302.0,16.0,9.0,MEDIUM,14.0,SOFT,True,standard,False
5,Montréal,Canadian Grand Prix,10,S1,HAM,Ferrari,VER,Red Bull Racing,0.916,320.0,304.0,16.0,13.0,SOFT,15.0,SOFT,True,standard,False
5,Montréal,Canadian Grand Prix,10,S1,GAS,Alpine,BEA,Haas F1 Team,0.843,320.0,301.0,19.0,10.0,MEDIUM,15.0,SOFT,True,standard,False
5,Montréal,Canadian Grand Prix,10,S1,NOR,McLaren,GAS,Alpine,0.738,326.0,320.0,6.0,8.0,MEDIUM,10.0,MEDIUM,True,standard,False
5,Montréal,Canadian Grand Prix,10,S2,HAM,Ferrari,VER,Red Bull Racing,0.754,320.0,304.0,16.0,13.0,SOFT,15.0,SOFT,True,standard,False
5,Montréal,Canadian Grand Prix,10,S2,GAS,Alpine,BEA,Haas F1 Team,0.553,320.0,301.0,19.0,10.0,MEDIUM,15.0,SOFT,True,standard,False
5,Montréal,Canadian Grand Prix,10,S2,NOR,McLaren,GAS,Alpine,0.87,326.0,320.0,6.0,8.0,MEDIUM,10.0,MEDIUM,True,standard,False
5,Montréal,Canadian Grand Prix,10,S3,HAM,Ferrari,VER,Red Bull Racing,0.782,320.0,304.0,16.0,13.0,SOFT,15.0,SOFT,True,standard,False
5,Montréal,Canadian Grand Prix,10,S3,GAS,Alpine,BEA,Haas F1 Team,0.665,320.0,301.0,19.0,10.0,MEDIUM,15.0,SOFT,True,standard,False
5,Montréal,Canadian Grand Prix,10,S3,NOR,McLaren,GAS,Alpine,0.511,326.0,320.0,6.0,8.0,MEDIUM,10.0,MEDIUM,True,standard,False
5,Montréal,Canadian Grand Prix,11,S1,GAS,Alpine,BEA,Haas F1 Team,0.759,304.0,327.0,-23.0,11.0,MEDIUM,16.0,SOFT,True,standard,True
5,Montréal,Canadian Grand Prix,11,S1,NOR,McLaren,GAS,Alpine,0.544,320.0,304.0,16.0,9.0,MEDIUM,11.0,MEDIUM,True,standard,False
5,Montréal,Canadian Grand Prix,11,S1,BOR,Audi,STR,Aston Martin,0.486,317.0,297.0,20.0,9.0,SOFT,11.0,SOFT,True,standard,False
5,Montréal,Canadian Grand Prix,11,S2,HAM,Ferrari,VER,Red Bull Racing,0.912,318.0,300.0,18.0,14.0,SOFT,16.0,SOFT,True,standard,False
5,Montréal,Canadian Grand Prix,11,S2,BEA,Haas F1 Team,GAS,Alpine,0.267,327.0,304.0,23.0,16.0,SOFT,11.0,MEDIUM,True,standard,False
5,Montréal,Canadian Grand Prix,11,S2,NOR,McLaren,BEA,Haas F1 Team,0.034,320.0,327.0,-7.0,9.0,MEDIUM,16.0,SOFT,True,standard,True
5,Montréal,Canadian Grand Prix,11,S2,BOR,Audi,STR,Aston Martin,0.313,317.0,297.0,20.0,9.0,SOFT,11.0,SOFT,True,standard,True
5,Montréal,Canadian Grand Prix,11,S3,HAM,Ferrari,VER,Red Bull Racing,0.748,318.0,300.0,18.0,14.0,SOFT,16.0,SOFT,True,standard,False
5,Montréal,Canadian Grand Prix,11,S3,GAS,Alpine,NOR,McLaren,0.131,304.0,320.0,-16.0,11.0,MEDIUM,9.0,MEDIUM,True,standard,False
5,Montréal,Canadian Grand Prix,11,S3,BEA,Haas F1 Team,GAS,Alpine,0.512,327.0,304.0,23.0,16.0,SOFT,11.0,MEDIUM,True,standard,False
5,Montréal,Canadian Grand Prix,11,S3,ALB,Williams,BEA,Haas F1 Team,0.467,316.0,327.0,-11.0,11.0,SOFT,16.0,SOFT,True,standard,False
5,Montréal,Canadian Grand Prix,11,S3,STR,Aston Martin,BOR,Audi,0.688,297.0,317.0,-20.0,11.0,SOFT,9.0,SOFT,True,standard,False
5,Montréal,Canadian Grand Prix,12,S1,HAM,Ferrari,VER,Red Bull Racing,0.873,320.0,301.0,19.0,15.0,SOFT,17.0,SOFT,True,standard,False
5,Montréal,Canadian Grand Prix,12,S1,BEA,Haas F1 Team,GAS,Alpine,0.652,311.0,309.0,2.0,17.0,SOFT,12.0,MEDIUM,True,standard,False
5,Montréal,Canadian Grand Prix,12,S1,PIA,McLaren,BEA,Haas F1 Team,0.874,257.0,311.0,-54.0,11.0,MEDIUM,17.0,SOFT,True,standard,False
5,Montréal,Canadian Grand Prix,12,S2,HAM,Ferrari,VER,Red Bull Racing,0.874,320.0,301.0,19.0,15.0,SOFT,17.0,SOFT,True,standard,False
5,Montréal,Canadian Grand Prix,12,S2,PIA,McLaren,BEA,Haas F1 Team,0.162,257.0,311.0,-54.0,11.0,MEDIUM,17.0,SOFT,True,standard,False
5,Montréal,Canadian Grand Prix,12,S3,ANT,Mercedes,RUS,Mercedes,0.288,302.0,316.0,-14.0,16.0,SOFT,15.0,SOFT,True,standard,False
5,Montréal,Canadian Grand Prix,12,S3,HAM,Ferrari,VER,Red Bull Racing,0.623,320.0,301.0,19.0,15.0,SOFT,17.0,SOFT,True,standard,False
5,Montréal,Canadian Grand Prix,12,S3,PER,Cadillac,STR,Aston Martin,0.51,305.0,310.0,-5.0,10.0,SOFT,12.0,SOFT,True,standard,False
5,Montréal,Canadian Grand Prix,13,S1,ANT,Mercedes,RUS,Mercedes,0.282,315.0,310.0,5.0,17.0,SOFT,16.0,SOFT,True,standard,False
5,Montréal,Canadian Grand Prix,13,S1,HAM,Ferrari,VER,Red Bull Racing,0.784,321.0,303.0,18.0,16.0,SOFT,18.0,SOFT,True,standard,False
5,Montréal,Canadian Grand Prix,13,S1,PER,Cadillac,STR,Aston Martin,0.38,327.0,304.0,23.0,11.0,SOFT,13.0,SOFT,True,standard,False
5,Montréal,Canadian Grand Prix,13,S2,ANT,Mercedes,RUS,Mercedes,0.608,315.0,310.0,5.0,17.0,SOFT,16.0,SOFT,True,standard,False
5,Montréal,Canadian Grand Prix,13,S2,HAM,Ferrari,VER,Red Bull Racing,0.679,321.0,303.0,18.0,16.0,SOFT,18.0,SOFT,True,standard,False
5,Montréal,Canadian Grand Prix,13,S2,PER,Cadillac,STR,Aston Martin,0.343,327.0,304.0,23.0,11.0,SOFT,13.0,SOFT,True,standard,True
5,Montréal,Canadian Grand Prix,13,S3,ANT,Mercedes,RUS,Mercedes,0.78,315.0,310.0,5.0,17.0,SOFT,16.0,SOFT,True,standard,False
5,Montréal,Canadian Grand Prix,13,S3,HAM,Ferrari,VER,Red Bull Racing,0.573,321.0,303.0,18.0,16.0,SOFT,18.0,SOFT,True,standard,False
5,Montréal,Canadian Grand Prix,13,S3,STR,Aston Martin,PER,Cadillac,0.745,304.0,327.0,-23.0,13.0,SOFT,11.0,SOFT,True,standard,False
5,Montréal,Canadian Grand Prix,14,S1,ANT,Mercedes,RUS,Mercedes,0.75,320.0,316.0,4.0,18.0,SOFT,17.0,SOFT,True,standard,False
5,Montréal,Canadian Grand Prix,14,S1,HAM,Ferrari,VER,Red Bull Racing,0.855,323.0,306.0,17.0,17.0,SOFT,19.0,SOFT,True,standard,False
5,Montréal,Canadian Grand Prix,14,S2,ANT,Mercedes,RUS,Mercedes,0.831,320.0,316.0,4.0,18.0,SOFT,17.0,SOFT,True,standard,False
5,Montréal,Canadian Grand Prix,14,S2,HAM,Ferrari,VER,Red Bull Racing,0.841,323.0,306.0,17.0,17.0,SOFT,19.0,SOFT,True,standard,False
5,Montréal,Canadian Grand Prix,14,S2,HAD,Red Bull Racing,LEC,Ferrari,0.275,321.0,305.0,16.0,18.0,SOFT,18.0,SOFT,True,standard,False
5,Montréal,Canadian Grand Prix,14,S2,OCO,Haas F1 Team,ALO,Aston Martin,0.875,309.0,297.0,12.0,14.0,SOFT,14.0,SOFT,True,standard,False
5,Montréal,Canadian Grand Prix,14,S2,SAI,Williams,OCO,Haas F1 Team,0.947,320.0,309.0,11.0,20.0,MEDIUM,14.0,SOFT,True,standard,True
5,Montréal,Canadian Grand Prix,14,S3,ANT,Mercedes,RUS,Mercedes,0.714,320.0,316.0,4.0,18.0,SOFT,17.0,SOFT,True,standard,False
5,Montréal,Canadian Grand Prix,14,S3,HAM,Ferrari,VER,Red Bull Racing,0.599,323.0,306.0,17.0,17.0,SOFT,19.0,SOFT,True,standard,False
5,Montréal,Canadian Grand Prix,14,S3,HAD,Red Bull Racing,LEC,Ferrari,0.591,321.0,305.0,16.0,18.0,SOFT,18.0,SOFT,True,standard,False
5,Montréal,Canadian Grand Prix,14,S3,SAI,Williams,ALO,Aston Martin,0.644,320.0,297.0,23.0,20.0,MEDIUM,14.0,SOFT,True,standard,False
5,Montréal,Canadian Grand Prix,14,S3,OCO,Haas F1 Team,SAI,Williams,0.01,309.0,320.0,-11.0,14.0,SOFT,20.0,MEDIUM,True,standard,False
5,Montréal,Canadian Grand Prix,15,S1,ANT,Mercedes,RUS,Mercedes,0.739,313.0,308.0,5.0,19.0,SOFT,18.0,SOFT,True,standard,False
5,Montréal,Canadian Grand Prix,15,S1,HAM,Ferrari,VER,Red Bull Racing,0.82,325.0,311.0,14.0,18.0,SOFT,20.0,SOFT,True,standard,False
5,Montréal,Canadian Grand Prix,15,S1,HAD,Red Bull Racing,LEC,Ferrari,0.654,321.0,305.0,16.0,19.0,SOFT,19.0,SOFT,True,standard,False
5,Montréal,Canadian Grand Prix,15,S1,SAI,Williams,ALO,Aston Martin,0.261,294.0,322.0,-28.0,21.0,MEDIUM,15.0,SOFT,True,standard,True
5,Montréal,Canadian Grand Prix,15,S1,OCO,Haas F1 Team,SAI,Williams,0.695,327.0,294.0,33.0,15.0,SOFT,21.0,MEDIUM,True,standard,False
5,Montréal,Canadian Grand Prix,15,S2,ANT,Mercedes,RUS,Mercedes,0.684,313.0,308.0,5.0,19.0,SOFT,18.0,SOFT,True,standard,False
5,Montréal,Canadian Grand Prix,15,S2,HAM,Ferrari,VER,Red Bull Racing,0.811,325.0,311.0,14.0,18.0,SOFT,20.0,SOFT,True,standard,False
5,Montréal,Canadian Grand Prix,15,S2,HAD,Red Bull Racing,LEC,Ferrari,0.897,321.0,305.0,16.0,19.0,SOFT,19.0,SOFT,True,standard,False
5,Montréal,Canadian Grand Prix,15,S2,ALO,Aston Martin,SAI,Williams,0.571,322.0,294.0,28.0,15.0,SOFT,21.0,MEDIUM,True,standard,False
5,Montréal,Canadian Grand Prix,15,S2,OCO,Haas F1 Team,ALO,Aston Martin,0.299,327.0,322.0,5.0,15.0,SOFT,15.0,SOFT,True,standard,False
5,Montréal,Canadian Grand Prix,15,S3,ANT,Mercedes,RUS,Mercedes,0.558,313.0,308.0,5.0,19.0,SOFT,18.0,SOFT,True,standard,False
5,Montréal,Canadian Grand Prix,15,S3,HAM,Ferrari,VER,Red Bull Racing,0.684,325.0,311.0,14.0,18.0,SOFT,20.0,SOFT,True,standard,False
5,Montréal,Canadian Grand Prix,15,S3,HAD,Red Bull Racing,LEC,Ferrari,0.675,321.0,305.0,16.0,19.0,SOFT,19.0,SOFT,True,standard,False
5,Montréal,Canadian Grand Prix,15,S3,ALO,Aston Martin,SAI,Williams,0.619,322.0,294.0,28.0,15.0,SOFT,21.0,MEDIUM,True,standard,False
5,Montréal,Canadian Grand Prix,15,S3,OCO,Haas F1 Team,ALO,Aston Martin,0.113,327.0,322.0,5.0,15.0,SOFT,15.0,SOFT,True,standard,False
5,Montréal,Canadian Grand Prix,15,S3,NOR,McLaren,OCO,Haas F1 Team,0.859,322.0,327.0,-5.0,13.0,MEDIUM,15.0,SOFT,True,standard,False
5,Montréal,Canadian Grand Prix,16,S1,ANT,Mercedes,RUS,Mercedes,0.622,325.0,316.0,9.0,20.0,SOFT,19.0,SOFT,True,standard,False
5,Montréal,Canadian Grand Prix,16,S1,HAM,Ferrari,VER,Red Bull Racing,0.828,323.0,306.0,17.0,19.0,SOFT,21.0,SOFT,True,standard,False
5,Montréal,Canadian Grand Prix,16,S1,HAD,Red Bull Racing,LEC,Ferrari,0.668,320.0,303.0,17.0,20.0,SOFT,20.0,SOFT,True,standard,False
5,Montréal,Canadian Grand Prix,16,S1,OCO,Haas F1 Team,ALO,Aston Martin,0.465,308.0,309.0,-1.0,16.0,SOFT,16.0,SOFT,True,standard,False
5,Montréal,Canadian Grand Prix,16,S1,HUL,Audi,NOR,McLaren,0.251,310.0,305.0,5.0,18.0,SOFT,4.0,MEDIUM,True,standard,False
5,Montréal,Canadian Grand Prix,16,S2,ANT,Mercedes,RUS,Mercedes,0.552,325.0,316.0,9.0,20.0,SOFT,19.0,SOFT,True,standard,False
5,Montréal,Canadian Grand Prix,16,S2,HAM,Ferrari,VER,Red Bull Racing,0.687,323.0,306.0,17.0,19.0,SOFT,21.0,SOFT,True,standard,False
5,Montréal,Canadian Grand Prix,16,S2,HAD,Red Bull Racing,LEC,Ferrari,0.903,320.0,303.0,17.0,20.0,SOFT,20.0,SOFT,True,standard,False
5,Montréal,Canadian Grand Prix,16,S2,OCO,Haas F1 Team,ALO,Aston Martin,0.216,308.0,309.0,-1.0,16.0,SOFT,16.0,SOFT,True,standard,False
5,Montréal,Canadian Grand Prix,16,S2,HUL,Audi,NOR,McLaren,0.36,310.0,305.0,5.0,18.0,SOFT,4.0,MEDIUM,True,standard,True
5,Montréal,Canadian Grand Prix,16,S3,ANT,Mercedes,RUS,Mercedes,0.492,325.0,316.0,9.0,20.0,SOFT,19.0,SOFT,True,standard,False
5,Montréal,Canadian Grand Prix,16,S3,HAM,Ferrari,VER,Red Bull Racing,0.559,323.0,306.0,17.0,19.0,SOFT,21.0,SOFT,True,standard,False
5,Montréal,Canadian Grand Prix,16,S3,HAD,Red Bull Racing,LEC,Ferrari,0.629,320.0,303.0,17.0,20.0,SOFT,20.0,SOFT,True,standard,False
5,Montréal,Canadian Grand Prix,17,S1,ANT,Mercedes,RUS,Mercedes,0.458,315.0,313.0,2.0,21.0,SOFT,20.0,SOFT,True,standard,False
5,Montréal,Canadian Grand Prix,17,S1,HAM,Ferrari,VER,Red Bull Racing,0.861,322.0,303.0,19.0,20.0,SOFT,22.0,SOFT,True,standard,False
5,Montréal,Canadian Grand Prix,17,S1,HAD,Red Bull Racing,LEC,Ferrari,0.66,324.0,305.0,19.0,21.0,SOFT,21.0,SOFT,True,standard,False
5,Montréal,Canadian Grand Prix,17,S2,ANT,Mercedes,RUS,Mercedes,0.487,315.0,313.0,2.0,21.0,SOFT,20.0,SOFT,True,standard,False
5,Montréal,Canadian Grand Prix,17,S2,HAM,Ferrari,VER,Red Bull Racing,0.847,322.0,303.0,19.0,20.0,SOFT,22.0,SOFT,True,standard,False
5,Montréal,Canadian Grand Prix,17,S2,HAD,Red Bull Racing,LEC,Ferrari,0.603,324.0,305.0,19.0,21.0,SOFT,21.0,SOFT,True,standard,False
5,Montréal,Canadian Grand Prix,17,S2,HUL,Audi,ALO,Aston Martin,0.253,304.0,296.0,8.0,19.0,SOFT,17.0,SOFT,True,standard,True
5,Montréal,Canadian Grand Prix,17,S3,ANT,Mercedes,RUS,Mercedes,0.478,315.0,313.0,2.0,21.0,SOFT,20.0,SOFT,True,standard,False
5,Montréal,Canadian Grand Prix,17,S3,HAM,Ferrari,VER,Red Bull Racing,0.539,322.0,303.0,19.0,20.0,SOFT,22.0,SOFT,True,standard,False
5,Montréal,Canadian Grand Prix,17,S3,HAD,Red Bull Racing,LEC,Ferrari,0.575,324.0,305.0,19.0,21.0,SOFT,21.0,SOFT,True,standard,False
5,Montréal,Canadian Grand Prix,17,S3,ALO,Aston Martin,HUL,Audi,0.728,296.0,304.0,-8.0,17.0,SOFT,19.0,SOFT,True,standard,False
5,Montréal,Canadian Grand Prix,17,S3,NOR,McLaren,ALO,Aston Martin,0.093,313.0,296.0,17.0,5.0,MEDIUM,17.0,SOFT,True,standard,True
5,Montréal,Canadian Grand Prix,18,S1,ANT,Mercedes,RUS,Mercedes,0.55,326.0,314.0,12.0,22.0,SOFT,21.0,SOFT,True,standard,False
5,Montréal,Canadian Grand Prix,18,S1,HAM,Ferrari,VER,Red Bull Racing,0.926,320.0,302.0,18.0,21.0,SOFT,23.0,SOFT,True,standard,False
5,Montréal,Canadian Grand Prix,18,S1,HAD,Red Bull Racing,LEC,Ferrari,0.741,322.0,305.0,17.0,22.0,SOFT,22.0,SOFT,True,standard,False
5,Montréal,Canadian Grand Prix,18,S2,ANT,Mercedes,RUS,Mercedes,0.654,326.0,314.0,12.0,22.0,SOFT,21.0,SOFT,True,standard,False
5,Montréal,Canadian Grand Prix,18,S2,HAD,Red Bull Racing,LEC,Ferrari,0.781,322.0,305.0,17.0,22.0,SOFT,22.0,SOFT,True,standard,False
5,Montréal,Canadian Grand Prix,18,S3,ANT,Mercedes,RUS,Mercedes,0.458,326.0,314.0,12.0,22.0,SOFT,21.0,SOFT,True,standard,False
5,Montréal,Canadian Grand Prix,18,S3,HAM,Ferrari,VER,Red Bull Racing,0.704,320.0,302.0,18.0,21.0,SOFT,23.0,SOFT,True,standard,False
5,Montréal,Canadian Grand Prix,18,S3,HAD,Red Bull Racing,LEC,Ferrari,0.722,322.0,305.0,17.0,22.0,SOFT,22.0,SOFT,True,standard,False
5,Montréal,Canadian Grand Prix,19,S1,ANT,Mercedes,RUS,Mercedes,0.557,330.0,320.0,10.0,23.0,SOFT,22.0,SOFT,True,standard,False
5,Montréal,Canadian Grand Prix,19,S1,HAM,Ferrari,VER,Red Bull Racing,0.962,321.0,302.0,19.0,22.0,SOFT,24.0,SOFT,True,standard,False
5,Montréal,Canadian Grand Prix,19,S1,HAD,Red Bull Racing,LEC,Ferrari,0.708,321.0,305.0,16.0,23.0,SOFT,23.0,SOFT,True,standard,False
5,Montréal,Canadian Grand Prix,19,S1,BOR,Audi,OCO,Haas F1 Team,0.454,302.0,299.0,3.0,1.0,MEDIUM,3.0,MEDIUM,True,standard,False
5,Montréal,Canadian Grand Prix,19,S2,ANT,Mercedes,RUS,Mercedes,0.544,330.0,320.0,10.0,23.0,SOFT,22.0,SOFT,True,standard,False
5,Montréal,Canadian Grand Prix,19,S2,HAM,Ferrari,VER,Red Bull Racing,0.871,321.0,302.0,19.0,22.0,SOFT,24.0,SOFT,True,standard,False
5,Montréal,Canadian Grand Prix,19,S2,HAD,Red Bull Racing,LEC,Ferrari,0.886,321.0,305.0,16.0,23.0,SOFT,23.0,SOFT,True,standard,False
5,Montréal,Canadian Grand Prix,19,S3,ANT,Mercedes,RUS,Mercedes,0.469,330.0,320.0,10.0,23.0,SOFT,22.0,SOFT,True,standard,False
5,Montréal,Canadian Grand Prix,19,S3,HAM,Ferrari,VER,Red Bull Racing,0.565,321.0,302.0,19.0,22.0,SOFT,24.0,SOFT,True,standard,False
5,Montréal,Canadian Grand Prix,19,S3,HAD,Red Bull Racing,LEC,Ferrari,0.847,321.0,305.0,16.0,23.0,SOFT,23.0,SOFT,True,standard,False
5,Montréal,Canadian Grand Prix,20,S1,ANT,Mercedes,RUS,Mercedes,0.518,327.0,315.0,12.0,24.0,SOFT,23.0,SOFT,True,standard,False
5,Montréal,Canadian Grand Prix,20,S1,HAM,Ferrari,VER,Red Bull Racing,0.736,322.0,303.0,19.0,23.0,SOFT,25.0,SOFT,True,standard,False
5,Montréal,Canadian Grand Prix,20,S1,HAD,Red Bull Racing,LEC,Ferrari,0.827,320.0,306.0,14.0,24.0,SOFT,24.0,SOFT,True,standard,False
5,Montréal,Canadian Grand Prix,20,S2,ANT,Mercedes,RUS,Mercedes,0.569,327.0,315.0,12.0,24.0,SOFT,23.0,SOFT,True,standard,False
5,Montréal,Canadian Grand Prix,20,S2,HAM,Ferrari,VER,Red Bull Racing,0.578,322.0,303.0,19.0,23.0,SOFT,25.0,SOFT,True,standard,False
5,Montréal,Canadian Grand Prix,20,S2,HAD,Red Bull Racing,LEC,Ferrari,0.984,320.0,306.0,14.0,24.0,SOFT,24.0,SOFT,True,standard,False
5,Montréal,Canadian Grand Prix,20,S2,NOR,McLaren,HUL,Audi,0.779,311.0,311.0,0.0,8.0,MEDIUM,22.0,SOFT,True,standard,True
5,Montréal,Canadian Grand Prix,20,S3,ANT,Mercedes,RUS,Mercedes,0.49,327.0,315.0,12.0,24.0,SOFT,23.0,SOFT,True,standard,False
5,Montréal,Canadian Grand Prix,20,S3,HAM,Ferrari,VER,Red Bull Racing,0.346,322.0,303.0,19.0,23.0,SOFT,25.0,SOFT,True,standard,False
5,Montréal,Canadian Grand Prix,20,S3,OCO,Haas F1 Team,ALO,Aston Martin,0.472,298.0,297.0,1.0,4.0,MEDIUM,20.0,SOFT,True,standard,True
5,Montréal,Canadian Grand Prix,21,S1,ANT,Mercedes,RUS,Mercedes,0.525,339.0,316.0,23.0,25.0,SOFT,24.0,SOFT,True,standard,False
5,Montréal,Canadian Grand Prix,21,S1,HAM,Ferrari,VER,Red Bull Racing,0.627,320.0,301.0,19.0,24.0,SOFT,26.0,SOFT,True,standard,False
5,Montréal,Canadian Grand Prix,21,S1,HAD,Red Bull Racing,LEC,Ferrari,0.936,316.0,306.0,10.0,25.0,SOFT,25.0,SOFT,True,standard,False
5,Montréal,Canadian Grand Prix,21,S1,BOR,Audi,ALO,Aston Martin,0.239,303.0,307.0,-4.0,3.0,MEDIUM,1.0,SOFT,True,standard,True
5,Montréal,Canadian Grand Prix,21,S2,ANT,Mercedes,RUS,Mercedes,0.487,339.0,316.0,23.0,25.0,SOFT,24.0,SOFT,True,standard,False
5,Montréal,Canadian Grand Prix,21,S2,HAM,Ferrari,VER,Red Bull Racing,0.663,320.0,301.0,19.0,24.0,SOFT,26.0,SOFT,True,standard,False
5,Montréal,Canadian Grand Prix,21,S2,ALO,Aston Martin,BOR,Audi,0.882,307.0,303.0,4.0,1.0,SOFT,3.0,MEDIUM,True,standard,False
5,Montréal,Canadian Grand Prix,21,S3,ANT,Mercedes,RUS,Mercedes,0.17,339.0,316.0,23.0,25.0,SOFT,24.0,SOFT,True,standard,False
5,Montréal,Canadian Grand Prix,21,S3,HAM,Ferrari,VER,Red Bull Racing,0.455,320.0,301.0,19.0,24.0,SOFT,26.0,SOFT,True,standard,False
5,Montréal,Canadian Grand Prix,22,S1,ANT,Mercedes,RUS,Mercedes,0.507,328.0,312.0,16.0,26.0,SOFT,25.0,SOFT,True,standard,False
5,Montréal,Canadian Grand Prix,22,S1,HAM,Ferrari,VER,Red Bull Racing,0.672,311.0,306.0,5.0,25.0,SOFT,27.0,SOFT,True,standard,False
5,Montréal,Canadian Grand Prix,22,S2,ANT,Mercedes,RUS,Mercedes,0.644,328.0,312.0,16.0,26.0,SOFT,25.0,SOFT,True,standard,True
5,Montréal,Canadian Grand Prix,22,S3,RUS,Mercedes,ANT,Mercedes,0.305,312.0,328.0,-16.0,25.0,SOFT,26.0,SOFT,True,standard,False
5,Montréal,Canadian Grand Prix,23,S1,RUS,Mercedes,ANT,Mercedes,0.857,335.0,327.0,8.0,26.0,SOFT,27.0,SOFT,True,standard,False
5,Montréal,Canadian Grand Prix,23,S2,RUS,Mercedes,ANT,Mercedes,0.837,335.0,327.0,8.0,26.0,SOFT,27.0,SOFT,True,standard,False
5,Montréal,Canadian Grand Prix,23,S3,RUS,Mercedes,ANT,Mercedes,0.769,335.0,327.0,8.0,26.0,SOFT,27.0,SOFT,True,standard,False
5,Montréal,Canadian Grand Prix,24,S1,RUS,Mercedes,ANT,Mercedes,0.992,318.0,325.0,-7.0,27.0,SOFT,28.0,SOFT,True,standard,False
5,Montréal,Canadian Grand Prix,24,S2,RUS,Mercedes,ANT,Mercedes,0.826,318.0,325.0,-7.0,27.0,SOFT,28.0,SOFT,True,standard,False
5,Montréal,Canadian Grand Prix,24,S2,PER,Cadillac,ALO,Aston Martin,0.775,332.0,309.0,23.0,9.0,MEDIUM,4.0,SOFT,True,standard,False
5,Montréal,Canadian Grand Prix,25,S1,RUS,Mercedes,ANT,Mercedes,0.78,324.0,325.0,-1.0,28.0,SOFT,29.0,SOFT,True,standard,True
5,Montréal,Canadian Grand Prix,25,S2,ANT,Mercedes,RUS,Mercedes,0.57,325.0,324.0,1.0,29.0,SOFT,28.0,SOFT,True,standard,False
5,Montréal,Canadian Grand Prix,25,S3,ANT,Mercedes,RUS,Mercedes,0.373,325.0,324.0,1.0,29.0,SOFT,28.0,SOFT,True,standard,False
5,Montréal,Canadian Grand Prix,26,S1,ANT,Mercedes,RUS,Mercedes,0.577,338.0,310.0,28.0,30.0,SOFT,29.0,SOFT,True,standard,False
5,Montréal,Canadian Grand Prix,26,S1,BOR,Audi,OCO,Haas F1 Team,0.982,316.0,299.0,17.0,8.0,MEDIUM,10.0,MEDIUM,True,standard,False
5,Montréal,Canadian Grand Prix,26,S2,ANT,Mercedes,RUS,Mercedes,0.607,338.0,310.0,28.0,30.0,SOFT,29.0,SOFT,True,standard,False
5,Montréal,Canadian Grand Prix,26,S2,BOR,Audi,OCO,Haas F1 Team,0.908,316.0,299.0,17.0,8.0,MEDIUM,10.0,MEDIUM,True,standard,False
5,Montréal,Canadian Grand Prix,26,S3,ANT,Mercedes,RUS,Mercedes,0.532,338.0,310.0,28.0,30.0,SOFT,29.0,SOFT,True,standard,False
5,Montréal,Canadian Grand Prix,26,S3,BOR,Audi,OCO,Haas F1 Team,0.594,316.0,299.0,17.0,8.0,MEDIUM,10.0,MEDIUM,True,standard,False
5,Montréal,Canadian Grand Prix,27,S1,ANT,Mercedes,RUS,Mercedes,0.632,335.0,311.0,24.0,31.0,SOFT,30.0,SOFT,True,standard,False
5,Montréal,Canadian Grand Prix,27,S1,BOR,Audi,OCO,Haas F1 Team,0.376,336.0,308.0,28.0,9.0,MEDIUM,11.0,MEDIUM,True,standard,False
5,Montréal,Canadian Grand Prix,27,S2,ANT,Mercedes,RUS,Mercedes,0.557,335.0,311.0,24.0,31.0,SOFT,30.0,SOFT,True,standard,False
5,Montréal,Canadian Grand Prix,27,S2,BOR,Audi,OCO,Haas F1 Team,0.333,336.0,308.0,28.0,9.0,MEDIUM,11.0,MEDIUM,True,standard,True
5,Montréal,Canadian Grand Prix,27,S3,ANT,Mercedes,RUS,Mercedes,0.23,335.0,311.0,24.0,31.0,SOFT,30.0,SOFT,True,standard,False
5,Montréal,Canadian Grand Prix,27,S3,OCO,Haas F1 Team,BOR,Audi,0.571,308.0,336.0,-28.0,11.0,MEDIUM,9.0,MEDIUM,True,standard,False
5,Montréal,Canadian Grand Prix,28,S1,ANT,Mercedes,RUS,Mercedes,0.37,338.0,311.0,27.0,32.0,SOFT,31.0,SOFT,True,standard,False
5,Montréal,Canadian Grand Prix,28,S2,ANT,Mercedes,RUS,Mercedes,0.563,338.0,311.0,27.0,32.0,SOFT,31.0,SOFT,True,standard,False
5,Montréal,Canadian Grand Prix,28,S3,ANT,Mercedes,RUS,Mercedes,0.385,338.0,311.0,27.0,32.0,SOFT,31.0,SOFT,True,standard,False
5,Montréal,Canadian Grand Prix,29,S1,ANT,Mercedes,RUS,Mercedes,0.825,338.0,316.0,22.0,33.0,SOFT,32.0,SOFT,True,standard,False
5,Montréal,Canadian Grand Prix,29,S2,ANT,Mercedes,RUS,Mercedes,0.795,338.0,316.0,22.0,33.0,SOFT,32.0,SOFT,True,standard,False
5,Montréal,Canadian Grand Prix,29,S3,ANT,Mercedes,RUS,Mercedes,0.596,338.0,316.0,22.0,33.0,SOFT,32.0,SOFT,True,standard,False
5,Montréal,Canadian Grand Prix,31,S1,PER,Cadillac,OCO,Haas F1 Team,0.59,309.0,297.0,12.0,2.0,SOFT,1.0,SOFT,True,standard,False
5,Montréal,Canadian Grand Prix,31,S3,PER,Cadillac,OCO,Haas F1 Team,0.72,309.0,297.0,12.0,2.0,SOFT,1.0,SOFT,True,standard,False
5,Montréal,Canadian Grand Prix,32,S1,PER,Cadillac,OCO,Haas F1 Team,0.338,326.0,304.0,22.0,3.0,SOFT,2.0,SOFT,True,standard,False
5,Montréal,Canadian Grand Prix,32,S2,PER,Cadillac,OCO,Haas F1 Team,0.557,326.0,304.0,22.0,3.0,SOFT,2.0,SOFT,True,standard,False
5,Montréal,Canadian Grand Prix,32,S3,PER,Cadillac,OCO,Haas F1 Team,0.463,326.0,304.0,22.0,3.0,SOFT,2.0,SOFT,True,standard,False
5,Montréal,Canadian Grand Prix,33,S1,PER,Cadillac,OCO,Haas F1 Team,0.522,211.0,314.0,-103.0,4.0,SOFT,3.0,SOFT,True,standard,False
5,Montréal,Canadian Grand Prix,33,S2,PER,Cadillac,OCO,Haas F1 Team,0.914,211.0,314.0,-103.0,4.0,SOFT,3.0,SOFT,True,standard,False
5,Montréal,Canadian Grand Prix,33,S3,LEC,Ferrari,HAD,Red Bull Racing,0.76,314.0,308.0,6.0,2.0,MEDIUM,2.0,MEDIUM,True,standard,False
5,Montréal,Canadian Grand Prix,34,S1,LEC,Ferrari,HAD,Red Bull Racing,0.79,304.0,305.0,-1.0,3.0,MEDIUM,3.0,MEDIUM,True,standard,False
5,Montréal,Canadian Grand Prix,34,S2,LEC,Ferrari,HAD,Red Bull Racing,0.414,304.0,305.0,-1.0,3.0,MEDIUM,3.0,MEDIUM,True,standard,False
5,Montréal,Canadian Grand Prix,34,S3,LEC,Ferrari,HAD,Red Bull Racing,0.463,304.0,305.0,-1.0,3.0,MEDIUM,3.0,MEDIUM,True,standard,False
5,Montréal,Canadian Grand Prix,35,S1,LEC,Ferrari,HAD,Red Bull Racing,0.765,320.0,301.0,19.0,4.0,MEDIUM,4.0,MEDIUM,True,standard,False
5,Montréal,Canadian Grand Prix,35,S2,LEC,Ferrari,HAD,Red Bull Racing,0.558,320.0,301.0,19.0,4.0,MEDIUM,4.0,MEDIUM,True,standard,False
5,Montréal,Canadian Grand Prix,35,S3,LEC,Ferrari,HAD,Red Bull Racing,0.232,320.0,301.0,19.0,4.0,MEDIUM,4.0,MEDIUM,True,standard,False
5,Montréal,Canadian Grand Prix,35,S3,NOR,McLaren,GAS,Alpine,0.858,307.0,304.0,3.0,23.0,MEDIUM,5.0,HARD,True,standard,False
5,Montréal,Canadian Grand Prix,36,S1,LEC,Ferrari,HAD,Red Bull Racing,0.466,322.0,305.0,17.0,5.0,MEDIUM,5.0,MEDIUM,True,standard,False
5,Montréal,Canadian Grand Prix,36,S1,NOR,McLaren,GAS,Alpine,0.766,335.0,306.0,29.0,24.0,MEDIUM,6.0,HARD,True,standard,False
5,Montréal,Canadian Grand Prix,36,S2,LEC,Ferrari,HAD,Red Bull Racing,0.722,322.0,305.0,17.0,5.0,MEDIUM,5.0,MEDIUM,True,standard,False
5,Montréal,Canadian Grand Prix,36,S2,NOR,McLaren,GAS,Alpine,0.5,335.0,306.0,29.0,24.0,MEDIUM,6.0,HARD,True,standard,True
5,Montréal,Canadian Grand Prix,36,S2,PER,Cadillac,OCO,Haas F1 Team,0.999,305.0,313.0,-8.0,7.0,SOFT,6.0,SOFT,True,standard,False
5,Montréal,Canadian Grand Prix,36,S3,LEC,Ferrari,HAD,Red Bull Racing,0.395,322.0,305.0,17.0,5.0,MEDIUM,5.0,MEDIUM,True,standard,False
5,Montréal,Canadian Grand Prix,36,S3,GAS,Alpine,NOR,McLaren,0.53,306.0,335.0,-29.0,6.0,HARD,24.0,MEDIUM,True,standard,False
5,Montréal,Canadian Grand Prix,37,S1,LEC,Ferrari,HAD,Red Bull Racing,0.588,330.0,316.0,14.0,6.0,MEDIUM,6.0,MEDIUM,True,standard,False
5,Montréal,Canadian Grand Prix,37,S1,GAS,Alpine,NOR,McLaren,0.873,318.0,300.0,18.0,7.0,HARD,25.0,MEDIUM,True,standard,False
5,Montréal,Canadian Grand Prix,37,S2,LEC,Ferrari,HAD,Red Bull Racing,0.534,330.0,316.0,14.0,6.0,MEDIUM,6.0,MEDIUM,True,standard,False
5,Montréal,Canadian Grand Prix,37,S2,PER,Cadillac,OCO,Haas F1 Team,0.848,313.0,314.0,-1.0,8.0,SOFT,7.0,SOFT,True,standard,False
5,Montréal,Canadian Grand Prix,37,S3,LEC,Ferrari,HAD,Red Bull Racing,0.233,330.0,316.0,14.0,6.0,MEDIUM,6.0,MEDIUM,True,standard,False
5,Montréal,Canadian Grand Prix,37,S3,PER,Cadillac,OCO,Haas F1 Team,0.52,313.0,314.0,-1.0,8.0,SOFT,7.0,SOFT,True,standard,False
5,Montréal,Canadian Grand Prix,38,S1,LEC,Ferrari,HAD,Red Bull Racing,0.596,332.0,310.0,22.0,7.0,MEDIUM,7.0,MEDIUM,True,standard,False
5,Montréal,Canadian Grand Prix,38,S1,PER,Cadillac,OCO,Haas F1 Team,0.595,340.0,312.0,28.0,9.0,SOFT,8.0,SOFT,True,standard,False
5,Montréal,Canadian Grand Prix,38,S2,LEC,Ferrari,HAD,Red Bull Racing,0.567,332.0,310.0,22.0,7.0,MEDIUM,7.0,MEDIUM,True,standard,False
5,Montréal,Canadian Grand Prix,38,S2,NOR,McLaren,LAW,Racing Bulls,0.827,308.0,299.0,9.0,26.0,MEDIUM,8.0,SOFT,True,standard,False
5,Montréal,Canadian Grand Prix,38,S2,PER,Cadillac,OCO,Haas F1 Team,0.69,340.0,312.0,28.0,9.0,SOFT,8.0,SOFT,True,standard,True
5,Montréal,Canadian Grand Prix,38,S3,LEC,Ferrari,HAD,Red Bull Racing,0.185,332.0,310.0,22.0,7.0,MEDIUM,7.0,MEDIUM,True,standard,False
5,Montréal,Canadian Grand Prix,38,S3,NOR,McLaren,LAW,Racing Bulls,0.619,308.0,299.0,9.0,26.0,MEDIUM,8.0,SOFT,True,standard,False
5,Montréal,Canadian Grand Prix,38,S3,OCO,Haas F1 Team,PER,Cadillac,0.19,312.0,340.0,-28.0,8.0,SOFT,9.0,SOFT,True,standard,False
5,Montréal,Canadian Grand Prix,39,S1,LEC,Ferrari,HAD,Red Bull Racing,0.415,316.0,308.0,8.0,8.0,MEDIUM,8.0,MEDIUM,True,standard,False
5,Montréal,Canadian Grand Prix,39,S2,LEC,Ferrari,HAD,Red Bull Racing,0.43,316.0,308.0,8.0,8.0,MEDIUM,8.0,MEDIUM,True,standard,True
5,Montréal,Canadian Grand Prix,39,S2,OCO,Haas F1 Team,PER,Cadillac,0.229,340.0,302.0,38.0,9.0,SOFT,10.0,SOFT,True,standard,True
5,Montréal,Canadian Grand Prix,39,S3,HAD,Red Bull Racing,LEC,Ferrari,0.516,308.0,316.0,-8.0,8.0,MEDIUM,8.0,MEDIUM,True,standard,False
5,Montréal,Canadian Grand Prix,39,S3,PER,Cadillac,OCO,Haas F1 Team,0.437,302.0,340.0,-38.0,10.0,SOFT,9.0,SOFT,True,standard,False
5,Montréal,Canadian Grand Prix,40,S1,HAD,Red Bull Racing,LEC,Ferrari,0.843,319.0,305.0,14.0,9.0,MEDIUM,9.0,MEDIUM,True,standard,False
5,Montréal,Canadian Grand Prix,40,S1,PER,Cadillac,OCO,Haas F1 Team,0.627,289.0,321.0,-32.0,11.0,SOFT,10.0,SOFT,True,standard,False
5,Montréal,Canadian Grand Prix,40,S2,PER,Cadillac,OCO,Haas F1 Team,0.771,289.0,321.0,-32.0,11.0,SOFT,10.0,SOFT,True,standard,False
5,Montréal,Canadian Grand Prix,46,S3,HAD,Red Bull Racing,LEC,Ferrari,0.887,326.0,303.0,23.0,15.0,MEDIUM,15.0,MEDIUM,True,standard,False
5,Montréal,Canadian Grand Prix,51,S2,HAD,Red Bull Racing,LEC,Ferrari,0.995,313.0,300.0,13.0,20.0,MEDIUM,20.0,MEDIUM,True,standard,False
5,Montréal,Canadian Grand Prix,51,S2,GAS,Alpine,LAW,Racing Bulls,0.937,320.0,310.0,10.0,21.0,HARD,21.0,SOFT,True,standard,False
5,Montréal,Canadian Grand Prix,51,S3,HAD,Red Bull Racing,LEC,Ferrari,0.886,313.0,300.0,13.0,20.0,MEDIUM,20.0,MEDIUM,True,standard,False
5,Montréal,Canadian Grand Prix,51,S3,GAS,Alpine,LAW,Racing Bulls,0.882,320.0,310.0,10.0,21.0,HARD,21.0,SOFT,True,standard,False
5,Montréal,Canadian Grand Prix,52,S1,HAD,Red Bull Racing,LEC,Ferrari,0.912,233.0,211.0,22.0,21.0,MEDIUM,21.0,MEDIUM,True,standard,False
5,Montréal,Canadian Grand Prix,52,S1,GAS,Alpine,LAW,Racing Bulls,0.632,244.0,277.0,-33.0,22.0,HARD,22.0,SOFT,True,standard,False
5,Montréal,Canadian Grand Prix,52,S2,GAS,Alpine,LAW,Racing Bulls,0.739,244.0,277.0,-33.0,22.0,HARD,22.0,SOFT,True,standard,False
5,Montréal,Canadian Grand Prix,53,S1,GAS,Alpine,LAW,Racing Bulls,0.619,318.0,317.0,1.0,23.0,HARD,23.0,SOFT,True,standard,False
5,Montréal,Canadian Grand Prix,53,S2,GAS,Alpine,LAW,Racing Bulls,0.721,318.0,317.0,1.0,23.0,HARD,23.0,SOFT,True,standard,False
5,Montréal,Canadian Grand Prix,55,S2,HAM,Ferrari,VER,Red Bull Racing,0.824,316.0,304.0,12.0,24.0,MEDIUM,24.0,MEDIUM,True,standard,False
5,Montréal,Canadian Grand Prix,55,S2,GAS,Alpine,LAW,Racing Bulls,0.996,312.0,304.0,8.0,25.0,HARD,25.0,SOFT,True,standard,False
5,Montréal,Canadian Grand Prix,55,S3,HAM,Ferrari,VER,Red Bull Racing,0.688,316.0,304.0,12.0,24.0,MEDIUM,24.0,MEDIUM,True,standard,False
5,Montréal,Canadian Grand Prix,55,S3,GAS,Alpine,LAW,Racing Bulls,0.865,312.0,304.0,8.0,25.0,HARD,25.0,SOFT,True,standard,False
5,Montréal,Canadian Grand Prix,56,S1,HAM,Ferrari,VER,Red Bull Racing,0.822,328.0,303.0,25.0,25.0,MEDIUM,25.0,MEDIUM,True,standard,False
5,Montréal,Canadian Grand Prix,56,S1,GAS,Alpine,LAW,Racing Bulls,0.939,314.0,303.0,11.0,26.0,HARD,26.0,SOFT,True,standard,False
5,Montréal,Canadian Grand Prix,56,S2,HAM,Ferrari,VER,Red Bull Racing,0.676,328.0,303.0,25.0,25.0,MEDIUM,25.0,MEDIUM,True,standard,False
5,Montréal,Canadian Grand Prix,56,S2,GAS,Alpine,LAW,Racing Bulls,0.794,314.0,303.0,11.0,26.0,HARD,26.0,SOFT,True,standard,False
5,Montréal,Canadian Grand Prix,56,S3,HAM,Ferrari,VER,Red Bull Racing,0.301,328.0,303.0,25.0,25.0,MEDIUM,25.0,MEDIUM,True,standard,False
5,Montréal,Canadian Grand Prix,56,S3,GAS,Alpine,LAW,Racing Bulls,0.786,314.0,303.0,11.0,26.0,HARD,26.0,SOFT,True,standard,False
5,Montréal,Canadian Grand Prix,57,S1,HAM,Ferrari,VER,Red Bull Racing,0.602,320.0,303.0,17.0,26.0,MEDIUM,26.0,MEDIUM,True,standard,False
5,Montréal,Canadian Grand Prix,57,S1,GAS,Alpine,LAW,Racing Bulls,0.86,311.0,303.0,8.0,27.0,HARD,27.0,SOFT,True,standard,False
5,Montréal,Canadian Grand Prix,57,S2,HAM,Ferrari,VER,Red Bull Racing,0.501,320.0,303.0,17.0,26.0,MEDIUM,26.0,MEDIUM,True,standard,False
5,Montréal,Canadian Grand Prix,57,S2,GAS,Alpine,LAW,Racing Bulls,0.843,311.0,303.0,8.0,27.0,HARD,27.0,SOFT,True,standard,False
5,Montréal,Canadian Grand Prix,57,S3,HAM,Ferrari,VER,Red Bull Racing,0.334,320.0,303.0,17.0,26.0,MEDIUM,26.0,MEDIUM,True,standard,False
5,Montréal,Canadian Grand Prix,57,S3,GAS,Alpine,LAW,Racing Bulls,0.765,311.0,303.0,8.0,27.0,HARD,27.0,SOFT,True,standard,False
5,Montréal,Canadian Grand Prix,58,S1,HAM,Ferrari,VER,Red Bull Racing,0.756,315.0,298.0,17.0,27.0,MEDIUM,27.0,MEDIUM,True,standard,False
5,Montréal,Canadian Grand Prix,58,S1,GAS,Alpine,LAW,Racing Bulls,0.718,316.0,308.0,8.0,28.0,HARD,28.0,SOFT,True,standard,False
5,Montréal,Canadian Grand Prix,58,S2,HAM,Ferrari,VER,Red Bull Racing,0.778,315.0,298.0,17.0,27.0,MEDIUM,27.0,MEDIUM,True,standard,False
5,Montréal,Canadian Grand Prix,58,S2,GAS,Alpine,LAW,Racing Bulls,0.7,316.0,308.0,8.0,28.0,HARD,28.0,SOFT,True,standard,False
5,Montréal,Canadian Grand Prix,58,S3,HAM,Ferrari,VER,Red Bull Racing,0.457,315.0,298.0,17.0,27.0,MEDIUM,27.0,MEDIUM,True,standard,False
5,Montréal,Canadian Grand Prix,58,S3,GAS,Alpine,LAW,Racing Bulls,0.645,316.0,308.0,8.0,28.0,HARD,28.0,SOFT,True,standard,False
5,Montréal,Canadian Grand Prix,59,S1,HAM,Ferrari,VER,Red Bull Racing,0.868,327.0,302.0,25.0,28.0,MEDIUM,28.0,MEDIUM,True,standard,False
5,Montréal,Canadian Grand Prix,59,S1,GAS,Alpine,LAW,Racing Bulls,0.954,316.0,312.0,4.0,29.0,HARD,29.0,SOFT,True,standard,False
5,Montréal,Canadian Grand Prix,59,S2,HAM,Ferrari,VER,Red Bull Racing,0.858,327.0,302.0,25.0,28.0,MEDIUM,28.0,MEDIUM,True,standard,False
5,Montréal,Canadian Grand Prix,59,S2,GAS,Alpine,LAW,Racing Bulls,0.95,316.0,312.0,4.0,29.0,HARD,29.0,SOFT,True,standard,False
5,Montréal,Canadian Grand Prix,59,S3,HAM,Ferrari,VER,Red Bull Racing,0.811,327.0,302.0,25.0,28.0,MEDIUM,28.0,MEDIUM,True,standard,False
5,Montréal,Canadian Grand Prix,59,S3,GAS,Alpine,LAW,Racing Bulls,0.793,316.0,312.0,4.0,29.0,HARD,29.0,SOFT,True,standard,False
5,Montréal,Canadian Grand Prix,60,S1,GAS,Alpine,LAW,Racing Bulls,0.709,313.0,304.0,9.0,30.0,HARD,30.0,SOFT,True,standard,False
5,Montréal,Canadian Grand Prix,60,S2,GAS,Alpine,LAW,Racing Bulls,0.546,313.0,304.0,9.0,30.0,HARD,30.0,SOFT,True,standard,False
5,Montréal,Canadian Grand Prix,60,S3,HAM,Ferrari,VER,Red Bull Racing,0.708,323.0,306.0,17.0,29.0,MEDIUM,29.0,MEDIUM,True,standard,False
5,Montréal,Canadian Grand Prix,60,S3,GAS,Alpine,LAW,Racing Bulls,0.568,313.0,304.0,9.0,30.0,HARD,30.0,SOFT,True,standard,False
5,Montréal,Canadian Grand Prix,61,S1,HAM,Ferrari,VER,Red Bull Racing,0.837,328.0,310.0,18.0,30.0,MEDIUM,30.0,MEDIUM,True,standard,False
5,Montréal,Canadian Grand Prix,61,S1,GAS,Alpine,LAW,Racing Bulls,0.61,319.0,301.0,18.0,31.0,HARD,31.0,SOFT,True,standard,False
5,Montréal,Canadian Grand Prix,61,S2,HAM,Ferrari,VER,Red Bull Racing,0.647,328.0,310.0,18.0,30.0,MEDIUM,30.0,MEDIUM,True,standard,False
5,Montréal,Canadian Grand Prix,61,S2,GAS,Alpine,LAW,Racing Bulls,0.595,319.0,301.0,18.0,31.0,HARD,31.0,SOFT,True,standard,False
5,Montréal,Canadian Grand Prix,61,S3,HAM,Ferrari,VER,Red Bull Racing,0.184,328.0,310.0,18.0,30.0,MEDIUM,30.0,MEDIUM,True,standard,True
5,Montréal,Canadian Grand Prix,61,S3,GAS,Alpine,LAW,Racing Bulls,0.482,319.0,301.0,18.0,31.0,HARD,31.0,SOFT,True,standard,False
5,Montréal,Canadian Grand Prix,62,S1,VER,Red Bull Racing,HAM,Ferrari,0.456,316.0,301.0,15.0,31.0,MEDIUM,31.0,MEDIUM,True,standard,False
5,Montréal,Canadian Grand Prix,62,S1,GAS,Alpine,LAW,Racing Bulls,0.578,322.0,306.0,16.0,32.0,HARD,32.0,SOFT,True,standard,False
5,Montréal,Canadian Grand Prix,62,S2,VER,Red Bull Racing,HAM,Ferrari,0.547,316.0,301.0,15.0,31.0,MEDIUM,31.0,MEDIUM,True,standard,False
5,Montréal,Canadian Grand Prix,62,S2,GAS,Alpine,LAW,Racing Bulls,0.421,322.0,306.0,16.0,32.0,HARD,32.0,SOFT,True,standard,False
5,Montréal,Canadian Grand Prix,62,S3,VER,Red Bull Racing,HAM,Ferrari,0.263,316.0,301.0,15.0,31.0,MEDIUM,31.0,MEDIUM,True,standard,False
5,Montréal,Canadian Grand Prix,62,S3,GAS,Alpine,LAW,Racing Bulls,0.586,322.0,306.0,16.0,32.0,HARD,32.0,SOFT,True,standard,False
5,Montréal,Canadian Grand Prix,62,S3,PIA,McLaren,BOR,Audi,0.657,316.0,311.0,5.0,15.0,SOFT,44.0,MEDIUM,True,standard,False
5,Montréal,Canadian Grand Prix,63,S1,VER,Red Bull Racing,HAM,Ferrari,0.492,317.0,308.0,9.0,32.0,MEDIUM,32.0,MEDIUM,True,standard,False
5,Montréal,Canadian Grand Prix,63,S1,GAS,Alpine,LAW,Racing Bulls,0.65,318.0,311.0,7.0,33.0,HARD,33.0,SOFT,True,standard,False
5,Montréal,Canadian Grand Prix,63,S1,BOR,Audi,HUL,Audi,0.55,323.0,330.0,-7.0,45.0,MEDIUM,43.0,MEDIUM,True,standard,False
5,Montréal,Canadian Grand Prix,63,S1,PIA,McLaren,BOR,Audi,0.408,319.0,323.0,-4.0,16.0,SOFT,45.0,MEDIUM,True,standard,True
5,Montréal,Canadian Grand Prix,63,S2,VER,Red Bull Racing,HAM,Ferrari,0.618,317.0,308.0,9.0,32.0,MEDIUM,32.0,MEDIUM,True,standard,False
5,Montréal,Canadian Grand Prix,63,S2,GAS,Alpine,LAW,Racing Bulls,0.525,318.0,311.0,7.0,33.0,HARD,33.0,SOFT,True,standard,False
5,Montréal,Canadian Grand Prix,63,S2,PIA,McLaren,HUL,Audi,0.975,319.0,330.0,-11.0,16.0,SOFT,43.0,MEDIUM,True,standard,False
5,Montréal,Canadian Grand Prix,63,S2,BOR,Audi,PIA,McLaren,0.013,323.0,319.0,4.0,45.0,MEDIUM,16.0,SOFT,True,standard,False
5,Montréal,Canadian Grand Prix,63,S3,VER,Red Bull Racing,HAM,Ferrari,0.526,317.0,308.0,9.0,32.0,MEDIUM,32.0,MEDIUM,True,standard,False
5,Montréal,Canadian Grand Prix,63,S3,GAS,Alpine,LAW,Racing Bulls,0.351,318.0,311.0,7.0,33.0,HARD,33.0,SOFT,True,standard,False
5,Montréal,Canadian Grand Prix,63,S3,PIA,McLaren,HUL,Audi,0.718,319.0,330.0,-11.0,16.0,SOFT,43.0,MEDIUM,True,standard,False
5,Montréal,Canadian Grand Prix,63,S3,BOR,Audi,PIA,McLaren,0.899,323.0,319.0,4.0,45.0,MEDIUM,16.0,SOFT,True,standard,False
5,Montréal,Canadian Grand Prix,64,S1,VER,Red Bull Racing,HAM,Ferrari,0.489,313.0,307.0,6.0,33.0,MEDIUM,33.0,MEDIUM,True,standard,False
5,Montréal,Canadian Grand Prix,64,S1,GAS,Alpine,LAW,Racing Bulls,0.456,338.0,310.0,28.0,34.0,HARD,34.0,SOFT,True,standard,False
5,Montréal,Canadian Grand Prix,64,S1,PIA,McLaren,HUL,Audi,0.458,336.0,324.0,12.0,17.0,SOFT,44.0,MEDIUM,True,standard,False
5,Montréal,Canadian Grand Prix,64,S2,VER,Red Bull Racing,HAM,Ferrari,0.88,313.0,307.0,6.0,33.0,MEDIUM,33.0,MEDIUM,True,standard,False
5,Montréal,Canadian Grand Prix,64,S2,GAS,Alpine,LAW,Racing Bulls,0.497,338.0,310.0,28.0,34.0,HARD,34.0,SOFT,True,standard,False
5,Montréal,Canadian Grand Prix,64,S2,PIA,McLaren,HUL,Audi,0.245,336.0,324.0,12.0,17.0,SOFT,44.0,MEDIUM,True,standard,True
5,Montréal,Canadian Grand Prix,64,S3,VER,Red Bull Racing,HAM,Ferrari,0.693,313.0,307.0,6.0,33.0,MEDIUM,33.0,MEDIUM,True,standard,False
5,Montréal,Canadian Grand Prix,64,S3,GAS,Alpine,LAW,Racing Bulls,0.35,338.0,310.0,28.0,34.0,HARD,34.0,SOFT,True,standard,False
5,Montréal,Canadian Grand Prix,64,S3,HUL,Audi,PIA,McLaren,0.526,324.0,336.0,-12.0,44.0,MEDIUM,17.0,SOFT,True,standard,False
5,Montréal,Canadian Grand Prix,65,S1,VER,Red Bull Racing,HAM,Ferrari,0.672,320.0,309.0,11.0,34.0,MEDIUM,34.0,MEDIUM,True,standard,False
5,Montréal,Canadian Grand Prix,65,S1,GAS,Alpine,LAW,Racing Bulls,0.362,343.0,319.0,24.0,35.0,HARD,35.0,SOFT,True,standard,False
5,Montréal,Canadian Grand Prix,65,S2,VER,Red Bull Racing,HAM,Ferrari,0.676,320.0,309.0,11.0,34.0,MEDIUM,34.0,MEDIUM,True,standard,False
5,Montréal,Canadian Grand Prix,65,S2,GAS,Alpine,LAW,Racing Bulls,0.228,343.0,319.0,24.0,35.0,HARD,35.0,SOFT,True,standard,False
5,Montréal,Canadian Grand Prix,65,S3,VER,Red Bull Racing,HAM,Ferrari,0.427,320.0,309.0,11.0,34.0,MEDIUM,34.0,MEDIUM,True,standard,False
5,Montréal,Canadian Grand Prix,65,S3,GAS,Alpine,LAW,Racing Bulls,0.961,343.0,319.0,24.0,35.0,HARD,35.0,SOFT,True,standard,False
5,Montréal,Canadian Grand Prix,65,S3,HUL,Audi,PIA,McLaren,0.404,332.0,305.0,27.0,45.0,MEDIUM,18.0,SOFT,True,standard,False
5,Montréal,Canadian Grand Prix,66,S1,VER,Red Bull Racing,HAM,Ferrari,0.492,321.0,311.0,10.0,35.0,MEDIUM,35.0,MEDIUM,True,standard,False
5,Montréal,Canadian Grand Prix,66,S1,GAS,Alpine,LAW,Racing Bulls,0.964,311.0,300.0,11.0,36.0,HARD,36.0,SOFT,True,standard,False
5,Montréal,Canadian Grand Prix,66,S2,VER,Red Bull Racing,HAM,Ferrari,0.703,321.0,311.0,10.0,35.0,MEDIUM,35.0,MEDIUM,True,standard,False
5,Montréal,Canadian Grand Prix,66,S3,VER,Red Bull Racing,HAM,Ferrari,0.333,321.0,311.0,10.0,35.0,MEDIUM,35.0,MEDIUM,True,standard,False
5,Montréal,Canadian Grand Prix,67,S1,VER,Red Bull Racing,HAM,Ferrari,0.452,318.0,313.0,5.0,36.0,MEDIUM,36.0,MEDIUM,True,standard,False
5,Montréal,Canadian Grand Prix,67,S2,VER,Red Bull Racing,HAM,Ferrari,0.692,318.0,313.0,5.0,36.0,MEDIUM,36.0,MEDIUM,True,standard,False
5,Montréal,Canadian Grand Prix,67,S2,GAS,Alpine,LAW,Racing Bulls,0.856,327.0,320.0,7.0,37.0,HARD,37.0,SOFT,True,standard,False
5,Montréal,Canadian Grand Prix,67,S3,VER,Red Bull Racing,HAM,Ferrari,0.728,318.0,313.0,5.0,36.0,MEDIUM,36.0,MEDIUM,True,standard,False
5,Montréal,Canadian Grand Prix,67,S3,GAS,Alpine,LAW,Racing Bulls,0.323,327.0,320.0,7.0,37.0,HARD,37.0,SOFT,True,standard,False
5,Montréal,Canadian Grand Prix,68,S1,VER,Red Bull Racing,HAM,Ferrari,0.59,329.0,316.0,13.0,37.0,MEDIUM,37.0,MEDIUM,True,standard,False
5,Montréal,Canadian Grand Prix,68,S2,VER,Red Bull Racing,HAM,Ferrari,0.665,329.0,316.0,13.0,37.0,MEDIUM,37.0,MEDIUM,True,standard,False
5,Montréal,Canadian Grand Prix,68,S3,VER,Red Bull Racing,HAM,Ferrari,0.48,329.0,316.0,13.0,37.0,MEDIUM,37.0,MEDIUM,True,standard,False
6,Monte Carlo,Monaco Grand Prix,1,S2,LEC,Ferrari,HAM,Ferrari,0.917,266.0,266.0,0.0,1.0,MEDIUM,1.0,MEDIUM,True,standard,False
6,Monte Carlo,Monaco Grand Prix,1,S2,RUS,Mercedes,HAD,Red Bull Racing,0.845,265.0,263.0,2.0,1.0,MEDIUM,1.0,MEDIUM,True,standard,False
6,Monte Carlo,Monaco Grand Prix,1,S2,GAS,Alpine,PIA,McLaren,0.639,268.0,266.0,2.0,1.0,MEDIUM,1.0,MEDIUM,True,standard,False
6,Monte Carlo,Monaco Grand Prix,1,S2,NOR,McLaren,GAS,Alpine,0.504,265.0,268.0,-3.0,1.0,MEDIUM,1.0,MEDIUM,True,standard,False
6,Monte Carlo,Monaco Grand Prix,1,S2,LAW,Racing Bulls,NOR,McLaren,0.871,269.0,265.0,4.0,1.0,MEDIUM,1.0,MEDIUM,True,standard,False
6,Monte Carlo,Monaco Grand Prix,1,S2,ALB,Williams,LAW,Racing Bulls,0.664,266.0,269.0,-3.0,1.0,MEDIUM,1.0,MEDIUM,True,standard,False
6,Monte Carlo,Monaco Grand Prix,1,S2,HUL,Audi,SAI,Williams,0.169,267.0,270.0,-3.0,1.0,MEDIUM,1.0,MEDIUM,True,standard,False
6,Monte Carlo,Monaco Grand Prix,1,S2,COL,Alpine,HUL,Audi,0.984,269.0,267.0,2.0,1.0,MEDIUM,1.0,MEDIUM,True,standard,False
6,Monte Carlo,Monaco Grand Prix,1,S2,PER,Cadillac,COL,Alpine,0.747,259.0,269.0,-10.0,1.0,SOFT,1.0,MEDIUM,True,standard,False
6,Monte Carlo,Monaco Grand Prix,1,S2,LIN,Racing Bulls,PER,Cadillac,0.755,269.0,259.0,10.0,1.0,MEDIUM,1.0,SOFT,True,standard,False
6,Monte Carlo,Monaco Grand Prix,1,S2,OCO,Haas F1 Team,LIN,Racing Bulls,0.363,263.0,269.0,-6.0,1.0,MEDIUM,1.0,MEDIUM,True,standard,False
6,Monte Carlo,Monaco Grand Prix,1,S2,ALO,Aston Martin,OCO,Haas F1 Team,0.737,259.0,263.0,-4.0,1.0,MEDIUM,1.0,MEDIUM,True,standard,False
6,Monte Carlo,Monaco Grand Prix,1,S2,BEA,Haas F1 Team,ALO,Aston Martin,0.798,259.0,259.0,0.0,1.0,MEDIUM,1.0,MEDIUM,True,standard,False
6,Monte Carlo,Monaco Grand Prix,1,S2,BOT,Cadillac,BEA,Haas F1 Team,0.742,259.0,259.0,0.0,1.0,SOFT,1.0,MEDIUM,True,standard,True
6,Monte Carlo,Monaco Grand Prix,1,S2,STR,Aston Martin,BOT,Cadillac,0.297,260.0,259.0,1.0,1.0,MEDIUM,1.0,SOFT,True,standard,True
6,Monte Carlo,Monaco Grand Prix,1,S2,BOR,Audi,STR,Aston Martin,0.687,265.0,260.0,5.0,1.0,SOFT,1.0,MEDIUM,True,standard,False
6,Monte Carlo,Monaco Grand Prix,1,S3,RUS,Mercedes,HAD,Red Bull Racing,0.968,265.0,263.0,2.0,1.0,MEDIUM,1.0,MEDIUM,True,standard,False
6,Monte Carlo,Monaco Grand Prix,1,S3,GAS,Alpine,PIA,McLaren,0.734,268.0,266.0,2.0,1.0,MEDIUM,1.0,MEDIUM,True,standard,False
6,Monte Carlo,Monaco Grand Prix,1,S3,NOR,McLaren,GAS,Alpine,0.594,265.0,268.0,-3.0,1.0,MEDIUM,1.0,MEDIUM,True,standard,False
6,Monte Carlo,Monaco Grand Prix,1,S3,LAW,Racing Bulls,NOR,McLaren,0.703,269.0,265.0,4.0,1.0,MEDIUM,1.0,MEDIUM,True,standard,False
6,Monte Carlo,Monaco Grand Prix,1,S3,ALB,Williams,LAW,Racing Bulls,0.703,266.0,269.0,-3.0,1.0,MEDIUM,1.0,MEDIUM,True,standard,False
6,Monte Carlo,Monaco Grand Prix,1,S3,HUL,Audi,SAI,Williams,0.469,267.0,270.0,-3.0,1.0,MEDIUM,1.0,MEDIUM,True,standard,False
6,Monte Carlo,Monaco Grand Prix,1,S3,COL,Alpine,HUL,Audi,0.984,269.0,267.0,2.0,1.0,MEDIUM,1.0,MEDIUM,True,standard,False
6,Monte Carlo,Monaco Grand Prix,1,S3,PER,Cadillac,COL,Alpine,0.297,259.0,269.0,-10.0,1.0,SOFT,1.0,MEDIUM,True,standard,False
6,Monte Carlo,Monaco Grand Prix,1,S3,LIN,Racing Bulls,PER,Cadillac,0.859,269.0,259.0,10.0,1.0,MEDIUM,1.0,SOFT,True,standard,False
6,Monte Carlo,Monaco Grand Prix,1,S3,OCO,Haas F1 Team,LIN,Racing Bulls,0.657,263.0,269.0,-6.0,1.0,MEDIUM,1.0,MEDIUM,True,standard,False
6,Monte Carlo,Monaco Grand Prix,1,S3,ALO,Aston Martin,OCO,Haas F1 Team,0.703,259.0,263.0,-4.0,1.0,MEDIUM,1.0,MEDIUM,True,standard,False
6,Monte Carlo,Monaco Grand Prix,1,S3,BOR,Audi,BOT,Cadillac,0.703,265.0,259.0,6.0,1.0,SOFT,1.0,SOFT,True,standard,False
6,Monte Carlo,Monaco Grand Prix,2,S1,LEC,Ferrari,HAM,Ferrari,0.971,267.0,262.0,5.0,2.0,MEDIUM,2.0,MEDIUM,True,standard,False
6,Monte Carlo,Monaco Grand Prix,2,S1,NOR,McLaren,GAS,Alpine,0.449,273.0,279.0,-6.0,2.0,MEDIUM,2.0,MEDIUM,True,standard,False
6,Monte Carlo,Monaco Grand Prix,2,S1,LAW,Racing Bulls,NOR,McLaren,0.674,273.0,273.0,0.0,2.0,MEDIUM,2.0,MEDIUM,True,standard,False
6,Monte Carlo,Monaco Grand Prix,2,S1,ALB,Williams,LAW,Racing Bulls,0.703,271.0,273.0,-2.0,2.0,MEDIUM,2.0,MEDIUM,True,standard,False
6,Monte Carlo,Monaco Grand Prix,2,S1,HUL,Audi,SAI,Williams,0.552,278.0,270.0,8.0,2.0,MEDIUM,2.0,MEDIUM,True,standard,False
6,Monte Carlo,Monaco Grand Prix,2,S1,COL,Alpine,HUL,Audi,0.764,281.0,278.0,3.0,2.0,MEDIUM,2.0,MEDIUM,True,standard,False
6,Monte Carlo,Monaco Grand Prix,2,S1,PER,Cadillac,COL,Alpine,0.709,257.0,281.0,-24.0,2.0,SOFT,2.0,MEDIUM,True,standard,False
6,Monte Carlo,Monaco Grand Prix,2,S1,LIN,Racing Bulls,PER,Cadillac,0.646,278.0,257.0,21.0,2.0,MEDIUM,2.0,SOFT,True,standard,False
6,Monte Carlo,Monaco Grand Prix,2,S1,OCO,Haas F1 Team,LIN,Racing Bulls,0.8,280.0,278.0,2.0,2.0,MEDIUM,2.0,MEDIUM,True,standard,False
6,Monte Carlo,Monaco Grand Prix,2,S1,ALO,Aston Martin,OCO,Haas F1 Team,0.902,276.0,280.0,-4.0,2.0,MEDIUM,2.0,MEDIUM,True,standard,False
6,Monte Carlo,Monaco Grand Prix,2,S1,BOR,Audi,BOT,Cadillac,0.982,267.0,265.0,2.0,1.0,HARD,1.0,MEDIUM,True,standard,False
6,Monte Carlo,Monaco Grand Prix,2,S2,LEC,Ferrari,HAM,Ferrari,0.95,267.0,262.0,5.0,2.0,MEDIUM,2.0,MEDIUM,True,standard,False
6,Monte Carlo,Monaco Grand Prix,2,S2,GAS,Alpine,PIA,McLaren,0.851,279.0,268.0,11.0,2.0,MEDIUM,2.0,MEDIUM,True,standard,False
6,Monte Carlo,Monaco Grand Prix,2,S2,NOR,McLaren,GAS,Alpine,0.533,273.0,279.0,-6.0,2.0,MEDIUM,2.0,MEDIUM,True,standard,False
6,Monte Carlo,Monaco Grand Prix,2,S2,LAW,Racing Bulls,NOR,McLaren,0.911,273.0,273.0,0.0,2.0,MEDIUM,2.0,MEDIUM,True,standard,False
6,Monte Carlo,Monaco Grand Prix,2,S2,ALB,Williams,LAW,Racing Bulls,0.916,271.0,273.0,-2.0,2.0,MEDIUM,2.0,MEDIUM,True,standard,False
6,Monte Carlo,Monaco Grand Prix,2,S2,HUL,Audi,SAI,Williams,0.483,278.0,270.0,8.0,2.0,MEDIUM,2.0,MEDIUM,True,standard,False
6,Monte Carlo,Monaco Grand Prix,2,S2,COL,Alpine,HUL,Audi,0.718,281.0,278.0,3.0,2.0,MEDIUM,2.0,MEDIUM,True,standard,False
6,Monte Carlo,Monaco Grand Prix,2,S2,PER,Cadillac,COL,Alpine,0.83,257.0,281.0,-24.0,2.0,SOFT,2.0,MEDIUM,True,standard,False
6,Monte Carlo,Monaco Grand Prix,2,S2,LIN,Racing Bulls,PER,Cadillac,0.794,278.0,257.0,21.0,2.0,MEDIUM,2.0,SOFT,True,standard,False
6,Monte Carlo,Monaco Grand Prix,2,S2,OCO,Haas F1 Team,LIN,Racing Bulls,0.686,280.0,278.0,2.0,2.0,MEDIUM,2.0,MEDIUM,True,standard,False
6,Monte Carlo,Monaco Grand Prix,2,S3,LEC,Ferrari,HAM,Ferrari,0.974,267.0,262.0,5.0,2.0,MEDIUM,2.0,MEDIUM,True,standard,False
6,Monte Carlo,Monaco Grand Prix,2,S3,NOR,McLaren,GAS,Alpine,0.462,273.0,279.0,-6.0,2.0,MEDIUM,2.0,MEDIUM,True,standard,False
6,Monte Carlo,Monaco Grand Prix,2,S3,LAW,Racing Bulls,NOR,McLaren,0.683,273.0,273.0,0.0,2.0,MEDIUM,2.0,MEDIUM,True,standard,False
6,Monte Carlo,Monaco Grand Prix,2,S3,HUL,Audi,SAI,Williams,0.561,278.0,270.0,8.0,2.0,MEDIUM,2.0,MEDIUM,True,standard,False
6,Monte Carlo,Monaco Grand Prix,2,S3,COL,Alpine,HUL,Audi,0.922,281.0,278.0,3.0,2.0,MEDIUM,2.0,MEDIUM,True,standard,False
6,Monte Carlo,Monaco Grand Prix,2,S3,PER,Cadillac,COL,Alpine,0.744,257.0,281.0,-24.0,2.0,SOFT,2.0,MEDIUM,True,standard,False
6,Monte Carlo,Monaco Grand Prix,2,S3,LIN,Racing Bulls,PER,Cadillac,0.703,278.0,257.0,21.0,2.0,MEDIUM,2.0,SOFT,True,standard,False
6,Monte Carlo,Monaco Grand Prix,2,S3,OCO,Haas F1 Team,LIN,Racing Bulls,0.865,280.0,278.0,2.0,2.0,MEDIUM,2.0,MEDIUM,True,standard,False
6,Monte Carlo,Monaco Grand Prix,3,S1,LEC,Ferrari,HAM,Ferrari,0.932,268.0,257.0,11.0,3.0,MEDIUM,3.0,MEDIUM,True,standard,False
6,Monte Carlo,Monaco Grand Prix,3,S1,NOR,McLaren,GAS,Alpine,0.515,277.0,271.0,6.0,3.0,MEDIUM,3.0,MEDIUM,True,standard,False
6,Monte Carlo,Monaco Grand Prix,3,S1,LAW,Racing Bulls,NOR,McLaren,0.825,269.0,277.0,-8.0,3.0,MEDIUM,3.0,MEDIUM,True,standard,False
6,Monte Carlo,Monaco Grand Prix,3,S1,ALB,Williams,LAW,Racing Bulls,0.894,279.0,269.0,10.0,3.0,MEDIUM,3.0,MEDIUM,True,standard,False
6,Monte Carlo,Monaco Grand Prix,3,S1,HUL,Audi,SAI,Williams,0.528,275.0,267.0,8.0,3.0,MEDIUM,3.0,MEDIUM,True,standard,False
6,Monte Carlo,Monaco Grand Prix,3,S1,COL,Alpine,HUL,Audi,0.971,279.0,275.0,4.0,3.0,MEDIUM,3.0,MEDIUM,True,standard,False
6,Monte Carlo,Monaco Grand Prix,3,S1,PER,Cadillac,COL,Alpine,0.909,260.0,279.0,-19.0,3.0,SOFT,3.0,MEDIUM,True,standard,False
6,Monte Carlo,Monaco Grand Prix,3,S1,LIN,Racing Bulls,PER,Cadillac,0.698,279.0,260.0,19.0,3.0,MEDIUM,3.0,SOFT,True,standard,False
6,Monte Carlo,Monaco Grand Prix,3,S1,OCO,Haas F1 Team,LIN,Racing Bulls,0.917,271.0,279.0,-8.0,3.0,MEDIUM,3.0,MEDIUM,True,standard,False
6,Monte Carlo,Monaco Grand Prix,3,S1,BOR,Audi,BOT,Cadillac,0.857,268.0,255.0,13.0,2.0,HARD,2.0,MEDIUM,True,standard,False
6,Monte Carlo,Monaco Grand Prix,3,S2,LEC,Ferrari,HAM,Ferrari,0.898,268.0,257.0,11.0,3.0,MEDIUM,3.0,MEDIUM,True,standard,False
6,Monte Carlo,Monaco Grand Prix,3,S2,NOR,McLaren,GAS,Alpine,0.481,277.0,271.0,6.0,3.0,MEDIUM,3.0,MEDIUM,True,standard,False
6,Monte Carlo,Monaco Grand Prix,3,S2,LAW,Racing Bulls,NOR,McLaren,0.826,269.0,277.0,-8.0,3.0,MEDIUM,3.0,MEDIUM,True,standard,False
6,Monte Carlo,Monaco Grand Prix,3,S2,ALB,Williams,LAW,Racing Bulls,0.903,279.0,269.0,10.0,3.0,MEDIUM,3.0,MEDIUM,True,standard,False
6,Monte Carlo,Monaco Grand Prix,3,S2,HUL,Audi,SAI,Williams,0.508,275.0,267.0,8.0,3.0,MEDIUM,3.0,MEDIUM,True,standard,False
6,Monte Carlo,Monaco Grand Prix,3,S2,COL,Alpine,HUL,Audi,0.995,279.0,275.0,4.0,3.0,MEDIUM,3.0,MEDIUM,True,standard,False
6,Monte Carlo,Monaco Grand Prix,3,S2,PER,Cadillac,COL,Alpine,0.858,260.0,279.0,-19.0,3.0,SOFT,3.0,MEDIUM,True,standard,False
6,Monte Carlo,Monaco Grand Prix,3,S2,LIN,Racing Bulls,PER,Cadillac,0.765,279.0,260.0,19.0,3.0,MEDIUM,3.0,SOFT,True,standard,False
6,Monte Carlo,Monaco Grand Prix,3,S2,OCO,Haas F1 Team,LIN,Racing Bulls,0.779,271.0,279.0,-8.0,3.0,MEDIUM,3.0,MEDIUM,True,standard,False
6,Monte Carlo,Monaco Grand Prix,3,S2,BOR,Audi,BOT,Cadillac,0.452,268.0,255.0,13.0,2.0,HARD,2.0,MEDIUM,True,standard,False
6,Monte Carlo,Monaco Grand Prix,3,S3,NOR,McLaren,GAS,Alpine,0.584,277.0,271.0,6.0,3.0,MEDIUM,3.0,MEDIUM,True,standard,False
6,Monte Carlo,Monaco Grand Prix,3,S3,LAW,Racing Bulls,NOR,McLaren,0.882,269.0,277.0,-8.0,3.0,MEDIUM,3.0,MEDIUM,True,standard,False
6,Monte Carlo,Monaco Grand Prix,3,S3,HUL,Audi,SAI,Williams,0.583,275.0,267.0,8.0,3.0,MEDIUM,3.0,MEDIUM,True,standard,False
6,Monte Carlo,Monaco Grand Prix,3,S3,COL,Alpine,HUL,Audi,0.87,279.0,275.0,4.0,3.0,MEDIUM,3.0,MEDIUM,True,standard,False
6,Monte Carlo,Monaco Grand Prix,3,S3,PER,Cadillac,COL,Alpine,0.74,260.0,279.0,-19.0,3.0,SOFT,3.0,MEDIUM,True,standard,False
6,Monte Carlo,Monaco Grand Prix,3,S3,LIN,Racing Bulls,PER,Cadillac,0.852,279.0,260.0,19.0,3.0,MEDIUM,3.0,SOFT,True,standard,False
6,Monte Carlo,Monaco Grand Prix,3,S3,OCO,Haas F1 Team,LIN,Racing Bulls,0.824,271.0,279.0,-8.0,3.0,MEDIUM,3.0,MEDIUM,True,standard,False
6,Monte Carlo,Monaco Grand Prix,3,S3,BOR,Audi,BOT,Cadillac,0.825,268.0,255.0,13.0,2.0,HARD,2.0,MEDIUM,True,standard,False
6,Monte Carlo,Monaco Grand Prix,3,S3,BEA,Haas F1 Team,BOR,Audi,0.854,268.0,268.0,0.0,2.0,HARD,2.0,HARD,True,standard,False
6,Monte Carlo,Monaco Grand Prix,4,S1,NOR,McLaren,GAS,Alpine,0.559,276.0,271.0,5.0,4.0,MEDIUM,4.0,MEDIUM,True,standard,False
6,Monte Carlo,Monaco Grand Prix,4,S1,LAW,Racing Bulls,NOR,McLaren,0.913,277.0,276.0,1.0,4.0,MEDIUM,4.0,MEDIUM,True,standard,False
6,Monte Carlo,Monaco Grand Prix,4,S1,HUL,Audi,SAI,Williams,0.381,279.0,271.0,8.0,4.0,MEDIUM,4.0,MEDIUM,True,standard,False
6,Monte Carlo,Monaco Grand Prix,4,S1,COL,Alpine,HUL,Audi,0.942,272.0,279.0,-7.0,4.0,MEDIUM,4.0,MEDIUM,True,standard,False
6,Monte Carlo,Monaco Grand Prix,4,S1,PER,Cadillac,COL,Alpine,0.979,260.0,272.0,-12.0,4.0,SOFT,4.0,MEDIUM,True,standard,False
6,Monte Carlo,Monaco Grand Prix,4,S1,LIN,Racing Bulls,PER,Cadillac,0.663,278.0,260.0,18.0,4.0,MEDIUM,4.0,SOFT,True,standard,False
6,Monte Carlo,Monaco Grand Prix,4,S1,BOR,Audi,BOT,Cadillac,0.48,273.0,255.0,18.0,3.0,HARD,3.0,MEDIUM,True,standard,False
6,Monte Carlo,Monaco Grand Prix,4,S1,BEA,Haas F1 Team,BOR,Audi,0.599,270.0,273.0,-3.0,3.0,HARD,3.0,HARD,True,standard,False
6,Monte Carlo,Monaco Grand Prix,4,S2,NOR,McLaren,GAS,Alpine,0.838,276.0,271.0,5.0,4.0,MEDIUM,4.0,MEDIUM,True,standard,False
6,Monte Carlo,Monaco Grand Prix,4,S2,HUL,Audi,SAI,Williams,0.447,279.0,271.0,8.0,4.0,MEDIUM,4.0,MEDIUM,True,standard,False
6,Monte Carlo,Monaco Grand Prix,4,S2,COL,Alpine,HUL,Audi,0.827,272.0,279.0,-7.0,4.0,MEDIUM,4.0,MEDIUM,True,standard,False
6,Monte Carlo,Monaco Grand Prix,4,S2,PER,Cadillac,COL,Alpine,0.85,260.0,272.0,-12.0,4.0,SOFT,4.0,MEDIUM,True,standard,False
6,Monte Carlo,Monaco Grand Prix,4,S2,LIN,Racing Bulls,PER,Cadillac,0.857,278.0,260.0,18.0,4.0,MEDIUM,4.0,SOFT,True,standard,True
6,Monte Carlo,Monaco Grand Prix,4,S2,OCO,Haas F1 Team,LIN,Racing Bulls,0.897,278.0,278.0,0.0,4.0,MEDIUM,4.0,MEDIUM,True,standard,False
6,Monte Carlo,Monaco Grand Prix,4,S2,BOR,Audi,BOT,Cadillac,0.254,273.0,255.0,18.0,3.0,HARD,3.0,MEDIUM,True,standard,False
6,Monte Carlo,Monaco Grand Prix,4,S2,BEA,Haas F1 Team,BOR,Audi,0.481,270.0,273.0,-3.0,3.0,HARD,3.0,HARD,True,standard,False
6,Monte Carlo,Monaco Grand Prix,4,S3,NOR,McLaren,GAS,Alpine,0.951,276.0,271.0,5.0,4.0,MEDIUM,4.0,MEDIUM,True,standard,False
6,Monte Carlo,Monaco Grand Prix,4,S3,HUL,Audi,SAI,Williams,0.446,279.0,271.0,8.0,4.0,MEDIUM,4.0,MEDIUM,True,standard,False
6,Monte Carlo,Monaco Grand Prix,4,S3,OCO,Haas F1 Team,LIN,Racing Bulls,0.945,278.0,278.0,0.0,4.0,MEDIUM,4.0,MEDIUM,True,standard,False
6,Monte Carlo,Monaco Grand Prix,4,S3,ALO,Aston Martin,STR,Aston Martin,0.341,264.0,263.0,1.0,1.0,SOFT,4.0,MEDIUM,True,standard,True
6,Monte Carlo,Monaco Grand Prix,4,S3,BOR,Audi,BOT,Cadillac,0.903,273.0,255.0,18.0,3.0,HARD,3.0,MEDIUM,True,standard,False
6,Monte Carlo,Monaco Grand Prix,4,S3,BEA,Haas F1 Team,BOR,Audi,0.188,270.0,273.0,-3.0,3.0,HARD,3.0,HARD,True,standard,False
6,Monte Carlo,Monaco Grand Prix,5,S1,NOR,McLaren,GAS,Alpine,0.827,276.0,270.0,6.0,5.0,MEDIUM,5.0,MEDIUM,True,standard,False
6,Monte Carlo,Monaco Grand Prix,5,S1,HUL,Audi,SAI,Williams,0.313,280.0,271.0,9.0,5.0,MEDIUM,5.0,MEDIUM,True,standard,False
6,Monte Carlo,Monaco Grand Prix,5,S1,BOR,Audi,BOT,Cadillac,0.433,274.0,252.0,22.0,4.0,HARD,4.0,MEDIUM,True,standard,False
6,Monte Carlo,Monaco Grand Prix,5,S1,BEA,Haas F1 Team,BOR,Audi,0.398,279.0,274.0,5.0,4.0,HARD,4.0,HARD,True,standard,False
6,Monte Carlo,Monaco Grand Prix,5,S2,NOR,McLaren,GAS,Alpine,0.666,276.0,270.0,6.0,5.0,MEDIUM,5.0,MEDIUM,True,standard,False
6,Monte Carlo,Monaco Grand Prix,5,S2,HUL,Audi,SAI,Williams,0.457,280.0,271.0,9.0,5.0,MEDIUM,5.0,MEDIUM,True,standard,False
6,Monte Carlo,Monaco Grand Prix,5,S2,OCO,Haas F1 Team,LIN,Racing Bulls,0.806,277.0,277.0,0.0,5.0,MEDIUM,5.0,MEDIUM,True,standard,False
6,Monte Carlo,Monaco Grand Prix,5,S2,BOR,Audi,BOT,Cadillac,0.328,274.0,252.0,22.0,4.0,HARD,4.0,MEDIUM,True,standard,False
6,Monte Carlo,Monaco Grand Prix,5,S2,BEA,Haas F1 Team,BOR,Audi,0.365,279.0,274.0,5.0,4.0,HARD,4.0,HARD,True,standard,False
6,Monte Carlo,Monaco Grand Prix,5,S3,NOR,McLaren,GAS,Alpine,0.847,276.0,270.0,6.0,5.0,MEDIUM,5.0,MEDIUM,True,standard,False
6,Monte Carlo,Monaco Grand Prix,5,S3,HUL,Audi,SAI,Williams,0.729,280.0,271.0,9.0,5.0,MEDIUM,5.0,MEDIUM,True,standard,False
6,Monte Carlo,Monaco Grand Prix,5,S3,COL,Alpine,HUL,Audi,0.918,272.0,280.0,-8.0,5.0,MEDIUM,5.0,MEDIUM,True,standard,False
6,Monte Carlo,Monaco Grand Prix,5,S3,LIN,Racing Bulls,COL,Alpine,0.884,277.0,272.0,5.0,5.0,MEDIUM,5.0,MEDIUM,True,standard,False
6,Monte Carlo,Monaco Grand Prix,5,S3,OCO,Haas F1 Team,LIN,Racing Bulls,0.971,277.0,277.0,0.0,5.0,MEDIUM,5.0,MEDIUM,True,standard,False
6,Monte Carlo,Monaco Grand Prix,5,S3,BOR,Audi,BOT,Cadillac,0.671,274.0,252.0,22.0,4.0,HARD,4.0,MEDIUM,True,standard,False
6,Monte Carlo,Monaco Grand Prix,5,S3,BEA,Haas F1 Team,BOR,Audi,0.334,279.0,274.0,5.0,4.0,HARD,4.0,HARD,True,standard,False
6,Monte Carlo,Monaco Grand Prix,6,S1,NOR,McLaren,GAS,Alpine,0.916,275.0,270.0,5.0,6.0,MEDIUM,6.0,MEDIUM,True,standard,False
6,Monte Carlo,Monaco Grand Prix,6,S1,HUL,Audi,SAI,Williams,0.696,281.0,270.0,11.0,6.0,MEDIUM,6.0,MEDIUM,True,standard,False
6,Monte Carlo,Monaco Grand Prix,6,S1,LIN,Racing Bulls,COL,Alpine,0.977,270.0,276.0,-6.0,6.0,MEDIUM,6.0,MEDIUM,True,standard,False
6,Monte Carlo,Monaco Grand Prix,6,S1,OCO,Haas F1 Team,LIN,Racing Bulls,0.954,280.0,270.0,10.0,6.0,MEDIUM,6.0,MEDIUM,True,standard,False
6,Monte Carlo,Monaco Grand Prix,6,S1,BOR,Audi,BOT,Cadillac,0.407,273.0,251.0,22.0,5.0,HARD,5.0,MEDIUM,True,standard,False
6,Monte Carlo,Monaco Grand Prix,6,S1,BEA,Haas F1 Team,BOR,Audi,0.414,278.0,273.0,5.0,5.0,HARD,5.0,HARD,True,standard,False
6,Monte Carlo,Monaco Grand Prix,6,S2,NOR,McLaren,GAS,Alpine,0.935,275.0,270.0,5.0,6.0,MEDIUM,6.0,MEDIUM,True,standard,False
6,Monte Carlo,Monaco Grand Prix,6,S2,HUL,Audi,SAI,Williams,0.517,281.0,270.0,11.0,6.0,MEDIUM,6.0,MEDIUM,True,standard,False
6,Monte Carlo,Monaco Grand Prix,6,S2,LIN,Racing Bulls,COL,Alpine,0.994,270.0,276.0,-6.0,6.0,MEDIUM,6.0,MEDIUM,True,standard,False
6,Monte Carlo,Monaco Grand Prix,6,S2,OCO,Haas F1 Team,LIN,Racing Bulls,0.808,280.0,270.0,10.0,6.0,MEDIUM,6.0,MEDIUM,True,standard,False
6,Monte Carlo,Monaco Grand Prix,6,S2,BOR,Audi,BOT,Cadillac,0.341,273.0,251.0,22.0,5.0,HARD,5.0,MEDIUM,True,standard,False
6,Monte Carlo,Monaco Grand Prix,6,S2,BEA,Haas F1 Team,BOR,Audi,0.414,278.0,273.0,5.0,5.0,HARD,5.0,HARD,True,standard,False
6,Monte Carlo,Monaco Grand Prix,6,S3,NOR,McLaren,GAS,Alpine,0.775,275.0,270.0,5.0,6.0,MEDIUM,6.0,MEDIUM,True,standard,False
6,Monte Carlo,Monaco Grand Prix,6,S3,HUL,Audi,SAI,Williams,0.739,281.0,270.0,11.0,6.0,MEDIUM,6.0,MEDIUM,True,standard,False
6,Monte Carlo,Monaco Grand Prix,6,S3,LIN,Racing Bulls,COL,Alpine,0.708,270.0,276.0,-6.0,6.0,MEDIUM,6.0,MEDIUM,True,standard,False
6,Monte Carlo,Monaco Grand Prix,6,S3,OCO,Haas F1 Team,LIN,Racing Bulls,0.839,280.0,270.0,10.0,6.0,MEDIUM,6.0,MEDIUM,True,standard,False
6,Monte Carlo,Monaco Grand Prix,6,S3,BOR,Audi,BOT,Cadillac,0.79,273.0,251.0,22.0,5.0,HARD,5.0,MEDIUM,True,standard,False
6,Monte Carlo,Monaco Grand Prix,6,S3,BEA,Haas F1 Team,BOR,Audi,0.432,278.0,273.0,5.0,5.0,HARD,5.0,HARD,True,standard,False
6,Monte Carlo,Monaco Grand Prix,7,S1,NOR,McLaren,GAS,Alpine,0.486,275.0,271.0,4.0,7.0,MEDIUM,7.0,MEDIUM,True,standard,False
6,Monte Carlo,Monaco Grand Prix,7,S1,HUL,Audi,SAI,Williams,0.61,283.0,270.0,13.0,7.0,MEDIUM,7.0,MEDIUM,True,standard,False
6,Monte Carlo,Monaco Grand Prix,7,S1,LIN,Racing Bulls,COL,Alpine,0.804,275.0,271.0,4.0,7.0,MEDIUM,7.0,MEDIUM,True,standard,False
6,Monte Carlo,Monaco Grand Prix,7,S1,OCO,Haas F1 Team,LIN,Racing Bulls,0.961,278.0,275.0,3.0,7.0,MEDIUM,7.0,MEDIUM,True,standard,False
6,Monte Carlo,Monaco Grand Prix,7,S1,BOR,Audi,BOT,Cadillac,0.42,278.0,252.0,26.0,6.0,HARD,6.0,MEDIUM,True,standard,False
6,Monte Carlo,Monaco Grand Prix,7,S1,BEA,Haas F1 Team,BOR,Audi,0.396,278.0,278.0,0.0,6.0,HARD,6.0,HARD,True,standard,False
6,Monte Carlo,Monaco Grand Prix,7,S2,NOR,McLaren,GAS,Alpine,0.476,275.0,271.0,4.0,7.0,MEDIUM,7.0,MEDIUM,True,standard,False
6,Monte Carlo,Monaco Grand Prix,7,S2,HUL,Audi,SAI,Williams,0.391,283.0,270.0,13.0,7.0,MEDIUM,7.0,MEDIUM,True,standard,False
6,Monte Carlo,Monaco Grand Prix,7,S2,OCO,Haas F1 Team,LIN,Racing Bulls,0.778,278.0,275.0,3.0,7.0,MEDIUM,7.0,MEDIUM,True,standard,False
6,Monte Carlo,Monaco Grand Prix,7,S2,BOR,Audi,BOT,Cadillac,0.274,278.0,252.0,26.0,6.0,HARD,6.0,MEDIUM,True,standard,False
6,Monte Carlo,Monaco Grand Prix,7,S2,BEA,Haas F1 Team,BOR,Audi,0.536,278.0,278.0,0.0,6.0,HARD,6.0,HARD,True,standard,False
6,Monte Carlo,Monaco Grand Prix,7,S3,NOR,McLaren,GAS,Alpine,0.438,275.0,271.0,4.0,7.0,MEDIUM,7.0,MEDIUM,True,standard,False
6,Monte Carlo,Monaco Grand Prix,7,S3,HUL,Audi,SAI,Williams,0.557,283.0,270.0,13.0,7.0,MEDIUM,7.0,MEDIUM,True,standard,False
6,Monte Carlo,Monaco Grand Prix,7,S3,LIN,Racing Bulls,COL,Alpine,0.99,275.0,271.0,4.0,7.0,MEDIUM,7.0,MEDIUM,True,standard,False
6,Monte Carlo,Monaco Grand Prix,7,S3,OCO,Haas F1 Team,LIN,Racing Bulls,0.837,278.0,275.0,3.0,7.0,MEDIUM,7.0,MEDIUM,True,standard,False
6,Monte Carlo,Monaco Grand Prix,7,S3,BOR,Audi,BOT,Cadillac,0.762,278.0,252.0,26.0,6.0,HARD,6.0,MEDIUM,True,standard,False
6,Monte Carlo,Monaco Grand Prix,7,S3,BEA,Haas F1 Team,BOR,Audi,0.333,278.0,278.0,0.0,6.0,HARD,6.0,HARD,True,standard,False
6,Monte Carlo,Monaco Grand Prix,8,S1,NOR,McLaren,GAS,Alpine,0.441,278.0,271.0,7.0,8.0,MEDIUM,8.0,MEDIUM,True,standard,False
6,Monte Carlo,Monaco Grand Prix,8,S1,COL,Alpine,HUL,Audi,0.88,271.0,281.0,-10.0,8.0,MEDIUM,8.0,MEDIUM,True,standard,False
6,Monte Carlo,Monaco Grand Prix,8,S1,LIN,Racing Bulls,COL,Alpine,0.913,271.0,271.0,0.0,8.0,MEDIUM,8.0,MEDIUM,True,standard,False
6,Monte Carlo,Monaco Grand Prix,8,S1,OCO,Haas F1 Team,LIN,Racing Bulls,0.985,279.0,271.0,8.0,8.0,MEDIUM,8.0,MEDIUM,True,standard,False
6,Monte Carlo,Monaco Grand Prix,8,S1,BOR,Audi,BOT,Cadillac,0.409,279.0,255.0,24.0,7.0,HARD,7.0,MEDIUM,True,standard,False
6,Monte Carlo,Monaco Grand Prix,8,S1,BEA,Haas F1 Team,BOR,Audi,0.51,280.0,279.0,1.0,7.0,HARD,7.0,HARD,True,standard,False
6,Monte Carlo,Monaco Grand Prix,8,S2,NOR,McLaren,GAS,Alpine,0.364,278.0,271.0,7.0,8.0,MEDIUM,8.0,MEDIUM,True,standard,False
6,Monte Carlo,Monaco Grand Prix,8,S2,LIN,Racing Bulls,COL,Alpine,0.832,271.0,271.0,0.0,8.0,MEDIUM,8.0,MEDIUM,True,standard,False
6,Monte Carlo,Monaco Grand Prix,8,S2,OCO,Haas F1 Team,LIN,Racing Bulls,0.706,279.0,271.0,8.0,8.0,MEDIUM,8.0,MEDIUM,True,standard,False
6,Monte Carlo,Monaco Grand Prix,8,S2,BOR,Audi,BOT,Cadillac,0.388,279.0,255.0,24.0,7.0,HARD,7.0,MEDIUM,True,standard,False
6,Monte Carlo,Monaco Grand Prix,8,S2,BEA,Haas F1 Team,BOR,Audi,0.385,280.0,279.0,1.0,7.0,HARD,7.0,HARD,True,standard,False
6,Monte Carlo,Monaco Grand Prix,8,S3,NOR,McLaren,GAS,Alpine,0.571,278.0,271.0,7.0,8.0,MEDIUM,8.0,MEDIUM,True,standard,False
6,Monte Carlo,Monaco Grand Prix,8,S3,LIN,Racing Bulls,COL,Alpine,0.556,271.0,271.0,0.0,8.0,MEDIUM,8.0,MEDIUM,True,standard,False
6,Monte Carlo,Monaco Grand Prix,8,S3,OCO,Haas F1 Team,LIN,Racing Bulls,0.962,279.0,271.0,8.0,8.0,MEDIUM,8.0,MEDIUM,True,standard,False
6,Monte Carlo,Monaco Grand Prix,8,S3,BOR,Audi,BOT,Cadillac,0.823,279.0,255.0,24.0,7.0,HARD,7.0,MEDIUM,True,standard,False
6,Monte Carlo,Monaco Grand Prix,8,S3,BEA,Haas F1 Team,BOR,Audi,0.263,280.0,279.0,1.0,7.0,HARD,7.0,HARD,True,standard,False
6,Monte Carlo,Monaco Grand Prix,9,S1,LIN,Racing Bulls,COL,Alpine,0.611,280.0,271.0,9.0,9.0,MEDIUM,9.0,MEDIUM,True,standard,False
6,Monte Carlo,Monaco Grand Prix,9,S1,OCO,Haas F1 Team,LIN,Racing Bulls,0.98,280.0,280.0,0.0,9.0,MEDIUM,9.0,MEDIUM,True,standard,False
6,Monte Carlo,Monaco Grand Prix,9,S1,BOR,Audi,BOT,Cadillac,0.449,279.0,256.0,23.0,8.0,HARD,8.0,MEDIUM,True,standard,False
6,Monte Carlo,Monaco Grand Prix,9,S1,BEA,Haas F1 Team,BOR,Audi,0.57,280.0,279.0,1.0,8.0,HARD,8.0,HARD,True,standard,False
6,Monte Carlo,Monaco Grand Prix,9,S2,NOR,McLaren,GAS,Alpine,0.786,277.0,271.0,6.0,9.0,MEDIUM,9.0,MEDIUM,True,standard,False
6,Monte Carlo,Monaco Grand Prix,9,S2,HUL,Audi,SAI,Williams,0.821,280.0,272.0,8.0,9.0,MEDIUM,9.0,MEDIUM,True,standard,False
6,Monte Carlo,Monaco Grand Prix,9,S2,LIN,Racing Bulls,COL,Alpine,0.766,280.0,271.0,9.0,9.0,MEDIUM,9.0,MEDIUM,True,standard,False
6,Monte Carlo,Monaco Grand Prix,9,S2,OCO,Haas F1 Team,LIN,Racing Bulls,0.949,280.0,280.0,0.0,9.0,MEDIUM,9.0,MEDIUM,True,standard,False
6,Monte Carlo,Monaco Grand Prix,9,S2,BOR,Audi,BOT,Cadillac,0.268,279.0,256.0,23.0,8.0,HARD,8.0,MEDIUM,True,standard,False
6,Monte Carlo,Monaco Grand Prix,9,S2,BEA,Haas F1 Team,BOR,Audi,0.311,280.0,279.0,1.0,8.0,HARD,8.0,HARD,True,standard,False
6,Monte Carlo,Monaco Grand Prix,9,S3,NOR,McLaren,GAS,Alpine,0.5,277.0,271.0,6.0,9.0,MEDIUM,9.0,MEDIUM,True,standard,False
6,Monte Carlo,Monaco Grand Prix,9,S3,COL,Alpine,HUL,Audi,0.645,271.0,280.0,-9.0,9.0,MEDIUM,9.0,MEDIUM,True,standard,False
6,Monte Carlo,Monaco Grand Prix,9,S3,LIN,Racing Bulls,COL,Alpine,0.894,280.0,271.0,9.0,9.0,MEDIUM,9.0,MEDIUM,True,standard,False
6,Monte Carlo,Monaco Grand Prix,9,S3,BOR,Audi,BOT,Cadillac,0.583,279.0,256.0,23.0,8.0,HARD,8.0,MEDIUM,True,standard,False
6,Monte Carlo,Monaco Grand Prix,9,S3,BEA,Haas F1 Team,BOR,Audi,0.399,280.0,279.0,1.0,8.0,HARD,8.0,HARD,True,standard,False
6,Monte Carlo,Monaco Grand Prix,10,S1,NOR,McLaren,GAS,Alpine,0.511,278.0,271.0,7.0,10.0,MEDIUM,10.0,MEDIUM,True,standard,False
6,Monte Carlo,Monaco Grand Prix,10,S1,COL,Alpine,HUL,Audi,0.707,272.0,280.0,-8.0,10.0,MEDIUM,10.0,MEDIUM,True,standard,False
6,Monte Carlo,Monaco Grand Prix,10,S1,LIN,Racing Bulls,COL,Alpine,0.649,280.0,272.0,8.0,10.0,MEDIUM,10.0,MEDIUM,True,standard,False
6,Monte Carlo,Monaco Grand Prix,10,S1,BEA,Haas F1 Team,BOR,Audi,0.728,266.0,273.0,-7.0,9.0,HARD,9.0,HARD,True,standard,False
6,Monte Carlo,Monaco Grand Prix,10,S2,NOR,McLaren,GAS,Alpine,0.573,278.0,271.0,7.0,10.0,MEDIUM,10.0,MEDIUM,True,standard,False
6,Monte Carlo,Monaco Grand Prix,10,S2,COL,Alpine,HUL,Audi,0.759,272.0,280.0,-8.0,10.0,MEDIUM,10.0,MEDIUM,True,standard,False
6,Monte Carlo,Monaco Grand Prix,10,S2,LIN,Racing Bulls,COL,Alpine,0.71,280.0,272.0,8.0,10.0,MEDIUM,10.0,MEDIUM,True,standard,False
6,Monte Carlo,Monaco Grand Prix,10,S2,BOR,Audi,BOT,Cadillac,0.388,273.0,259.0,14.0,9.0,HARD,9.0,MEDIUM,True,standard,False
6,Monte Carlo,Monaco Grand Prix,10,S2,BEA,Haas F1 Team,BOR,Audi,0.431,266.0,273.0,-7.0,9.0,HARD,9.0,HARD,True,standard,False
6,Monte Carlo,Monaco Grand Prix,10,S3,LIN,Racing Bulls,COL,Alpine,0.566,280.0,272.0,8.0,10.0,MEDIUM,10.0,MEDIUM,True,standard,False
6,Monte Carlo,Monaco Grand Prix,10,S3,BEA,Haas F1 Team,BOR,Audi,0.618,266.0,273.0,-7.0,9.0,HARD,9.0,HARD,True,standard,False
6,Monte Carlo,Monaco Grand Prix,11,S1,NOR,McLaren,GAS,Alpine,0.824,277.0,270.0,7.0,11.0,MEDIUM,11.0,MEDIUM,True,standard,False
6,Monte Carlo,Monaco Grand Prix,11,S1,COL,Alpine,HUL,Audi,0.88,282.0,269.0,13.0,11.0,MEDIUM,11.0,MEDIUM,True,standard,False
6,Monte Carlo,Monaco Grand Prix,11,S1,BEA,Haas F1 Team,BOR,Audi,0.606,257.0,280.0,-23.0,10.0,HARD,10.0,HARD,True,standard,False
6,Monte Carlo,Monaco Grand Prix,11,S2,COL,Alpine,HUL,Audi,0.864,282.0,269.0,13.0,11.0,MEDIUM,11.0,MEDIUM,True,standard,False
6,Monte Carlo,Monaco Grand Prix,11,S2,LIN,Racing Bulls,COL,Alpine,0.955,280.0,282.0,-2.0,11.0,MEDIUM,11.0,MEDIUM,True,standard,False
6,Monte Carlo,Monaco Grand Prix,11,S2,BOR,Audi,BOT,Cadillac,0.414,280.0,259.0,21.0,10.0,HARD,10.0,MEDIUM,True,standard,False
6,Monte Carlo,Monaco Grand Prix,11,S3,LIN,Racing Bulls,COL,Alpine,0.873,280.0,282.0,-2.0,11.0,MEDIUM,11.0,MEDIUM,True,standard,False
6,Monte Carlo,Monaco Grand Prix,11,S3,BOR,Audi,BOT,Cadillac,0.941,280.0,259.0,21.0,10.0,HARD,10.0,MEDIUM,True,standard,False
6,Monte Carlo,Monaco Grand Prix,11,S3,BEA,Haas F1 Team,BOR,Audi,0.529,257.0,280.0,-23.0,10.0,HARD,10.0,HARD,True,standard,False
6,Monte Carlo,Monaco Grand Prix,12,S1,BOR,Audi,BOT,Cadillac,0.598,281.0,259.0,22.0,11.0,HARD,11.0,MEDIUM,True,standard,False
6,Monte Carlo,Monaco Grand Prix,12,S1,BEA,Haas F1 Team,BOR,Audi,0.489,272.0,281.0,-9.0,11.0,HARD,11.0,HARD,True,standard,False
6,Monte Carlo,Monaco Grand Prix,12,S2,NOR,McLaren,GAS,Alpine,0.687,270.0,271.0,-1.0,12.0,MEDIUM,12.0,MEDIUM,True,standard,False
6,Monte Carlo,Monaco Grand Prix,12,S2,BOR,Audi,BOT,Cadillac,0.497,281.0,259.0,22.0,11.0,HARD,11.0,MEDIUM,True,standard,False
6,Monte Carlo,Monaco Grand Prix,12,S3,NOR,McLaren,GAS,Alpine,0.461,270.0,271.0,-1.0,12.0,MEDIUM,12.0,MEDIUM,True,standard,False
6,Monte Carlo,Monaco Grand Prix,13,S1,NOR,McLaren,GAS,Alpine,0.741,276.0,271.0,5.0,13.0,MEDIUM,13.0,MEDIUM,True,standard,False
6,Monte Carlo,Monaco Grand Prix,13,S2,RUS,Mercedes,HAD,Red Bull Racing,0.93,271.0,268.0,3.0,13.0,MEDIUM,13.0,MEDIUM,True,standard,False
6,Monte Carlo,Monaco Grand Prix,13,S2,NOR,McLaren,GAS,Alpine,0.831,276.0,271.0,5.0,13.0,MEDIUM,13.0,MEDIUM,True,standard,False
6,Monte Carlo,Monaco Grand Prix,13,S2,BOR,Audi,BOT,Cadillac,0.465,274.0,249.0,25.0,12.0,HARD,12.0,MEDIUM,True,standard,False
6,Monte Carlo,Monaco Grand Prix,13,S2,BEA,Haas F1 Team,BOR,Audi,0.722,271.0,274.0,-3.0,12.0,HARD,12.0,HARD,True,standard,False
6,Monte Carlo,Monaco Grand Prix,13,S3,RUS,Mercedes,HAD,Red Bull Racing,0.903,271.0,268.0,3.0,13.0,MEDIUM,13.0,MEDIUM,True,standard,False
6,Monte Carlo,Monaco Grand Prix,13,S3,NOR,McLaren,GAS,Alpine,0.519,276.0,271.0,5.0,13.0,MEDIUM,13.0,MEDIUM,True,standard,False
6,Monte Carlo,Monaco Grand Prix,13,S3,BOR,Audi,BOT,Cadillac,0.698,274.0,249.0,25.0,12.0,HARD,12.0,MEDIUM,True,standard,False
6,Monte Carlo,Monaco Grand Prix,13,S3,BEA,Haas F1 Team,BOR,Audi,0.35,271.0,274.0,-3.0,12.0,HARD,12.0,HARD,True,standard,False
6,Monte Carlo,Monaco Grand Prix,14,S1,NOR,McLaren,GAS,Alpine,0.461,279.0,271.0,8.0,14.0,MEDIUM,14.0,MEDIUM,True,standard,False
6,Monte Carlo,Monaco Grand Prix,14,S1,BOR,Audi,BOT,Cadillac,0.437,281.0,253.0,28.0,13.0,HARD,13.0,MEDIUM,True,standard,False
6,Monte Carlo,Monaco Grand Prix,14,S1,BEA,Haas F1 Team,BOR,Audi,0.439,280.0,281.0,-1.0,13.0,HARD,13.0,HARD,True,standard,False
6,Monte Carlo,Monaco Grand Prix,14,S2,NOR,McLaren,GAS,Alpine,0.612,279.0,271.0,8.0,14.0,MEDIUM,14.0,MEDIUM,True,standard,False
6,Monte Carlo,Monaco Grand Prix,14,S2,BOR,Audi,BOT,Cadillac,0.376,281.0,253.0,28.0,13.0,HARD,13.0,MEDIUM,True,standard,False
6,Monte Carlo,Monaco Grand Prix,14,S2,BEA,Haas F1 Team,BOR,Audi,0.416,280.0,281.0,-1.0,13.0,HARD,13.0,HARD,True,standard,False
6,Monte Carlo,Monaco Grand Prix,14,S3,RUS,Mercedes,HAD,Red Bull Racing,0.99,277.0,267.0,10.0,14.0,MEDIUM,14.0,MEDIUM,True,standard,False
6,Monte Carlo,Monaco Grand Prix,14,S3,NOR,McLaren,GAS,Alpine,0.485,279.0,271.0,8.0,14.0,MEDIUM,14.0,MEDIUM,True,standard,False
6,Monte Carlo,Monaco Grand Prix,14,S3,BOR,Audi,BOT,Cadillac,0.705,281.0,253.0,28.0,13.0,HARD,13.0,MEDIUM,True,standard,False
6,Monte Carlo,Monaco Grand Prix,14,S3,BEA,Haas F1 Team,BOR,Audi,0.259,280.0,281.0,-1.0,13.0,HARD,13.0,HARD,True,standard,False
6,Monte Carlo,Monaco Grand Prix,15,S1,RUS,Mercedes,HAD,Red Bull Racing,0.946,278.0,267.0,11.0,15.0,MEDIUM,15.0,MEDIUM,True,standard,False
6,Monte Carlo,Monaco Grand Prix,15,S1,NOR,McLaren,GAS,Alpine,0.593,279.0,272.0,7.0,15.0,MEDIUM,15.0,MEDIUM,True,standard,False
6,Monte Carlo,Monaco Grand Prix,15,S1,BOR,Audi,BOT,Cadillac,0.373,280.0,260.0,20.0,14.0,HARD,14.0,MEDIUM,True,standard,False
6,Monte Carlo,Monaco Grand Prix,15,S1,BEA,Haas F1 Team,BOR,Audi,0.436,280.0,280.0,0.0,14.0,HARD,14.0,HARD,True,standard,False
6,Monte Carlo,Monaco Grand Prix,15,S2,RUS,Mercedes,HAD,Red Bull Racing,0.569,278.0,267.0,11.0,15.0,MEDIUM,15.0,MEDIUM,True,standard,False
6,Monte Carlo,Monaco Grand Prix,15,S2,BOR,Audi,BOT,Cadillac,0.306,280.0,260.0,20.0,14.0,HARD,14.0,MEDIUM,True,standard,False
6,Monte Carlo,Monaco Grand Prix,15,S2,BEA,Haas F1 Team,BOR,Audi,0.449,280.0,280.0,0.0,14.0,HARD,14.0,HARD,True,standard,False
6,Monte Carlo,Monaco Grand Prix,15,S3,RUS,Mercedes,HAD,Red Bull Racing,0.717,278.0,267.0,11.0,15.0,MEDIUM,15.0,MEDIUM,True,standard,False
6,Monte Carlo,Monaco Grand Prix,15,S3,BOR,Audi,BOT,Cadillac,0.754,280.0,260.0,20.0,14.0,HARD,14.0,MEDIUM,True,standard,False
6,Monte Carlo,Monaco Grand Prix,16,S1,BEA,Haas F1 Team,BOR,Audi,0.479,277.0,281.0,-4.0,15.0,HARD,15.0,HARD,True,standard,False
6,Monte Carlo,Monaco Grand Prix,16,S2,RUS,Mercedes,HAD,Red Bull Racing,0.797,278.0,268.0,10.0,16.0,MEDIUM,16.0,MEDIUM,True,standard,False
6,Monte Carlo,Monaco Grand Prix,16,S2,NOR,McLaren,GAS,Alpine,0.919,275.0,271.0,4.0,16.0,MEDIUM,16.0,MEDIUM,True,standard,False
6,Monte Carlo,Monaco Grand Prix,16,S2,BOR,Audi,BOT,Cadillac,0.181,281.0,261.0,20.0,15.0,HARD,15.0,MEDIUM,True,standard,False
6,Monte Carlo,Monaco Grand Prix,16,S2,BEA,Haas F1 Team,BOR,Audi,0.34,277.0,281.0,-4.0,15.0,HARD,15.0,HARD,True,standard,False
6,Monte Carlo,Monaco Grand Prix,16,S3,RUS,Mercedes,HAD,Red Bull Racing,0.946,278.0,268.0,10.0,16.0,MEDIUM,16.0,MEDIUM,True,standard,False
6,Monte Carlo,Monaco Grand Prix,16,S3,NOR,McLaren,GAS,Alpine,0.526,275.0,271.0,4.0,16.0,MEDIUM,16.0,MEDIUM,True,standard,False
6,Monte Carlo,Monaco Grand Prix,16,S3,BEA,Haas F1 Team,BOR,Audi,0.362,277.0,281.0,-4.0,15.0,HARD,15.0,HARD,True,standard,False
6,Monte Carlo,Monaco Grand Prix,17,S1,RUS,Mercedes,HAD,Red Bull Racing,0.973,278.0,267.0,11.0,17.0,MEDIUM,17.0,MEDIUM,True,standard,False
6,Monte Carlo,Monaco Grand Prix,17,S1,NOR,McLaren,GAS,Alpine,0.476,277.0,271.0,6.0,17.0,MEDIUM,17.0,MEDIUM,True,standard,False
6,Monte Carlo,Monaco Grand Prix,17,S2,RUS,Mercedes,HAD,Red Bull Racing,0.893,278.0,267.0,11.0,17.0,MEDIUM,17.0,MEDIUM,True,standard,False
6,Monte Carlo,Monaco Grand Prix,17,S2,NOR,McLaren,GAS,Alpine,0.7,277.0,271.0,6.0,17.0,MEDIUM,17.0,MEDIUM,True,standard,False
6,Monte Carlo,Monaco Grand Prix,17,S3,NOR,McLaren,GAS,Alpine,0.486,277.0,271.0,6.0,17.0,MEDIUM,17.0,MEDIUM,True,standard,False
6,Monte Carlo,Monaco Grand Prix,18,S1,NOR,McLaren,GAS,Alpine,0.508,279.0,271.0,8.0,18.0,MEDIUM,18.0,MEDIUM,True,standard,False
6,Monte Carlo,Monaco Grand Prix,18,S2,RUS,Mercedes,HAD,Red Bull Racing,0.869,277.0,268.0,9.0,18.0,MEDIUM,18.0,MEDIUM,True,standard,False
6,Monte Carlo,Monaco Grand Prix,18,S2,NOR,McLaren,GAS,Alpine,0.485,279.0,271.0,8.0,18.0,MEDIUM,18.0,MEDIUM,True,standard,False
6,Monte Carlo,Monaco Grand Prix,18,S3,RUS,Mercedes,HAD,Red Bull Racing,0.705,277.0,268.0,9.0,18.0,MEDIUM,18.0,MEDIUM,True,standard,False
6,Monte Carlo,Monaco Grand Prix,18,S3,NOR,McLaren,GAS,Alpine,0.425,279.0,271.0,8.0,18.0,MEDIUM,18.0,MEDIUM,True,standard,False
6,Monte Carlo,Monaco Grand Prix,19,S1,RUS,Mercedes,HAD,Red Bull Racing,0.655,280.0,265.0,15.0,19.0,MEDIUM,19.0,MEDIUM,True,standard,False
6,Monte Carlo,Monaco Grand Prix,19,S1,NOR,McLaren,GAS,Alpine,0.441,280.0,271.0,9.0,19.0,MEDIUM,19.0,MEDIUM,True,standard,False
6,Monte Carlo,Monaco Grand Prix,19,S2,RUS,Mercedes,HAD,Red Bull Racing,0.372,280.0,265.0,15.0,19.0,MEDIUM,19.0,MEDIUM,True,standard,False
6,Monte Carlo,Monaco Grand Prix,19,S2,NOR,McLaren,GAS,Alpine,0.427,280.0,271.0,9.0,19.0,MEDIUM,19.0,MEDIUM,True,standard,False
6,Monte Carlo,Monaco Grand Prix,19,S3,RUS,Mercedes,HAD,Red Bull Racing,0.58,280.0,265.0,15.0,19.0,MEDIUM,19.0,MEDIUM,True,standard,False
6,Monte Carlo,Monaco Grand Prix,19,S3,NOR,McLaren,GAS,Alpine,0.444,280.0,271.0,9.0,19.0,MEDIUM,19.0,MEDIUM,True,standard,False
6,Monte Carlo,Monaco Grand Prix,20,S1,RUS,Mercedes,HAD,Red Bull Racing,0.709,279.0,265.0,14.0,20.0,MEDIUM,20.0,MEDIUM,True,standard,False
6,Monte Carlo,Monaco Grand Prix,20,S1,NOR,McLaren,GAS,Alpine,0.605,279.0,271.0,8.0,20.0,MEDIUM,20.0,MEDIUM,True,standard,False
6,Monte Carlo,Monaco Grand Prix,20,S2,RUS,Mercedes,HAD,Red Bull Racing,0.505,279.0,265.0,14.0,20.0,MEDIUM,20.0,MEDIUM,True,standard,False
6,Monte Carlo,Monaco Grand Prix,20,S2,NOR,McLaren,GAS,Alpine,0.6,279.0,271.0,8.0,20.0,MEDIUM,20.0,MEDIUM,True,standard,False
6,Monte Carlo,Monaco Grand Prix,20,S3,RUS,Mercedes,HAD,Red Bull Racing,0.553,279.0,265.0,14.0,20.0,MEDIUM,20.0,MEDIUM,True,standard,False
6,Monte Carlo,Monaco Grand Prix,20,S3,NOR,McLaren,GAS,Alpine,0.525,279.0,271.0,8.0,20.0,MEDIUM,20.0,MEDIUM,True,standard,False
6,Monte Carlo,Monaco Grand Prix,21,S1,RUS,Mercedes,HAD,Red Bull Racing,0.588,280.0,266.0,14.0,21.0,MEDIUM,21.0,MEDIUM,True,standard,False
6,Monte Carlo,Monaco Grand Prix,21,S1,NOR,McLaren,GAS,Alpine,0.607,279.0,272.0,7.0,21.0,MEDIUM,21.0,MEDIUM,True,standard,False
6,Monte Carlo,Monaco Grand Prix,21,S2,RUS,Mercedes,HAD,Red Bull Racing,0.372,280.0,266.0,14.0,21.0,MEDIUM,21.0,MEDIUM,True,standard,False
6,Monte Carlo,Monaco Grand Prix,21,S2,NOR,McLaren,GAS,Alpine,0.787,279.0,272.0,7.0,21.0,MEDIUM,21.0,MEDIUM,True,standard,False
6,Monte Carlo,Monaco Grand Prix,21,S2,PER,Cadillac,STR,Aston Martin,0.91,260.0,265.0,-5.0,17.0,MEDIUM,17.0,SOFT,True,standard,False
6,Monte Carlo,Monaco Grand Prix,21,S3,RUS,Mercedes,HAD,Red Bull Racing,0.693,280.0,266.0,14.0,21.0,MEDIUM,21.0,MEDIUM,True,standard,False
6,Monte Carlo,Monaco Grand Prix,21,S3,PER,Cadillac,STR,Aston Martin,0.888,260.0,265.0,-5.0,17.0,MEDIUM,17.0,SOFT,True,standard,False
6,Monte Carlo,Monaco Grand Prix,22,S1,RUS,Mercedes,HAD,Red Bull Racing,0.613,271.0,260.0,11.0,22.0,MEDIUM,22.0,MEDIUM,True,standard,False
6,Monte Carlo,Monaco Grand Prix,22,S2,RUS,Mercedes,HAD,Red Bull Racing,0.401,271.0,260.0,11.0,22.0,MEDIUM,22.0,MEDIUM,True,standard,False
6,Monte Carlo,Monaco Grand Prix,22,S2,NOR,McLaren,GAS,Alpine,0.656,279.0,272.0,7.0,22.0,MEDIUM,22.0,MEDIUM,True,standard,False
6,Monte Carlo,Monaco Grand Prix,22,S3,RUS,Mercedes,HAD,Red Bull Racing,0.632,271.0,260.0,11.0,22.0,MEDIUM,22.0,MEDIUM,True,standard,False
6,Monte Carlo,Monaco Grand Prix,22,S3,NOR,McLaren,GAS,Alpine,0.655,279.0,272.0,7.0,22.0,MEDIUM,22.0,MEDIUM,True,standard,False
6,Monte Carlo,Monaco Grand Prix,23,S1,RUS,Mercedes,HAD,Red Bull Racing,0.815,279.0,265.0,14.0,23.0,MEDIUM,23.0,MEDIUM,True,standard,False
6,Monte Carlo,Monaco Grand Prix,23,S1,NOR,McLaren,GAS,Alpine,0.736,279.0,272.0,7.0,23.0,MEDIUM,23.0,MEDIUM,True,standard,False
6,Monte Carlo,Monaco Grand Prix,23,S2,RUS,Mercedes,HAD,Red Bull Racing,0.411,279.0,265.0,14.0,23.0,MEDIUM,23.0,MEDIUM,True,standard,False
6,Monte Carlo,Monaco Grand Prix,23,S2,NOR,McLaren,GAS,Alpine,0.607,279.0,272.0,7.0,23.0,MEDIUM,23.0,MEDIUM,True,standard,False
6,Monte Carlo,Monaco Grand Prix,23,S3,RUS,Mercedes,HAD,Red Bull Racing,0.495,279.0,265.0,14.0,23.0,MEDIUM,23.0,MEDIUM,True,standard,False
6,Monte Carlo,Monaco Grand Prix,23,S3,NOR,McLaren,GAS,Alpine,0.443,279.0,272.0,7.0,23.0,MEDIUM,23.0,MEDIUM,True,standard,False
6,Monte Carlo,Monaco Grand Prix,24,S1,RUS,Mercedes,HAD,Red Bull Racing,0.652,280.0,264.0,16.0,24.0,MEDIUM,24.0,MEDIUM,True,standard,False
6,Monte Carlo,Monaco Grand Prix,24,S1,NOR,McLaren,GAS,Alpine,0.5,280.0,271.0,9.0,24.0,MEDIUM,24.0,MEDIUM,True,standard,False
6,Monte Carlo,Monaco Grand Prix,24,S2,RUS,Mercedes,HAD,Red Bull Racing,0.451,280.0,264.0,16.0,24.0,MEDIUM,24.0,MEDIUM,True,standard,False
6,Monte Carlo,Monaco Grand Prix,24,S2,NOR,McLaren,GAS,Alpine,0.587,280.0,271.0,9.0,24.0,MEDIUM,24.0,MEDIUM,True,standard,False
6,Monte Carlo,Monaco Grand Prix,24,S3,RUS,Mercedes,HAD,Red Bull Racing,0.484,280.0,264.0,16.0,24.0,MEDIUM,24.0,MEDIUM,True,standard,False
6,Monte Carlo,Monaco Grand Prix,24,S3,NOR,McLaren,GAS,Alpine,0.599,280.0,271.0,9.0,24.0,MEDIUM,24.0,MEDIUM,True,standard,False
6,Monte Carlo,Monaco Grand Prix,25,S1,RUS,Mercedes,HAD,Red Bull Racing,0.533,280.0,262.0,18.0,25.0,MEDIUM,25.0,MEDIUM,True,standard,False
6,Monte Carlo,Monaco Grand Prix,25,S1,NOR,McLaren,GAS,Alpine,0.846,279.0,271.0,8.0,25.0,MEDIUM,25.0,MEDIUM,True,standard,False
6,Monte Carlo,Monaco Grand Prix,25,S2,RUS,Mercedes,HAD,Red Bull Racing,0.387,280.0,262.0,18.0,25.0,MEDIUM,25.0,MEDIUM,True,standard,False
6,Monte Carlo,Monaco Grand Prix,25,S2,NOR,McLaren,GAS,Alpine,0.683,279.0,271.0,8.0,25.0,MEDIUM,25.0,MEDIUM,True,standard,False
6,Monte Carlo,Monaco Grand Prix,25,S2,HUL,Audi,LIN,Racing Bulls,0.957,273.0,271.0,2.0,13.0,HARD,25.0,MEDIUM,True,standard,False
6,Monte Carlo,Monaco Grand Prix,25,S3,RUS,Mercedes,HAD,Red Bull Racing,0.599,280.0,262.0,18.0,25.0,MEDIUM,25.0,MEDIUM,True,standard,False
6,Monte Carlo,Monaco Grand Prix,25,S3,NOR,McLaren,GAS,Alpine,0.529,279.0,271.0,8.0,25.0,MEDIUM,25.0,MEDIUM,True,standard,False
6,Monte Carlo,Monaco Grand Prix,26,S1,RUS,Mercedes,HAD,Red Bull Racing,0.674,281.0,265.0,16.0,26.0,MEDIUM,26.0,MEDIUM,True,standard,False
6,Monte Carlo,Monaco Grand Prix,26,S1,NOR,McLaren,GAS,Alpine,0.504,280.0,272.0,8.0,26.0,MEDIUM,26.0,MEDIUM,True,standard,False
6,Monte Carlo,Monaco Grand Prix,26,S2,RUS,Mercedes,HAD,Red Bull Racing,0.449,281.0,265.0,16.0,26.0,MEDIUM,26.0,MEDIUM,True,standard,False
6,Monte Carlo,Monaco Grand Prix,26,S2,NOR,McLaren,GAS,Alpine,0.448,280.0,272.0,8.0,26.0,MEDIUM,26.0,MEDIUM,True,standard,False
6,Monte Carlo,Monaco Grand Prix,26,S2,HUL,Audi,LIN,Racing Bulls,0.843,273.0,271.0,2.0,14.0,HARD,26.0,MEDIUM,True,standard,False
6,Monte Carlo,Monaco Grand Prix,26,S3,RUS,Mercedes,HAD,Red Bull Racing,0.533,281.0,265.0,16.0,26.0,MEDIUM,26.0,MEDIUM,True,standard,False
6,Monte Carlo,Monaco Grand Prix,26,S3,NOR,McLaren,GAS,Alpine,0.546,280.0,272.0,8.0,26.0,MEDIUM,26.0,MEDIUM,True,standard,False
6,Monte Carlo,Monaco Grand Prix,26,S3,HUL,Audi,LIN,Racing Bulls,0.716,273.0,271.0,2.0,14.0,HARD,26.0,MEDIUM,True,standard,False
6,Monte Carlo,Monaco Grand Prix,27,S1,RUS,Mercedes,HAD,Red Bull Racing,0.567,281.0,267.0,14.0,27.0,MEDIUM,27.0,MEDIUM,True,standard,False
6,Monte Carlo,Monaco Grand Prix,27,S1,NOR,McLaren,GAS,Alpine,0.669,280.0,271.0,9.0,27.0,MEDIUM,27.0,MEDIUM,True,standard,False
6,Monte Carlo,Monaco Grand Prix,27,S1,HUL,Audi,LIN,Racing Bulls,0.635,283.0,271.0,12.0,15.0,HARD,27.0,MEDIUM,True,standard,False
6,Monte Carlo,Monaco Grand Prix,27,S2,RUS,Mercedes,HAD,Red Bull Racing,0.353,281.0,267.0,14.0,27.0,MEDIUM,27.0,MEDIUM,True,standard,False
6,Monte Carlo,Monaco Grand Prix,27,S2,NOR,McLaren,GAS,Alpine,0.373,280.0,271.0,9.0,27.0,MEDIUM,27.0,MEDIUM,True,standard,False
6,Monte Carlo,Monaco Grand Prix,27,S2,HUL,Audi,LIN,Racing Bulls,0.469,283.0,271.0,12.0,15.0,HARD,27.0,MEDIUM,True,standard,False
6,Monte Carlo,Monaco Grand Prix,27,S3,RUS,Mercedes,HAD,Red Bull Racing,0.642,281.0,267.0,14.0,27.0,MEDIUM,27.0,MEDIUM,True,standard,False
6,Monte Carlo,Monaco Grand Prix,27,S3,NOR,McLaren,GAS,Alpine,0.401,280.0,271.0,9.0,27.0,MEDIUM,27.0,MEDIUM,True,standard,False
6,Monte Carlo,Monaco Grand Prix,27,S3,HUL,Audi,LIN,Racing Bulls,0.685,283.0,271.0,12.0,15.0,HARD,27.0,MEDIUM,True,standard,False
6,Monte Carlo,Monaco Grand Prix,28,S1,RUS,Mercedes,HAD,Red Bull Racing,0.755,280.0,266.0,14.0,28.0,MEDIUM,28.0,MEDIUM,True,standard,False
6,Monte Carlo,Monaco Grand Prix,28,S1,NOR,McLaren,GAS,Alpine,0.506,277.0,272.0,5.0,28.0,MEDIUM,28.0,MEDIUM,True,standard,False
6,Monte Carlo,Monaco Grand Prix,28,S1,HUL,Audi,LIN,Racing Bulls,0.542,283.0,271.0,12.0,16.0,HARD,28.0,MEDIUM,True,standard,False
6,Monte Carlo,Monaco Grand Prix,28,S2,RUS,Mercedes,HAD,Red Bull Racing,0.59,280.0,266.0,14.0,28.0,MEDIUM,28.0,MEDIUM,True,standard,False
6,Monte Carlo,Monaco Grand Prix,28,S2,NOR,McLaren,GAS,Alpine,0.357,277.0,272.0,5.0,28.0,MEDIUM,28.0,MEDIUM,True,standard,False
6,Monte Carlo,Monaco Grand Prix,28,S2,HUL,Audi,LIN,Racing Bulls,0.457,283.0,271.0,12.0,16.0,HARD,28.0,MEDIUM,True,standard,False
6,Monte Carlo,Monaco Grand Prix,28,S3,RUS,Mercedes,HAD,Red Bull Racing,0.712,280.0,266.0,14.0,28.0,MEDIUM,28.0,MEDIUM,True,standard,False
6,Monte Carlo,Monaco Grand Prix,28,S3,NOR,McLaren,GAS,Alpine,0.269,277.0,272.0,5.0,28.0,MEDIUM,28.0,MEDIUM,True,standard,False
6,Monte Carlo,Monaco Grand Prix,29,S1,RUS,Mercedes,HAD,Red Bull Racing,0.779,280.0,265.0,15.0,29.0,MEDIUM,29.0,MEDIUM,True,standard,False
6,Monte Carlo,Monaco Grand Prix,29,S1,NOR,McLaren,GAS,Alpine,0.497,278.0,272.0,6.0,29.0,MEDIUM,29.0,MEDIUM,True,standard,False
6,Monte Carlo,Monaco Grand Prix,29,S2,RUS,Mercedes,HAD,Red Bull Racing,0.48,280.0,265.0,15.0,29.0,MEDIUM,29.0,MEDIUM,True,standard,False
6,Monte Carlo,Monaco Grand Prix,29,S2,NOR,McLaren,GAS,Alpine,0.452,278.0,272.0,6.0,29.0,MEDIUM,29.0,MEDIUM,True,standard,False
6,Monte Carlo,Monaco Grand Prix,29,S2,HUL,Audi,LIN,Racing Bulls,0.599,282.0,272.0,10.0,17.0,HARD,29.0,MEDIUM,True,standard,False
6,Monte Carlo,Monaco Grand Prix,29,S3,RUS,Mercedes,HAD,Red Bull Racing,0.609,280.0,265.0,15.0,29.0,MEDIUM,29.0,MEDIUM,True,standard,False
6,Monte Carlo,Monaco Grand Prix,29,S3,NOR,McLaren,GAS,Alpine,0.411,278.0,272.0,6.0,29.0,MEDIUM,29.0,MEDIUM,True,standard,False
6,Monte Carlo,Monaco Grand Prix,29,S3,HUL,Audi,LIN,Racing Bulls,0.811,282.0,272.0,10.0,17.0,HARD,29.0,MEDIUM,True,standard,False
6,Monte Carlo,Monaco Grand Prix,30,S1,RUS,Mercedes,HAD,Red Bull Racing,0.639,279.0,264.0,15.0,30.0,MEDIUM,30.0,MEDIUM,True,standard,False
6,Monte Carlo,Monaco Grand Prix,30,S1,NOR,McLaren,GAS,Alpine,0.485,279.0,271.0,8.0,30.0,MEDIUM,30.0,MEDIUM,True,standard,False
6,Monte Carlo,Monaco Grand Prix,30,S1,HUL,Audi,LIN,Racing Bulls,0.508,283.0,271.0,12.0,18.0,HARD,30.0,MEDIUM,True,standard,False
6,Monte Carlo,Monaco Grand Prix,30,S2,RUS,Mercedes,HAD,Red Bull Racing,0.48,279.0,264.0,15.0,30.0,MEDIUM,30.0,MEDIUM,True,standard,False
6,Monte Carlo,Monaco Grand Prix,30,S2,NOR,McLaren,GAS,Alpine,0.53,279.0,271.0,8.0,30.0,MEDIUM,30.0,MEDIUM,True,standard,False
6,Monte Carlo,Monaco Grand Prix,30,S2,HUL,Audi,LIN,Racing Bulls,0.49,283.0,271.0,12.0,18.0,HARD,30.0,MEDIUM,True,standard,False
6,Monte Carlo,Monaco Grand Prix,30,S3,RUS,Mercedes,HAD,Red Bull Racing,0.544,279.0,264.0,15.0,30.0,MEDIUM,30.0,MEDIUM,True,standard,False
6,Monte Carlo,Monaco Grand Prix,30,S3,NOR,McLaren,GAS,Alpine,0.554,279.0,271.0,8.0,30.0,MEDIUM,30.0,MEDIUM,True,standard,False
6,Monte Carlo,Monaco Grand Prix,30,S3,HUL,Audi,LIN,Racing Bulls,0.538,283.0,271.0,12.0,18.0,HARD,30.0,MEDIUM,True,standard,False
6,Monte Carlo,Monaco Grand Prix,31,S1,RUS,Mercedes,HAD,Red Bull Racing,0.609,271.0,266.0,5.0,31.0,MEDIUM,31.0,MEDIUM,True,standard,False
6,Monte Carlo,Monaco Grand Prix,31,S1,NOR,McLaren,GAS,Alpine,0.574,280.0,272.0,8.0,31.0,MEDIUM,31.0,MEDIUM,True,standard,False
6,Monte Carlo,Monaco Grand Prix,31,S1,HUL,Audi,LIN,Racing Bulls,0.486,276.0,271.0,5.0,19.0,HARD,31.0,MEDIUM,True,standard,False
6,Monte Carlo,Monaco Grand Prix,31,S2,RUS,Mercedes,HAD,Red Bull Racing,0.522,271.0,266.0,5.0,31.0,MEDIUM,31.0,MEDIUM,True,standard,False
6,Monte Carlo,Monaco Grand Prix,31,S2,NOR,McLaren,GAS,Alpine,0.512,280.0,272.0,8.0,31.0,MEDIUM,31.0,MEDIUM,True,standard,False
6,Monte Carlo,Monaco Grand Prix,31,S2,LIN,Racing Bulls,COL,Alpine,0.947,271.0,271.0,0.0,31.0,MEDIUM,31.0,MEDIUM,True,standard,False
6,Monte Carlo,Monaco Grand Prix,31,S3,NOR,McLaren,GAS,Alpine,0.494,280.0,272.0,8.0,31.0,MEDIUM,31.0,MEDIUM,True,standard,False
6,Monte Carlo,Monaco Grand Prix,32,S1,NOR,McLaren,GAS,Alpine,0.576,267.0,272.0,-5.0,32.0,MEDIUM,32.0,MEDIUM,True,standard,False
6,Monte Carlo,Monaco Grand Prix,32,S2,NOR,McLaren,GAS,Alpine,0.628,267.0,272.0,-5.0,32.0,MEDIUM,32.0,MEDIUM,True,standard,False
6,Monte Carlo,Monaco Grand Prix,32,S2,LIN,Racing Bulls,COL,Alpine,0.995,271.0,271.0,0.0,32.0,MEDIUM,32.0,MEDIUM,True,standard,False
6,Monte Carlo,Monaco Grand Prix,32,S3,NOR,McLaren,GAS,Alpine,0.654,267.0,272.0,-5.0,32.0,MEDIUM,32.0,MEDIUM,True,standard,False
6,Monte Carlo,Monaco Grand Prix,32,S3,LIN,Racing Bulls,COL,Alpine,0.7,271.0,271.0,0.0,32.0,MEDIUM,32.0,MEDIUM,True,standard,False
6,Monte Carlo,Monaco Grand Prix,33,S1,NOR,McLaren,GAS,Alpine,0.856,209.0,271.0,-62.0,33.0,MEDIUM,33.0,MEDIUM,True,standard,False
6,Monte Carlo,Monaco Grand Prix,33,S1,LIN,Racing Bulls,COL,Alpine,0.73,281.0,272.0,9.0,33.0,MEDIUM,33.0,MEDIUM,True,standard,False
6,Monte Carlo,Monaco Grand Prix,33,S3,LAW,Racing Bulls,HAD,Red Bull Racing,0.648,271.0,265.0,6.0,33.0,MEDIUM,1.0,HARD,True,standard,False
6,Monte Carlo,Monaco Grand Prix,34,S1,COL,Alpine,SAI,Williams,0.679,271.0,270.0,1.0,34.0,MEDIUM,34.0,MEDIUM,True,standard,False
6,Monte Carlo,Monaco Grand Prix,34,S1,LIN,Racing Bulls,COL,Alpine,0.926,272.0,271.0,1.0,34.0,MEDIUM,34.0,MEDIUM,True,standard,False
6,Monte Carlo,Monaco Grand Prix,34,S2,COL,Alpine,SAI,Williams,0.725,271.0,270.0,1.0,34.0,MEDIUM,34.0,MEDIUM,True,standard,False
6,Monte Carlo,Monaco Grand Prix,34,S2,LIN,Racing Bulls,COL,Alpine,0.528,272.0,271.0,1.0,34.0,MEDIUM,34.0,MEDIUM,True,standard,False
6,Monte Carlo,Monaco Grand Prix,34,S2,HUL,Audi,LIN,Racing Bulls,0.602,273.0,272.0,1.0,22.0,HARD,34.0,MEDIUM,True,standard,False
6,Monte Carlo,Monaco Grand Prix,34,S3,COL,Alpine,SAI,Williams,0.872,271.0,270.0,1.0,34.0,MEDIUM,34.0,MEDIUM,True,standard,False
6,Monte Carlo,Monaco Grand Prix,34,S3,LIN,Racing Bulls,COL,Alpine,0.274,272.0,271.0,1.0,34.0,MEDIUM,34.0,MEDIUM,True,standard,False
6,Monte Carlo,Monaco Grand Prix,34,S3,HUL,Audi,LIN,Racing Bulls,0.659,273.0,272.0,1.0,22.0,HARD,34.0,MEDIUM,True,standard,False
6,Monte Carlo,Monaco Grand Prix,34,S3,OCO,Haas F1 Team,HUL,Audi,0.808,272.0,273.0,-1.0,25.0,HARD,22.0,HARD,True,standard,False
6,Monte Carlo,Monaco Grand Prix,35,S1,COL,Alpine,SAI,Williams,0.715,275.0,269.0,6.0,35.0,MEDIUM,35.0,MEDIUM,True,standard,False
6,Monte Carlo,Monaco Grand Prix,35,S1,LIN,Racing Bulls,COL,Alpine,0.36,279.0,275.0,4.0,35.0,MEDIUM,35.0,MEDIUM,True,standard,False
6,Monte Carlo,Monaco Grand Prix,35,S1,HUL,Audi,LIN,Racing Bulls,0.345,282.0,279.0,3.0,23.0,HARD,35.0,MEDIUM,True,standard,False
6,Monte Carlo,Monaco Grand Prix,35,S1,OCO,Haas F1 Team,HUL,Audi,0.988,272.0,282.0,-10.0,26.0,HARD,23.0,HARD,True,standard,False
6,Monte Carlo,Monaco Grand Prix,35,S1,BOR,Audi,PER,Cadillac,0.458,270.0,259.0,11.0,34.0,HARD,31.0,MEDIUM,True,standard,False
6,Monte Carlo,Monaco Grand Prix,35,S2,NOR,McLaren,GAS,Alpine,0.758,270.0,271.0,-1.0,35.0,MEDIUM,35.0,MEDIUM,True,standard,False
6,Monte Carlo,Monaco Grand Prix,35,S2,COL,Alpine,SAI,Williams,0.497,275.0,269.0,6.0,35.0,MEDIUM,35.0,MEDIUM,True,standard,False
6,Monte Carlo,Monaco Grand Prix,35,S2,LIN,Racing Bulls,COL,Alpine,0.472,279.0,275.0,4.0,35.0,MEDIUM,35.0,MEDIUM,True,standard,True
6,Monte Carlo,Monaco Grand Prix,35,S2,HUL,Audi,LIN,Racing Bulls,0.446,282.0,279.0,3.0,23.0,HARD,35.0,MEDIUM,True,standard,False
6,Monte Carlo,Monaco Grand Prix,35,S2,OCO,Haas F1 Team,HUL,Audi,0.645,272.0,282.0,-10.0,26.0,HARD,23.0,HARD,True,standard,False
6,Monte Carlo,Monaco Grand Prix,35,S3,NOR,McLaren,GAS,Alpine,0.589,270.0,271.0,-1.0,35.0,MEDIUM,35.0,MEDIUM,True,standard,False
6,Monte Carlo,Monaco Grand Prix,35,S3,HUL,Audi,LIN,Racing Bulls,0.485,282.0,279.0,3.0,23.0,HARD,35.0,MEDIUM,True,standard,False
6,Monte Carlo,Monaco Grand Prix,35,S3,OCO,Haas F1 Team,HUL,Audi,0.712,272.0,282.0,-10.0,26.0,HARD,23.0,HARD,True,standard,False
6,Monte Carlo,Monaco Grand Prix,35,S3,BOR,Audi,PER,Cadillac,0.845,270.0,259.0,11.0,34.0,HARD,31.0,MEDIUM,True,standard,False
6,Monte Carlo,Monaco Grand Prix,36,S1,NOR,McLaren,GAS,Alpine,0.554,274.0,272.0,2.0,36.0,MEDIUM,36.0,MEDIUM,True,standard,False
6,Monte Carlo,Monaco Grand Prix,36,S1,LIN,Racing Bulls,SAI,Williams,0.582,280.0,268.0,12.0,36.0,MEDIUM,36.0,MEDIUM,True,standard,False
6,Monte Carlo,Monaco Grand Prix,36,S1,HUL,Audi,LIN,Racing Bulls,0.309,282.0,280.0,2.0,24.0,HARD,36.0,MEDIUM,True,standard,False
6,Monte Carlo,Monaco Grand Prix,36,S1,OCO,Haas F1 Team,HUL,Audi,0.922,279.0,282.0,-3.0,27.0,HARD,24.0,HARD,True,standard,False
6,Monte Carlo,Monaco Grand Prix,36,S1,BOR,Audi,PER,Cadillac,0.566,275.0,259.0,16.0,35.0,HARD,32.0,MEDIUM,True,standard,False
6,Monte Carlo,Monaco Grand Prix,36,S2,NOR,McLaren,GAS,Alpine,0.586,274.0,272.0,2.0,36.0,MEDIUM,36.0,MEDIUM,True,standard,False
6,Monte Carlo,Monaco Grand Prix,36,S2,LIN,Racing Bulls,SAI,Williams,0.425,280.0,268.0,12.0,36.0,MEDIUM,36.0,MEDIUM,True,standard,False
6,Monte Carlo,Monaco Grand Prix,36,S2,HUL,Audi,LIN,Racing Bulls,0.323,282.0,280.0,2.0,24.0,HARD,36.0,MEDIUM,True,standard,False
6,Monte Carlo,Monaco Grand Prix,36,S2,OCO,Haas F1 Team,HUL,Audi,0.682,279.0,282.0,-3.0,27.0,HARD,24.0,HARD,True,standard,False
6,Monte Carlo,Monaco Grand Prix,36,S2,BOR,Audi,PER,Cadillac,0.62,275.0,259.0,16.0,35.0,HARD,32.0,MEDIUM,True,standard,False
6,Monte Carlo,Monaco Grand Prix,36,S3,NOR,McLaren,GAS,Alpine,0.635,274.0,272.0,2.0,36.0,MEDIUM,36.0,MEDIUM,True,standard,False
6,Monte Carlo,Monaco Grand Prix,36,S3,LIN,Racing Bulls,SAI,Williams,0.478,280.0,268.0,12.0,36.0,MEDIUM,36.0,MEDIUM,True,standard,False
6,Monte Carlo,Monaco Grand Prix,36,S3,HUL,Audi,LIN,Racing Bulls,0.347,282.0,280.0,2.0,24.0,HARD,36.0,MEDIUM,True,standard,False
6,Monte Carlo,Monaco Grand Prix,36,S3,OCO,Haas F1 Team,HUL,Audi,0.751,279.0,282.0,-3.0,27.0,HARD,24.0,HARD,True,standard,False
6,Monte Carlo,Monaco Grand Prix,36,S3,BOR,Audi,PER,Cadillac,0.765,275.0,259.0,16.0,35.0,HARD,32.0,MEDIUM,True,standard,False
6,Monte Carlo,Monaco Grand Prix,37,S1,NOR,McLaren,GAS,Alpine,0.518,274.0,272.0,2.0,37.0,MEDIUM,37.0,MEDIUM,True,standard,False
6,Monte Carlo,Monaco Grand Prix,37,S1,LIN,Racing Bulls,SAI,Williams,0.428,281.0,269.0,12.0,37.0,MEDIUM,37.0,MEDIUM,True,standard,False
6,Monte Carlo,Monaco Grand Prix,37,S1,HUL,Audi,LIN,Racing Bulls,0.386,282.0,281.0,1.0,25.0,HARD,37.0,MEDIUM,True,standard,False
6,Monte Carlo,Monaco Grand Prix,37,S1,OCO,Haas F1 Team,HUL,Audi,0.836,280.0,282.0,-2.0,28.0,HARD,25.0,HARD,True,standard,False
6,Monte Carlo,Monaco Grand Prix,37,S1,BOR,Audi,PER,Cadillac,0.573,275.0,258.0,17.0,36.0,HARD,33.0,MEDIUM,True,standard,False
6,Monte Carlo,Monaco Grand Prix,37,S2,NOR,McLaren,GAS,Alpine,0.366,274.0,272.0,2.0,37.0,MEDIUM,37.0,MEDIUM,True,standard,False
6,Monte Carlo,Monaco Grand Prix,37,S2,LIN,Racing Bulls,SAI,Williams,0.433,281.0,269.0,12.0,37.0,MEDIUM,37.0,MEDIUM,True,standard,False
6,Monte Carlo,Monaco Grand Prix,37,S2,HUL,Audi,LIN,Racing Bulls,0.358,282.0,281.0,1.0,25.0,HARD,37.0,MEDIUM,True,standard,False
6,Monte Carlo,Monaco Grand Prix,37,S2,OCO,Haas F1 Team,HUL,Audi,0.718,280.0,282.0,-2.0,28.0,HARD,25.0,HARD,True,standard,False
6,Monte Carlo,Monaco Grand Prix,37,S2,BOR,Audi,PER,Cadillac,0.559,275.0,258.0,17.0,36.0,HARD,33.0,MEDIUM,True,standard,False
6,Monte Carlo,Monaco Grand Prix,37,S3,NOR,McLaren,GAS,Alpine,0.425,274.0,272.0,2.0,37.0,MEDIUM,37.0,MEDIUM,True,standard,False
6,Monte Carlo,Monaco Grand Prix,37,S3,LIN,Racing Bulls,SAI,Williams,0.375,281.0,269.0,12.0,37.0,MEDIUM,37.0,MEDIUM,True,standard,False
6,Monte Carlo,Monaco Grand Prix,37,S3,HUL,Audi,LIN,Racing Bulls,0.389,282.0,281.0,1.0,25.0,HARD,37.0,MEDIUM,True,standard,False
6,Monte Carlo,Monaco Grand Prix,37,S3,OCO,Haas F1 Team,HUL,Audi,0.758,280.0,282.0,-2.0,28.0,HARD,25.0,HARD,True,standard,False
6,Monte Carlo,Monaco Grand Prix,37,S3,BOR,Audi,PER,Cadillac,0.871,275.0,258.0,17.0,36.0,HARD,33.0,MEDIUM,True,standard,False
6,Monte Carlo,Monaco Grand Prix,38,S1,NOR,McLaren,GAS,Alpine,0.451,275.0,272.0,3.0,38.0,MEDIUM,38.0,MEDIUM,True,standard,False
6,Monte Carlo,Monaco Grand Prix,38,S1,LIN,Racing Bulls,SAI,Williams,0.475,280.0,267.0,13.0,38.0,MEDIUM,38.0,MEDIUM,True,standard,False
6,Monte Carlo,Monaco Grand Prix,38,S1,HUL,Audi,LIN,Racing Bulls,0.25,281.0,280.0,1.0,26.0,HARD,38.0,MEDIUM,True,standard,False
6,Monte Carlo,Monaco Grand Prix,38,S1,OCO,Haas F1 Team,HUL,Audi,0.764,266.0,281.0,-15.0,29.0,HARD,26.0,HARD,True,standard,False
6,Monte Carlo,Monaco Grand Prix,38,S1,BOR,Audi,PER,Cadillac,0.759,279.0,258.0,21.0,37.0,HARD,34.0,MEDIUM,True,standard,False
6,Monte Carlo,Monaco Grand Prix,38,S2,NOR,McLaren,GAS,Alpine,0.358,275.0,272.0,3.0,38.0,MEDIUM,38.0,MEDIUM,True,standard,False
6,Monte Carlo,Monaco Grand Prix,38,S2,LIN,Racing Bulls,SAI,Williams,0.4,280.0,267.0,13.0,38.0,MEDIUM,38.0,MEDIUM,True,standard,False
6,Monte Carlo,Monaco Grand Prix,38,S2,HUL,Audi,LIN,Racing Bulls,0.516,281.0,280.0,1.0,26.0,HARD,38.0,MEDIUM,True,standard,False
6,Monte Carlo,Monaco Grand Prix,38,S2,BOR,Audi,PER,Cadillac,0.878,279.0,258.0,21.0,37.0,HARD,34.0,MEDIUM,True,standard,False
6,Monte Carlo,Monaco Grand Prix,38,S3,NOR,McLaren,GAS,Alpine,0.365,275.0,272.0,3.0,38.0,MEDIUM,38.0,MEDIUM,True,standard,False
6,Monte Carlo,Monaco Grand Prix,38,S3,RUS,Mercedes,NOR,McLaren,0.637,272.0,275.0,-3.0,7.0,HARD,38.0,MEDIUM,True,standard,False
6,Monte Carlo,Monaco Grand Prix,38,S3,LIN,Racing Bulls,SAI,Williams,0.666,280.0,267.0,13.0,38.0,MEDIUM,38.0,MEDIUM,True,standard,False
6,Monte Carlo,Monaco Grand Prix,38,S3,OCO,Haas F1 Team,HUL,Audi,0.698,266.0,281.0,-15.0,29.0,HARD,26.0,HARD,True,standard,False
6,Monte Carlo,Monaco Grand Prix,39,S1,NOR,McLaren,GAS,Alpine,0.512,273.0,272.0,1.0,39.0,MEDIUM,39.0,MEDIUM,True,standard,False
6,Monte Carlo,Monaco Grand Prix,39,S1,RUS,Mercedes,NOR,McLaren,0.509,272.0,273.0,-1.0,8.0,HARD,39.0,MEDIUM,True,standard,False
6,Monte Carlo,Monaco Grand Prix,39,S1,LIN,Racing Bulls,SAI,Williams,0.382,279.0,270.0,9.0,39.0,MEDIUM,39.0,MEDIUM,True,standard,False
6,Monte Carlo,Monaco Grand Prix,39,S1,HUL,Audi,LIN,Racing Bulls,0.337,282.0,279.0,3.0,27.0,HARD,39.0,MEDIUM,True,standard,False
6,Monte Carlo,Monaco Grand Prix,39,S1,OCO,Haas F1 Team,HUL,Audi,0.764,276.0,282.0,-6.0,30.0,HARD,27.0,HARD,True,standard,False
6,Monte Carlo,Monaco Grand Prix,39,S2,NOR,McLaren,GAS,Alpine,0.51,273.0,272.0,1.0,39.0,MEDIUM,39.0,MEDIUM,True,standard,False
6,Monte Carlo,Monaco Grand Prix,39,S2,RUS,Mercedes,NOR,McLaren,0.622,272.0,273.0,-1.0,8.0,HARD,39.0,MEDIUM,True,standard,False
6,Monte Carlo,Monaco Grand Prix,39,S2,LIN,Racing Bulls,SAI,Williams,0.422,279.0,270.0,9.0,39.0,MEDIUM,39.0,MEDIUM,True,standard,False
6,Monte Carlo,Monaco Grand Prix,39,S2,HUL,Audi,LIN,Racing Bulls,0.349,282.0,279.0,3.0,27.0,HARD,39.0,MEDIUM,True,standard,False
6,Monte Carlo,Monaco Grand Prix,39,S2,OCO,Haas F1 Team,HUL,Audi,0.696,276.0,282.0,-6.0,30.0,HARD,27.0,HARD,True,standard,False
6,Monte Carlo,Monaco Grand Prix,39,S3,NOR,McLaren,GAS,Alpine,0.449,273.0,272.0,1.0,39.0,MEDIUM,39.0,MEDIUM,True,standard,False
6,Monte Carlo,Monaco Grand Prix,39,S3,RUS,Mercedes,NOR,McLaren,0.415,272.0,273.0,-1.0,8.0,HARD,39.0,MEDIUM,True,standard,False
6,Monte Carlo,Monaco Grand Prix,39,S3,LIN,Racing Bulls,SAI,Williams,0.435,279.0,270.0,9.0,39.0,MEDIUM,39.0,MEDIUM,True,standard,False
6,Monte Carlo,Monaco Grand Prix,39,S3,HUL,Audi,LIN,Racing Bulls,0.458,282.0,279.0,3.0,27.0,HARD,39.0,MEDIUM,True,standard,False
6,Monte Carlo,Monaco Grand Prix,39,S3,OCO,Haas F1 Team,HUL,Audi,0.608,276.0,282.0,-6.0,30.0,HARD,27.0,HARD,True,standard,False
6,Monte Carlo,Monaco Grand Prix,40,S1,NOR,McLaren,GAS,Alpine,0.448,279.0,271.0,8.0,40.0,MEDIUM,40.0,MEDIUM,True,standard,False
6,Monte Carlo,Monaco Grand Prix,40,S1,RUS,Mercedes,NOR,McLaren,0.584,280.0,279.0,1.0,9.0,HARD,40.0,MEDIUM,True,standard,False
6,Monte Carlo,Monaco Grand Prix,40,S1,LIN,Racing Bulls,SAI,Williams,0.453,280.0,269.0,11.0,40.0,MEDIUM,40.0,MEDIUM,True,standard,False
6,Monte Carlo,Monaco Grand Prix,40,S1,HUL,Audi,LIN,Racing Bulls,0.304,281.0,280.0,1.0,28.0,HARD,40.0,MEDIUM,True,standard,False
6,Monte Carlo,Monaco Grand Prix,40,S1,OCO,Haas F1 Team,HUL,Audi,0.815,278.0,281.0,-3.0,31.0,HARD,28.0,HARD,True,standard,False
6,Monte Carlo,Monaco Grand Prix,40,S1,BOR,Audi,PER,Cadillac,0.413,271.0,258.0,13.0,39.0,HARD,36.0,MEDIUM,True,standard,False
6,Monte Carlo,Monaco Grand Prix,40,S2,NOR,McLaren,GAS,Alpine,0.451,279.0,271.0,8.0,40.0,MEDIUM,40.0,MEDIUM,True,standard,False
6,Monte Carlo,Monaco Grand Prix,40,S2,RUS,Mercedes,NOR,McLaren,0.483,280.0,279.0,1.0,9.0,HARD,40.0,MEDIUM,True,standard,False
6,Monte Carlo,Monaco Grand Prix,40,S2,LIN,Racing Bulls,SAI,Williams,0.319,280.0,269.0,11.0,40.0,MEDIUM,40.0,MEDIUM,True,standard,False
6,Monte Carlo,Monaco Grand Prix,40,S2,HUL,Audi,LIN,Racing Bulls,0.277,281.0,280.0,1.0,28.0,HARD,40.0,MEDIUM,True,standard,False
6,Monte Carlo,Monaco Grand Prix,40,S2,BOR,Audi,PER,Cadillac,0.625,271.0,258.0,13.0,39.0,HARD,36.0,MEDIUM,True,standard,False
6,Monte Carlo,Monaco Grand Prix,40,S3,NOR,McLaren,GAS,Alpine,0.373,279.0,271.0,8.0,40.0,MEDIUM,40.0,MEDIUM,True,standard,False
6,Monte Carlo,Monaco Grand Prix,40,S3,RUS,Mercedes,NOR,McLaren,0.537,280.0,279.0,1.0,9.0,HARD,40.0,MEDIUM,True,standard,False
6,Monte Carlo,Monaco Grand Prix,40,S3,LIN,Racing Bulls,SAI,Williams,0.421,280.0,269.0,11.0,40.0,MEDIUM,40.0,MEDIUM,True,standard,False
6,Monte Carlo,Monaco Grand Prix,40,S3,BOR,Audi,PER,Cadillac,0.815,271.0,258.0,13.0,39.0,HARD,36.0,MEDIUM,True,standard,False
6,Monte Carlo,Monaco Grand Prix,41,S1,NOR,McLaren,GAS,Alpine,0.632,277.0,277.0,0.0,41.0,MEDIUM,41.0,MEDIUM,True,standard,False
6,Monte Carlo,Monaco Grand Prix,41,S1,HUL,Audi,LIN,Racing Bulls,0.414,280.0,278.0,2.0,29.0,HARD,41.0,MEDIUM,True,standard,False
6,Monte Carlo,Monaco Grand Prix,41,S1,OCO,Haas F1 Team,HUL,Audi,0.804,271.0,280.0,-9.0,32.0,HARD,29.0,HARD,True,standard,False
6,Monte Carlo,Monaco Grand Prix,41,S1,BOR,Audi,PER,Cadillac,0.619,277.0,259.0,18.0,40.0,HARD,37.0,MEDIUM,True,standard,False
6,Monte Carlo,Monaco Grand Prix,41,S2,RUS,Mercedes,NOR,McLaren,0.421,282.0,277.0,5.0,10.0,HARD,41.0,MEDIUM,True,standard,False
6,Monte Carlo,Monaco Grand Prix,41,S2,LIN,Racing Bulls,SAI,Williams,0.3,278.0,267.0,11.0,41.0,MEDIUM,41.0,MEDIUM,True,standard,False
6,Monte Carlo,Monaco Grand Prix,41,S2,HUL,Audi,LIN,Racing Bulls,0.345,280.0,278.0,2.0,29.0,HARD,41.0,MEDIUM,True,standard,False
6,Monte Carlo,Monaco Grand Prix,41,S2,OCO,Haas F1 Team,HUL,Audi,0.611,271.0,280.0,-9.0,32.0,HARD,29.0,HARD,True,standard,False
6,Monte Carlo,Monaco Grand Prix,41,S2,BOR,Audi,PER,Cadillac,0.792,277.0,259.0,18.0,40.0,HARD,37.0,MEDIUM,True,standard,False
6,Monte Carlo,Monaco Grand Prix,41,S3,RUS,Mercedes,NOR,McLaren,0.259,282.0,277.0,5.0,10.0,HARD,41.0,MEDIUM,True,standard,False
6,Monte Carlo,Monaco Grand Prix,41,S3,LIN,Racing Bulls,SAI,Williams,0.447,278.0,267.0,11.0,41.0,MEDIUM,41.0,MEDIUM,True,standard,False
6,Monte Carlo,Monaco Grand Prix,41,S3,HUL,Audi,LIN,Racing Bulls,0.36,280.0,278.0,2.0,29.0,HARD,41.0,MEDIUM,True,standard,False
6,Monte Carlo,Monaco Grand Prix,41,S3,OCO,Haas F1 Team,HUL,Audi,0.605,271.0,280.0,-9.0,32.0,HARD,29.0,HARD,True,standard,False
6,Monte Carlo,Monaco Grand Prix,41,S3,BOR,Audi,PER,Cadillac,0.769,277.0,259.0,18.0,40.0,HARD,37.0,MEDIUM,True,standard,False
6,Monte Carlo,Monaco Grand Prix,42,S1,RUS,Mercedes,NOR,McLaren,0.453,281.0,268.0,13.0,11.0,HARD,42.0,MEDIUM,True,standard,False
6,Monte Carlo,Monaco Grand Prix,42,S1,LIN,Racing Bulls,SAI,Williams,0.428,281.0,269.0,12.0,42.0,MEDIUM,42.0,MEDIUM,True,standard,False
6,Monte Carlo,Monaco Grand Prix,42,S1,HUL,Audi,LIN,Racing Bulls,0.209,282.0,281.0,1.0,30.0,HARD,42.0,MEDIUM,True,standard,False
6,Monte Carlo,Monaco Grand Prix,42,S1,OCO,Haas F1 Team,HUL,Audi,0.602,280.0,282.0,-2.0,33.0,HARD,30.0,HARD,True,standard,False
6,Monte Carlo,Monaco Grand Prix,42,S1,COL,Alpine,OCO,Haas F1 Team,0.781,271.0,280.0,-9.0,7.0,HARD,33.0,HARD,True,standard,False
6,Monte Carlo,Monaco Grand Prix,42,S2,RUS,Mercedes,NOR,McLaren,0.424,281.0,268.0,13.0,11.0,HARD,42.0,MEDIUM,True,standard,False
6,Monte Carlo,Monaco Grand Prix,42,S2,LIN,Racing Bulls,SAI,Williams,0.406,281.0,269.0,12.0,42.0,MEDIUM,42.0,MEDIUM,True,standard,False
6,Monte Carlo,Monaco Grand Prix,42,S2,HUL,Audi,LIN,Racing Bulls,0.358,282.0,281.0,1.0,30.0,HARD,42.0,MEDIUM,True,standard,False
6,Monte Carlo,Monaco Grand Prix,42,S2,OCO,Haas F1 Team,HUL,Audi,0.469,280.0,282.0,-2.0,33.0,HARD,30.0,HARD,True,standard,False
6,Monte Carlo,Monaco Grand Prix,42,S2,COL,Alpine,OCO,Haas F1 Team,0.955,271.0,280.0,-9.0,7.0,HARD,33.0,HARD,True,standard,False
6,Monte Carlo,Monaco Grand Prix,42,S2,BOR,Audi,PER,Cadillac,0.456,281.0,268.0,13.0,41.0,HARD,38.0,MEDIUM,True,standard,False
6,Monte Carlo,Monaco Grand Prix,42,S3,RUS,Mercedes,NOR,McLaren,0.524,281.0,268.0,13.0,11.0,HARD,42.0,MEDIUM,True,standard,False
6,Monte Carlo,Monaco Grand Prix,42,S3,LIN,Racing Bulls,SAI,Williams,0.438,281.0,269.0,12.0,42.0,MEDIUM,42.0,MEDIUM,True,standard,False
6,Monte Carlo,Monaco Grand Prix,42,S3,HUL,Audi,LIN,Racing Bulls,0.375,282.0,281.0,1.0,30.0,HARD,42.0,MEDIUM,True,standard,False
6,Monte Carlo,Monaco Grand Prix,42,S3,OCO,Haas F1 Team,HUL,Audi,0.595,280.0,282.0,-2.0,33.0,HARD,30.0,HARD,True,standard,False
6,Monte Carlo,Monaco Grand Prix,42,S3,COL,Alpine,OCO,Haas F1 Team,0.947,271.0,280.0,-9.0,7.0,HARD,33.0,HARD,True,standard,False
6,Monte Carlo,Monaco Grand Prix,42,S3,BOR,Audi,PER,Cadillac,0.832,281.0,268.0,13.0,41.0,HARD,38.0,MEDIUM,True,standard,False
6,Monte Carlo,Monaco Grand Prix,43,S1,RUS,Mercedes,NOR,McLaren,0.44,282.0,265.0,17.0,12.0,HARD,43.0,MEDIUM,True,standard,False
6,Monte Carlo,Monaco Grand Prix,43,S1,LIN,Racing Bulls,SAI,Williams,0.428,280.0,268.0,12.0,43.0,MEDIUM,43.0,MEDIUM,True,standard,False
6,Monte Carlo,Monaco Grand Prix,43,S1,HUL,Audi,LIN,Racing Bulls,0.285,281.0,280.0,1.0,31.0,HARD,43.0,MEDIUM,True,standard,False
6,Monte Carlo,Monaco Grand Prix,43,S1,OCO,Haas F1 Team,HUL,Audi,0.567,280.0,281.0,-1.0,34.0,HARD,31.0,HARD,True,standard,False
6,Monte Carlo,Monaco Grand Prix,43,S1,COL,Alpine,OCO,Haas F1 Team,0.424,273.0,280.0,-7.0,8.0,HARD,34.0,HARD,True,standard,False
6,Monte Carlo,Monaco Grand Prix,43,S1,BOR,Audi,PER,Cadillac,0.47,282.0,269.0,13.0,42.0,HARD,39.0,MEDIUM,True,standard,False
6,Monte Carlo,Monaco Grand Prix,43,S2,RUS,Mercedes,NOR,McLaren,0.518,282.0,265.0,17.0,12.0,HARD,43.0,MEDIUM,True,standard,False
6,Monte Carlo,Monaco Grand Prix,43,S2,LIN,Racing Bulls,SAI,Williams,0.754,280.0,268.0,12.0,43.0,MEDIUM,43.0,MEDIUM,True,standard,False
6,Monte Carlo,Monaco Grand Prix,43,S2,HUL,Audi,LIN,Racing Bulls,0.461,281.0,280.0,1.0,31.0,HARD,43.0,MEDIUM,True,standard,False
6,Monte Carlo,Monaco Grand Prix,43,S2,OCO,Haas F1 Team,HUL,Audi,0.737,280.0,281.0,-1.0,34.0,HARD,31.0,HARD,True,standard,False
6,Monte Carlo,Monaco Grand Prix,43,S2,BOR,Audi,PER,Cadillac,0.65,282.0,269.0,13.0,42.0,HARD,39.0,MEDIUM,True,standard,False
6,Monte Carlo,Monaco Grand Prix,43,S3,RUS,Mercedes,NOR,McLaren,0.718,282.0,265.0,17.0,12.0,HARD,43.0,MEDIUM,True,standard,False
6,Monte Carlo,Monaco Grand Prix,43,S3,LIN,Racing Bulls,SAI,Williams,0.848,280.0,268.0,12.0,43.0,MEDIUM,43.0,MEDIUM,True,standard,False
6,Monte Carlo,Monaco Grand Prix,43,S3,HUL,Audi,LIN,Racing Bulls,0.412,281.0,280.0,1.0,31.0,HARD,43.0,MEDIUM,True,standard,False
6,Monte Carlo,Monaco Grand Prix,43,S3,OCO,Haas F1 Team,HUL,Audi,0.566,280.0,281.0,-1.0,34.0,HARD,31.0,HARD,True,standard,False
6,Monte Carlo,Monaco Grand Prix,44,S1,RUS,Mercedes,NOR,McLaren,0.52,259.0,205.0,54.0,13.0,HARD,44.0,MEDIUM,True,standard,True
6,Monte Carlo,Monaco Grand Prix,44,S1,LIN,Racing Bulls,SAI,Williams,0.796,280.0,270.0,10.0,44.0,MEDIUM,44.0,MEDIUM,True,standard,False
6,Monte Carlo,Monaco Grand Prix,44,S1,HUL,Audi,LIN,Racing Bulls,0.332,282.0,280.0,2.0,32.0,HARD,44.0,MEDIUM,True,standard,False
6,Monte Carlo,Monaco Grand Prix,44,S1,OCO,Haas F1 Team,HUL,Audi,0.717,281.0,282.0,-1.0,35.0,HARD,32.0,HARD,True,standard,False
6,Monte Carlo,Monaco Grand Prix,44,S1,COL,Alpine,OCO,Haas F1 Team,0.745,270.0,281.0,-11.0,9.0,HARD,35.0,HARD,True,standard,False
6,Monte Carlo,Monaco Grand Prix,44,S2,NOR,McLaren,HAD,Red Bull Racing,0.913,205.0,266.0,-61.0,44.0,MEDIUM,12.0,HARD,True,standard,False
6,Monte Carlo,Monaco Grand Prix,44,S2,LIN,Racing Bulls,SAI,Williams,0.982,280.0,270.0,10.0,44.0,MEDIUM,44.0,MEDIUM,True,standard,False
6,Monte Carlo,Monaco Grand Prix,44,S2,HUL,Audi,LIN,Racing Bulls,0.477,282.0,280.0,2.0,32.0,HARD,44.0,MEDIUM,True,standard,False
6,Monte Carlo,Monaco Grand Prix,44,S2,OCO,Haas F1 Team,HUL,Audi,0.719,281.0,282.0,-1.0,35.0,HARD,32.0,HARD,True,standard,False
6,Monte Carlo,Monaco Grand Prix,44,S2,COL,Alpine,OCO,Haas F1 Team,0.883,270.0,281.0,-11.0,9.0,HARD,35.0,HARD,True,standard,False
6,Monte Carlo,Monaco Grand Prix,44,S3,LIN,Racing Bulls,SAI,Williams,0.865,280.0,270.0,10.0,44.0,MEDIUM,44.0,MEDIUM,True,standard,False
6,Monte Carlo,Monaco Grand Prix,44,S3,HUL,Audi,LIN,Racing Bulls,0.531,282.0,280.0,2.0,32.0,HARD,44.0,MEDIUM,True,standard,False
6,Monte Carlo,Monaco Grand Prix,44,S3,OCO,Haas F1 Team,HUL,Audi,0.796,281.0,282.0,-1.0,35.0,HARD,32.0,HARD,True,standard,False
6,Monte Carlo,Monaco Grand Prix,44,S3,COL,Alpine,OCO,Haas F1 Team,0.926,270.0,281.0,-11.0,9.0,HARD,35.0,HARD,True,standard,False
6,Monte Carlo,Monaco Grand Prix,45,S1,LIN,Racing Bulls,SAI,Williams,0.867,281.0,260.0,21.0,45.0,MEDIUM,45.0,MEDIUM,True,standard,False
6,Monte Carlo,Monaco Grand Prix,45,S1,HUL,Audi,LIN,Racing Bulls,0.299,283.0,281.0,2.0,33.0,HARD,45.0,MEDIUM,True,standard,False
6,Monte Carlo,Monaco Grand Prix,45,S1,OCO,Haas F1 Team,HUL,Audi,0.895,280.0,283.0,-3.0,36.0,HARD,33.0,HARD,True,standard,False
6,Monte Carlo,Monaco Grand Prix,45,S1,COL,Alpine,OCO,Haas F1 Team,0.713,277.0,280.0,-3.0,10.0,HARD,36.0,HARD,True,standard,False
6,Monte Carlo,Monaco Grand Prix,45,S2,ALB,Williams,SAI,Williams,0.766,265.0,260.0,5.0,2.0,SOFT,45.0,MEDIUM,True,standard,False
6,Monte Carlo,Monaco Grand Prix,45,S2,LIN,Racing Bulls,ALB,Williams,0.371,281.0,265.0,16.0,45.0,MEDIUM,2.0,SOFT,True,standard,False
6,Monte Carlo,Monaco Grand Prix,45,S2,HUL,Audi,LIN,Racing Bulls,0.399,283.0,281.0,2.0,33.0,HARD,45.0,MEDIUM,True,standard,False
6,Monte Carlo,Monaco Grand Prix,45,S2,OCO,Haas F1 Team,HUL,Audi,0.496,280.0,283.0,-3.0,36.0,HARD,33.0,HARD,True,standard,False
6,Monte Carlo,Monaco Grand Prix,45,S2,COL,Alpine,OCO,Haas F1 Team,0.846,277.0,280.0,-3.0,10.0,HARD,36.0,HARD,True,standard,False
6,Monte Carlo,Monaco Grand Prix,45,S3,LIN,Racing Bulls,ALB,Williams,0.369,281.0,265.0,16.0,45.0,MEDIUM,2.0,SOFT,True,standard,False
6,Monte Carlo,Monaco Grand Prix,45,S3,HUL,Audi,LIN,Racing Bulls,0.38,283.0,281.0,2.0,33.0,HARD,45.0,MEDIUM,True,standard,False
6,Monte Carlo,Monaco Grand Prix,45,S3,OCO,Haas F1 Team,HUL,Audi,0.66,280.0,283.0,-3.0,36.0,HARD,33.0,HARD,True,standard,False
6,Monte Carlo,Monaco Grand Prix,45,S3,COL,Alpine,OCO,Haas F1 Team,0.781,277.0,280.0,-3.0,10.0,HARD,36.0,HARD,True,standard,False
6,Monte Carlo,Monaco Grand Prix,46,S1,LIN,Racing Bulls,ALB,Williams,0.459,278.0,262.0,16.0,46.0,MEDIUM,3.0,SOFT,True,standard,False
6,Monte Carlo,Monaco Grand Prix,46,S1,HUL,Audi,LIN,Racing Bulls,0.275,281.0,278.0,3.0,34.0,HARD,46.0,MEDIUM,True,standard,False
6,Monte Carlo,Monaco Grand Prix,46,S1,OCO,Haas F1 Team,HUL,Audi,0.659,276.0,281.0,-5.0,37.0,HARD,34.0,HARD,True,standard,False
6,Monte Carlo,Monaco Grand Prix,46,S1,COL,Alpine,OCO,Haas F1 Team,0.867,267.0,276.0,-9.0,11.0,HARD,37.0,HARD,True,standard,False
6,Monte Carlo,Monaco Grand Prix,46,S2,LIN,Racing Bulls,ALB,Williams,0.492,278.0,262.0,16.0,46.0,MEDIUM,3.0,SOFT,True,standard,False
6,Monte Carlo,Monaco Grand Prix,46,S2,HUL,Audi,LIN,Racing Bulls,0.236,281.0,278.0,3.0,34.0,HARD,46.0,MEDIUM,True,standard,False
6,Monte Carlo,Monaco Grand Prix,46,S2,OCO,Haas F1 Team,HUL,Audi,0.691,276.0,281.0,-5.0,37.0,HARD,34.0,HARD,True,standard,False
6,Monte Carlo,Monaco Grand Prix,46,S2,COL,Alpine,OCO,Haas F1 Team,0.844,267.0,276.0,-9.0,11.0,HARD,37.0,HARD,True,standard,False
6,Monte Carlo,Monaco Grand Prix,46,S3,LIN,Racing Bulls,ALB,Williams,0.443,278.0,262.0,16.0,46.0,MEDIUM,3.0,SOFT,True,standard,False
6,Monte Carlo,Monaco Grand Prix,46,S3,HUL,Audi,LIN,Racing Bulls,0.326,281.0,278.0,3.0,34.0,HARD,46.0,MEDIUM,True,standard,False
6,Monte Carlo,Monaco Grand Prix,46,S3,OCO,Haas F1 Team,HUL,Audi,0.543,276.0,281.0,-5.0,37.0,HARD,34.0,HARD,True,standard,False
6,Monte Carlo,Monaco Grand Prix,46,S3,COL,Alpine,OCO,Haas F1 Team,0.888,267.0,276.0,-9.0,11.0,HARD,37.0,HARD,True,standard,False
6,Monte Carlo,Monaco Grand Prix,47,S1,LIN,Racing Bulls,ALB,Williams,0.524,280.0,265.0,15.0,47.0,MEDIUM,4.0,SOFT,True,standard,False
6,Monte Carlo,Monaco Grand Prix,47,S1,HUL,Audi,LIN,Racing Bulls,0.379,282.0,280.0,2.0,35.0,HARD,47.0,MEDIUM,True,standard,False
6,Monte Carlo,Monaco Grand Prix,47,S1,OCO,Haas F1 Team,HUL,Audi,0.411,280.0,282.0,-2.0,38.0,HARD,35.0,HARD,True,standard,False
6,Monte Carlo,Monaco Grand Prix,47,S1,COL,Alpine,OCO,Haas F1 Team,0.594,266.0,280.0,-14.0,12.0,HARD,38.0,HARD,True,standard,False
6,Monte Carlo,Monaco Grand Prix,47,S2,LIN,Racing Bulls,ALB,Williams,0.67,280.0,265.0,15.0,47.0,MEDIUM,4.0,SOFT,True,standard,True
6,Monte Carlo,Monaco Grand Prix,47,S2,HUL,Audi,LIN,Racing Bulls,0.322,282.0,280.0,2.0,35.0,HARD,47.0,MEDIUM,True,standard,False
6,Monte Carlo,Monaco Grand Prix,47,S2,OCO,Haas F1 Team,HUL,Audi,0.447,280.0,282.0,-2.0,38.0,HARD,35.0,HARD,True,standard,False
6,Monte Carlo,Monaco Grand Prix,47,S2,COL,Alpine,OCO,Haas F1 Team,0.897,266.0,280.0,-14.0,12.0,HARD,38.0,HARD,True,standard,False
6,Monte Carlo,Monaco Grand Prix,47,S3,ALB,Williams,LIN,Racing Bulls,0.212,265.0,280.0,-15.0,4.0,SOFT,47.0,MEDIUM,True,standard,False
6,Monte Carlo,Monaco Grand Prix,47,S3,HUL,Audi,ALB,Williams,0.148,282.0,265.0,17.0,35.0,HARD,4.0,SOFT,True,standard,False
6,Monte Carlo,Monaco Grand Prix,47,S3,OCO,Haas F1 Team,HUL,Audi,0.449,280.0,282.0,-2.0,38.0,HARD,35.0,HARD,True,standard,False
6,Monte Carlo,Monaco Grand Prix,47,S3,COL,Alpine,OCO,Haas F1 Team,0.825,266.0,280.0,-14.0,12.0,HARD,38.0,HARD,True,standard,False
6,Monte Carlo,Monaco Grand Prix,48,S1,ALB,Williams,LIN,Racing Bulls,0.71,267.0,277.0,-10.0,5.0,SOFT,48.0,MEDIUM,True,standard,False
6,Monte Carlo,Monaco Grand Prix,48,S1,HUL,Audi,ALB,Williams,0.466,283.0,267.0,16.0,36.0,HARD,5.0,SOFT,True,standard,False
6,Monte Carlo,Monaco Grand Prix,48,S1,OCO,Haas F1 Team,HUL,Audi,0.655,280.0,283.0,-3.0,39.0,HARD,36.0,HARD,True,standard,False
6,Monte Carlo,Monaco Grand Prix,48,S1,COL,Alpine,OCO,Haas F1 Team,0.413,273.0,280.0,-7.0,13.0,HARD,39.0,HARD,True,standard,False
6,Monte Carlo,Monaco Grand Prix,48,S2,HUL,Audi,ALB,Williams,0.487,283.0,267.0,16.0,36.0,HARD,5.0,SOFT,True,standard,False
6,Monte Carlo,Monaco Grand Prix,48,S2,OCO,Haas F1 Team,HUL,Audi,0.868,280.0,283.0,-3.0,39.0,HARD,36.0,HARD,True,standard,False
6,Monte Carlo,Monaco Grand Prix,48,S2,COL,Alpine,OCO,Haas F1 Team,0.922,273.0,280.0,-7.0,13.0,HARD,39.0,HARD,True,standard,False
6,Monte Carlo,Monaco Grand Prix,48,S3,HUL,Audi,ALB,Williams,0.564,283.0,267.0,16.0,36.0,HARD,5.0,SOFT,True,standard,False
6,Monte Carlo,Monaco Grand Prix,48,S3,OCO,Haas F1 Team,HUL,Audi,0.941,280.0,283.0,-3.0,39.0,HARD,36.0,HARD,True,standard,False
6,Monte Carlo,Monaco Grand Prix,49,S1,HUL,Audi,ALB,Williams,0.537,282.0,263.0,19.0,37.0,HARD,6.0,SOFT,True,standard,False
6,Monte Carlo,Monaco Grand Prix,49,S2,HUL,Audi,ALB,Williams,0.309,282.0,263.0,19.0,37.0,HARD,6.0,SOFT,True,standard,False
6,Monte Carlo,Monaco Grand Prix,49,S2,OCO,Haas F1 Team,HUL,Audi,0.875,280.0,282.0,-2.0,40.0,HARD,37.0,HARD,True,standard,False
6,Monte Carlo,Monaco Grand Prix,49,S3,HUL,Audi,ALB,Williams,0.599,282.0,263.0,19.0,37.0,HARD,6.0,SOFT,True,standard,False
6,Monte Carlo,Monaco Grand Prix,49,S3,OCO,Haas F1 Team,HUL,Audi,0.754,280.0,282.0,-2.0,40.0,HARD,37.0,HARD,True,standard,False
6,Monte Carlo,Monaco Grand Prix,50,S1,HUL,Audi,ALB,Williams,0.463,282.0,268.0,14.0,38.0,HARD,7.0,SOFT,True,standard,False
6,Monte Carlo,Monaco Grand Prix,50,S2,HUL,Audi,ALB,Williams,0.426,282.0,268.0,14.0,38.0,HARD,7.0,SOFT,True,standard,False
6,Monte Carlo,Monaco Grand Prix,50,S3,HUL,Audi,ALB,Williams,0.924,282.0,268.0,14.0,38.0,HARD,7.0,SOFT,True,standard,False
6,Monte Carlo,Monaco Grand Prix,51,S1,COL,Alpine,OCO,Haas F1 Team,0.999,271.0,272.0,-1.0,16.0,HARD,42.0,HARD,True,standard,False
6,Monte Carlo,Monaco Grand Prix,51,S2,HUL,Audi,ALB,Williams,0.682,282.0,267.0,15.0,39.0,HARD,8.0,SOFT,True,standard,False
6,Monte Carlo,Monaco Grand Prix,51,S2,COL,Alpine,OCO,Haas F1 Team,0.89,271.0,272.0,-1.0,16.0,HARD,42.0,HARD,True,standard,False
6,Monte Carlo,Monaco Grand Prix,51,S3,HUL,Audi,ALB,Williams,0.625,282.0,267.0,15.0,39.0,HARD,8.0,SOFT,True,standard,False
6,Monte Carlo,Monaco Grand Prix,51,S3,OCO,Haas F1 Team,HUL,Audi,0.96,272.0,282.0,-10.0,42.0,HARD,39.0,HARD,True,standard,False
6,Monte Carlo,Monaco Grand Prix,52,S1,HUL,Audi,ALB,Williams,0.532,281.0,268.0,13.0,40.0,HARD,9.0,SOFT,True,standard,False
6,Monte Carlo,Monaco Grand Prix,52,S1,COL,Alpine,OCO,Haas F1 Team,0.725,260.0,279.0,-19.0,17.0,HARD,43.0,HARD,True,standard,False
6,Monte Carlo,Monaco Grand Prix,52,S2,HUL,Audi,ALB,Williams,0.388,281.0,268.0,13.0,40.0,HARD,9.0,SOFT,True,standard,False
6,Monte Carlo,Monaco Grand Prix,52,S2,BOR,Audi,PER,Cadillac,0.367,274.0,270.0,4.0,9.0,MEDIUM,48.0,MEDIUM,True,standard,False
6,Monte Carlo,Monaco Grand Prix,52,S3,HUL,Audi,ALB,Williams,0.255,281.0,268.0,13.0,40.0,HARD,9.0,SOFT,True,standard,False
6,Monte Carlo,Monaco Grand Prix,52,S3,OCO,Haas F1 Team,HUL,Audi,0.983,279.0,281.0,-2.0,43.0,HARD,40.0,HARD,True,standard,False
6,Monte Carlo,Monaco Grand Prix,52,S3,BOR,Audi,PER,Cadillac,0.397,274.0,270.0,4.0,9.0,MEDIUM,48.0,MEDIUM,True,standard,False
6,Monte Carlo,Monaco Grand Prix,53,S1,ALB,Williams,SAI,Williams,0.64,267.0,270.0,-3.0,10.0,SOFT,1.0,SOFT,True,standard,False
6,Monte Carlo,Monaco Grand Prix,53,S1,HUL,Audi,ALB,Williams,0.474,270.0,267.0,3.0,41.0,HARD,10.0,SOFT,True,standard,False
6,Monte Carlo,Monaco Grand Prix,53,S1,COL,Alpine,OCO,Haas F1 Team,0.993,273.0,271.0,2.0,18.0,HARD,44.0,HARD,True,standard,False
6,Monte Carlo,Monaco Grand Prix,53,S1,BOR,Audi,PER,Cadillac,0.395,282.0,270.0,12.0,10.0,MEDIUM,49.0,MEDIUM,True,standard,False
6,Monte Carlo,Monaco Grand Prix,53,S2,HUL,Audi,ALB,Williams,0.392,270.0,267.0,3.0,41.0,HARD,10.0,SOFT,True,standard,False
6,Monte Carlo,Monaco Grand Prix,53,S2,OCO,Haas F1 Team,HUL,Audi,0.517,271.0,270.0,1.0,44.0,HARD,41.0,HARD,True,standard,False
6,Monte Carlo,Monaco Grand Prix,53,S2,COL,Alpine,OCO,Haas F1 Team,0.592,273.0,271.0,2.0,18.0,HARD,44.0,HARD,True,standard,False
6,Monte Carlo,Monaco Grand Prix,53,S2,BOR,Audi,PER,Cadillac,0.392,282.0,270.0,12.0,10.0,MEDIUM,49.0,MEDIUM,True,standard,False
6,Monte Carlo,Monaco Grand Prix,53,S3,HUL,Audi,ALB,Williams,0.685,270.0,267.0,3.0,41.0,HARD,10.0,SOFT,True,standard,False
6,Monte Carlo,Monaco Grand Prix,53,S3,OCO,Haas F1 Team,HUL,Audi,0.722,271.0,270.0,1.0,44.0,HARD,41.0,HARD,True,standard,False
6,Monte Carlo,Monaco Grand Prix,53,S3,COL,Alpine,OCO,Haas F1 Team,0.619,273.0,271.0,2.0,18.0,HARD,44.0,HARD,True,standard,False
6,Monte Carlo,Monaco Grand Prix,53,S3,BOR,Audi,PER,Cadillac,0.882,282.0,270.0,12.0,10.0,MEDIUM,49.0,MEDIUM,True,standard,False
6,Monte Carlo,Monaco Grand Prix,54,S1,HUL,Audi,ALB,Williams,0.606,282.0,269.0,13.0,42.0,HARD,11.0,SOFT,True,standard,False
6,Monte Carlo,Monaco Grand Prix,54,S1,COL,Alpine,OCO,Haas F1 Team,0.571,273.0,280.0,-7.0,19.0,HARD,45.0,HARD,True,standard,False
6,Monte Carlo,Monaco Grand Prix,54,S2,HUL,Audi,ALB,Williams,0.579,282.0,269.0,13.0,42.0,HARD,11.0,SOFT,True,standard,False
6,Monte Carlo,Monaco Grand Prix,54,S2,COL,Alpine,OCO,Haas F1 Team,0.87,273.0,280.0,-7.0,19.0,HARD,45.0,HARD,True,standard,False
6,Monte Carlo,Monaco Grand Prix,54,S2,BOR,Audi,PER,Cadillac,0.358,282.0,269.0,13.0,11.0,MEDIUM,50.0,MEDIUM,True,standard,False
6,Monte Carlo,Monaco Grand Prix,54,S3,HUL,Audi,ALB,Williams,0.597,282.0,269.0,13.0,42.0,HARD,11.0,SOFT,True,standard,False
6,Monte Carlo,Monaco Grand Prix,54,S3,COL,Alpine,OCO,Haas F1 Team,0.972,273.0,280.0,-7.0,19.0,HARD,45.0,HARD,True,standard,False
6,Monte Carlo,Monaco Grand Prix,54,S3,BOR,Audi,PER,Cadillac,0.411,282.0,269.0,13.0,11.0,MEDIUM,50.0,MEDIUM,True,standard,False
6,Monte Carlo,Monaco Grand Prix,55,S1,ALB,Williams,SAI,Williams,0.848,267.0,267.0,0.0,12.0,SOFT,3.0,SOFT,True,standard,False
6,Monte Carlo,Monaco Grand Prix,55,S1,HUL,Audi,ALB,Williams,0.401,283.0,267.0,16.0,43.0,HARD,12.0,SOFT,True,standard,False
6,Monte Carlo,Monaco Grand Prix,55,S1,COL,Alpine,OCO,Haas F1 Team,0.715,277.0,271.0,6.0,20.0,HARD,46.0,HARD,True,standard,False
6,Monte Carlo,Monaco Grand Prix,55,S1,BOR,Audi,PER,Cadillac,0.367,276.0,268.0,8.0,12.0,MEDIUM,51.0,MEDIUM,True,standard,False
6,Monte Carlo,Monaco Grand Prix,55,S2,ALB,Williams,SAI,Williams,0.842,267.0,267.0,0.0,12.0,SOFT,3.0,SOFT,True,standard,False
6,Monte Carlo,Monaco Grand Prix,55,S2,HUL,Audi,ALB,Williams,0.466,283.0,267.0,16.0,43.0,HARD,12.0,SOFT,True,standard,False
6,Monte Carlo,Monaco Grand Prix,55,S2,BOR,Audi,PER,Cadillac,0.249,276.0,268.0,8.0,12.0,MEDIUM,51.0,MEDIUM,True,standard,False
6,Monte Carlo,Monaco Grand Prix,55,S3,HUL,Audi,ALB,Williams,0.576,283.0,267.0,16.0,43.0,HARD,12.0,SOFT,True,standard,False
6,Monte Carlo,Monaco Grand Prix,55,S3,BOR,Audi,PER,Cadillac,0.433,276.0,268.0,8.0,12.0,MEDIUM,51.0,MEDIUM,True,standard,False
6,Monte Carlo,Monaco Grand Prix,56,S1,ALB,Williams,SAI,Williams,0.96,276.0,270.0,6.0,13.0,SOFT,4.0,SOFT,True,standard,True
6,Monte Carlo,Monaco Grand Prix,56,S1,HUL,Audi,ALB,Williams,0.562,283.0,276.0,7.0,44.0,HARD,13.0,SOFT,True,standard,False
6,Monte Carlo,Monaco Grand Prix,56,S1,COL,Alpine,OCO,Haas F1 Team,0.936,225.0,271.0,-46.0,21.0,HARD,47.0,HARD,True,standard,False
6,Monte Carlo,Monaco Grand Prix,56,S1,BOR,Audi,PER,Cadillac,0.395,282.0,271.0,11.0,13.0,MEDIUM,52.0,MEDIUM,True,standard,False
6,Monte Carlo,Monaco Grand Prix,56,S2,SAI,Williams,ALB,Williams,0.626,270.0,276.0,-6.0,4.0,SOFT,13.0,SOFT,True,standard,False
6,Monte Carlo,Monaco Grand Prix,56,S2,HUL,Audi,SAI,Williams,0.47,283.0,270.0,13.0,44.0,HARD,4.0,SOFT,True,standard,False
6,Monte Carlo,Monaco Grand Prix,56,S2,BOR,Audi,PER,Cadillac,0.489,282.0,271.0,11.0,13.0,MEDIUM,52.0,MEDIUM,True,standard,False
6,Monte Carlo,Monaco Grand Prix,56,S3,SAI,Williams,ALB,Williams,0.998,270.0,276.0,-6.0,4.0,SOFT,13.0,SOFT,True,standard,False
6,Monte Carlo,Monaco Grand Prix,56,S3,HUL,Audi,SAI,Williams,0.591,283.0,270.0,13.0,44.0,HARD,4.0,SOFT,True,standard,False
6,Monte Carlo,Monaco Grand Prix,57,S1,HUL,Audi,SAI,Williams,0.653,282.0,280.0,2.0,45.0,HARD,5.0,SOFT,True,standard,False
6,Monte Carlo,Monaco Grand Prix,57,S2,SAI,Williams,ALB,Williams,0.958,280.0,267.0,13.0,5.0,SOFT,14.0,SOFT,True,standard,False
6,Monte Carlo,Monaco Grand Prix,57,S2,HUL,Audi,SAI,Williams,0.698,282.0,280.0,2.0,45.0,HARD,5.0,SOFT,True,standard,False
6,Monte Carlo,Monaco Grand Prix,57,S2,COL,Alpine,OCO,Haas F1 Team,0.851,272.0,266.0,6.0,22.0,HARD,48.0,HARD,True,standard,False
6,Monte Carlo,Monaco Grand Prix,57,S3,SAI,Williams,ALB,Williams,0.902,280.0,267.0,13.0,5.0,SOFT,14.0,SOFT,True,standard,False
6,Monte Carlo,Monaco Grand Prix,57,S3,COL,Alpine,OCO,Haas F1 Team,0.542,272.0,266.0,6.0,22.0,HARD,48.0,HARD,True,standard,False
6,Monte Carlo,Monaco Grand Prix,58,S1,COL,Alpine,OCO,Haas F1 Team,0.484,143.0,187.0,-44.0,23.0,HARD,49.0,HARD,True,standard,False
6,Monte Carlo,Monaco Grand Prix,58,S3,OCO,Haas F1 Team,HUL,Audi,0.473,187.0,191.0,-4.0,49.0,HARD,46.0,HARD,True,standard,True
6,Monte Carlo,Monaco Grand Prix,59,S1,COL,Alpine,HUL,Audi,0.854,158.0,195.0,-37.0,24.0,HARD,47.0,HARD,True,standard,False
6,Monte Carlo,Monaco Grand Prix,60,S1,ALB,Williams,LIN,Racing Bulls,0.788,137.0,140.0,-3.0,17.0,SOFT,60.0,MEDIUM,True,standard,False
6,Monte Carlo,Monaco Grand Prix,60,S2,HUL,Audi,OCO,Haas F1 Team,0.679,266.0,261.0,5.0,48.0,HARD,51.0,HARD,True,standard,False
6,Monte Carlo,Monaco Grand Prix,60,S3,SAI,Williams,ALB,Williams,0.933,157.0,137.0,20.0,8.0,SOFT,17.0,SOFT,True,standard,False
6,Monte Carlo,Monaco Grand Prix,60,S3,OCO,Haas F1 Team,SAI,Williams,0.826,261.0,157.0,104.0,51.0,HARD,8.0,SOFT,True,standard,False
6,Monte Carlo,Monaco Grand Prix,60,S3,HUL,Audi,OCO,Haas F1 Team,0.921,266.0,261.0,5.0,48.0,HARD,51.0,HARD,True,standard,False
6,Monte Carlo,Monaco Grand Prix,61,S1,HUL,Audi,OCO,Haas F1 Team,0.527,146.0,156.0,-10.0,49.0,HARD,52.0,HARD,True,standard,False
6,Monte Carlo,Monaco Grand Prix,61,S2,ALB,Williams,LIN,Racing Bulls,0.755,172.0,150.0,22.0,18.0,SOFT,61.0,MEDIUM,True,standard,False
6,Monte Carlo,Monaco Grand Prix,61,S2,SAI,Williams,ALB,Williams,0.978,166.0,172.0,-6.0,9.0,SOFT,18.0,SOFT,True,standard,False
6,Monte Carlo,Monaco Grand Prix,61,S2,BOR,Audi,PER,Cadillac,0.748,270.0,268.0,2.0,2.0,SOFT,2.0,SOFT,True,standard,False
6,Monte Carlo,Monaco Grand Prix,61,S3,RUS,Mercedes,HAD,Red Bull Racing,0.95,138.0,179.0,-41.0,5.0,SOFT,29.0,HARD,True,standard,False
6,Monte Carlo,Monaco Grand Prix,61,S3,ALB,Williams,LIN,Racing Bulls,0.999,172.0,150.0,22.0,18.0,SOFT,61.0,MEDIUM,True,standard,False
6,Monte Carlo,Monaco Grand Prix,61,S3,SAI,Williams,ALB,Williams,0.964,166.0,172.0,-6.0,9.0,SOFT,18.0,SOFT,True,standard,False
6,Monte Carlo,Monaco Grand Prix,61,S3,OCO,Haas F1 Team,SAI,Williams,0.553,156.0,166.0,-10.0,52.0,HARD,9.0,SOFT,True,standard,False
6,Monte Carlo,Monaco Grand Prix,61,S3,HUL,Audi,OCO,Haas F1 Team,0.643,146.0,156.0,-10.0,49.0,HARD,52.0,HARD,True,standard,False
6,Monte Carlo,Monaco Grand Prix,61,S3,COL,Alpine,HUL,Audi,0.343,156.0,146.0,10.0,26.0,HARD,49.0,HARD,True,standard,False
6,Monte Carlo,Monaco Grand Prix,61,S3,BOR,Audi,PER,Cadillac,0.851,270.0,268.0,2.0,2.0,SOFT,2.0,SOFT,True,standard,False
6,Monte Carlo,Monaco Grand Prix,62,S1,SAI,Williams,ALB,Williams,0.901,263.0,238.0,25.0,10.0,SOFT,19.0,SOFT,True,standard,False
6,Monte Carlo,Monaco Grand Prix,62,S1,OCO,Haas F1 Team,SAI,Williams,0.816,261.0,263.0,-2.0,53.0,HARD,10.0,SOFT,True,standard,False
6,Monte Carlo,Monaco Grand Prix,62,S1,COL,Alpine,HUL,Audi,0.804,240.0,265.0,-25.0,27.0,HARD,50.0,HARD,True,standard,False
6,Monte Carlo,Monaco Grand Prix,62,S2,RUS,Mercedes,HAD,Red Bull Racing,0.849,170.0,165.0,5.0,6.0,SOFT,30.0,HARD,True,standard,False
6,Monte Carlo,Monaco Grand Prix,62,S2,OCO,Haas F1 Team,SAI,Williams,0.803,261.0,263.0,-2.0,53.0,HARD,10.0,SOFT,True,standard,False
6,Monte Carlo,Monaco Grand Prix,62,S2,HUL,Audi,OCO,Haas F1 Team,0.611,265.0,261.0,4.0,50.0,HARD,53.0,HARD,True,standard,False
6,Monte Carlo,Monaco Grand Prix,62,S3,RUS,Mercedes,HAD,Red Bull Racing,0.808,170.0,165.0,5.0,6.0,SOFT,30.0,HARD,True,standard,False
6,Monte Carlo,Monaco Grand Prix,62,S3,OCO,Haas F1 Team,SAI,Williams,0.725,261.0,263.0,-2.0,53.0,HARD,10.0,SOFT,True,standard,False
6,Monte Carlo,Monaco Grand Prix,62,S3,HUL,Audi,OCO,Haas F1 Team,0.647,265.0,261.0,4.0,50.0,HARD,53.0,HARD,True,standard,False
6,Monte Carlo,Monaco Grand Prix,63,S1,OCO,Haas F1 Team,SAI,Williams,0.914,269.0,245.0,24.0,54.0,HARD,11.0,SOFT,True,standard,False
6,Monte Carlo,Monaco Grand Prix,63,S1,HUL,Audi,OCO,Haas F1 Team,0.466,270.0,269.0,1.0,51.0,HARD,54.0,HARD,True,standard,False
6,Monte Carlo,Monaco Grand Prix,63,S2,OCO,Haas F1 Team,SAI,Williams,0.882,269.0,245.0,24.0,54.0,HARD,11.0,SOFT,True,standard,False
6,Monte Carlo,Monaco Grand Prix,63,S2,HUL,Audi,OCO,Haas F1 Team,0.494,270.0,269.0,1.0,51.0,HARD,54.0,HARD,True,standard,False
6,Monte Carlo,Monaco Grand Prix,63,S3,OCO,Haas F1 Team,SAI,Williams,0.735,269.0,245.0,24.0,54.0,HARD,11.0,SOFT,True,standard,False
6,Monte Carlo,Monaco Grand Prix,63,S3,HUL,Audi,OCO,Haas F1 Team,0.596,270.0,269.0,1.0,51.0,HARD,54.0,HARD,True,standard,False
6,Monte Carlo,Monaco Grand Prix,63,S3,BOR,Audi,PER,Cadillac,0.613,272.0,270.0,2.0,4.0,SOFT,4.0,SOFT,True,standard,False
6,Monte Carlo,Monaco Grand Prix,64,S1,HUL,Audi,OCO,Haas F1 Team,0.593,271.0,271.0,0.0,52.0,HARD,55.0,HARD,True,standard,False
6,Monte Carlo,Monaco Grand Prix,64,S1,BOR,Audi,PER,Cadillac,0.699,264.0,273.0,-9.0,5.0,SOFT,5.0,SOFT,True,standard,False
6,Monte Carlo,Monaco Grand Prix,64,S2,LEC,Ferrari,HAM,Ferrari,0.741,157.0,167.0,-10.0,8.0,SOFT,8.0,SOFT,True,standard,False
6,Monte Carlo,Monaco Grand Prix,64,S2,HUL,Audi,OCO,Haas F1 Team,0.837,271.0,271.0,0.0,52.0,HARD,55.0,HARD,True,standard,False
6,Monte Carlo,Monaco Grand Prix,64,S2,PER,Cadillac,ALO,Aston Martin,0.763,273.0,269.0,4.0,5.0,SOFT,6.0,SOFT,True,standard,False
6,Monte Carlo,Monaco Grand Prix,64,S2,BOR,Audi,PER,Cadillac,0.908,264.0,273.0,-9.0,5.0,SOFT,5.0,SOFT,True,standard,False
6,Monte Carlo,Monaco Grand Prix,64,S3,LEC,Ferrari,HAM,Ferrari,0.926,157.0,167.0,-10.0,8.0,SOFT,8.0,SOFT,True,standard,False
6,Monte Carlo,Monaco Grand Prix,64,S3,ALB,Williams,LIN,Racing Bulls,0.504,265.0,268.0,-3.0,21.0,SOFT,64.0,MEDIUM,True,standard,False
6,Monte Carlo,Monaco Grand Prix,64,S3,HUL,Audi,OCO,Haas F1 Team,0.864,271.0,271.0,0.0,52.0,HARD,55.0,HARD,True,standard,False
6,Monte Carlo,Monaco Grand Prix,64,S3,PER,Cadillac,ALO,Aston Martin,0.628,273.0,269.0,4.0,5.0,SOFT,6.0,SOFT,True,standard,False
6,Monte Carlo,Monaco Grand Prix,65,S1,HAM,Ferrari,ANT,Mercedes,0.857,161.0,164.0,-3.0,9.0,SOFT,8.0,SOFT,True,standard,False
6,Monte Carlo,Monaco Grand Prix,65,S1,ALB,Williams,LIN,Racing Bulls,0.491,183.0,216.0,-33.0,22.0,SOFT,65.0,MEDIUM,True,standard,False
6,Monte Carlo,Monaco Grand Prix,65,S1,HUL,Audi,OCO,Haas F1 Team,0.924,223.0,170.0,53.0,53.0,HARD,56.0,HARD,True,standard,False
6,Monte Carlo,Monaco Grand Prix,65,S2,HAM,Ferrari,ANT,Mercedes,0.589,161.0,164.0,-3.0,9.0,SOFT,8.0,SOFT,True,standard,False
6,Monte Carlo,Monaco Grand Prix,65,S2,ALB,Williams,LIN,Racing Bulls,0.807,183.0,216.0,-33.0,22.0,SOFT,65.0,MEDIUM,True,standard,False
6,Monte Carlo,Monaco Grand Prix,65,S2,HUL,Audi,OCO,Haas F1 Team,0.749,223.0,170.0,53.0,53.0,HARD,56.0,HARD,True,standard,False
6,Monte Carlo,Monaco Grand Prix,65,S2,PER,Cadillac,ALO,Aston Martin,0.89,184.0,163.0,21.0,6.0,SOFT,7.0,SOFT,True,standard,False
6,Monte Carlo,Monaco Grand Prix,65,S3,HAM,Ferrari,ANT,Mercedes,0.366,161.0,164.0,-3.0,9.0,SOFT,8.0,SOFT,True,standard,False
6,Monte Carlo,Monaco Grand Prix,65,S3,RUS,Mercedes,HAD,Red Bull Racing,0.231,252.0,257.0,-5.0,9.0,SOFT,33.0,HARD,True,standard,False
6,Monte Carlo,Monaco Grand Prix,65,S3,SAI,Williams,ALB,Williams,0.892,179.0,183.0,-4.0,13.0,SOFT,22.0,SOFT,True,standard,False
6,Monte Carlo,Monaco Grand Prix,65,S3,BOR,Audi,PER,Cadillac,0.941,155.0,184.0,-29.0,6.0,SOFT,6.0,SOFT,True,standard,False
6,Monte Carlo,Monaco Grand Prix,66,S1,HAM,Ferrari,ANT,Mercedes,0.999,245.0,210.0,35.0,10.0,SOFT,9.0,SOFT,True,standard,False
6,Monte Carlo,Monaco Grand Prix,66,S1,RUS,Mercedes,HAD,Red Bull Racing,0.47,212.0,222.0,-10.0,10.0,SOFT,34.0,HARD,True,standard,False
6,Monte Carlo,Monaco Grand Prix,66,S1,PER,Cadillac,ALO,Aston Martin,0.858,223.0,234.0,-11.0,7.0,SOFT,8.0,SOFT,True,standard,False
6,Monte Carlo,Monaco Grand Prix,66,S1,BOR,Audi,PER,Cadillac,0.844,228.0,223.0,5.0,7.0,SOFT,7.0,SOFT,True,standard,False
6,Monte Carlo,Monaco Grand Prix,66,S2,PER,Cadillac,ALO,Aston Martin,0.615,223.0,234.0,-11.0,7.0,SOFT,8.0,SOFT,True,standard,False
6,Monte Carlo,Monaco Grand Prix,66,S2,BOR,Audi,PER,Cadillac,0.809,228.0,223.0,5.0,7.0,SOFT,7.0,SOFT,True,standard,False
6,Monte Carlo,Monaco Grand Prix,66,S3,PER,Cadillac,ALO,Aston Martin,0.467,223.0,234.0,-11.0,7.0,SOFT,8.0,SOFT,True,standard,False
6,Monte Carlo,Monaco Grand Prix,66,S3,BOR,Audi,PER,Cadillac,0.899,228.0,223.0,5.0,7.0,SOFT,7.0,SOFT,True,standard,False
6,Monte Carlo,Monaco Grand Prix,67,S1,SAI,Williams,ALB,Williams,0.875,181.0,196.0,-15.0,15.0,SOFT,24.0,SOFT,True,standard,False
6,Monte Carlo,Monaco Grand Prix,67,S1,HUL,Audi,OCO,Haas F1 Team,0.969,153.0,161.0,-8.0,55.0,HARD,58.0,HARD,True,standard,False
6,Monte Carlo,Monaco Grand Prix,67,S2,RUS,Mercedes,HAD,Red Bull Racing,0.97,226.0,231.0,-5.0,11.0,SOFT,35.0,HARD,True,standard,False
6,Monte Carlo,Monaco Grand Prix,67,S2,ALB,Williams,LIN,Racing Bulls,0.984,196.0,190.0,6.0,24.0,SOFT,67.0,MEDIUM,True,standard,False
6,Monte Carlo,Monaco Grand Prix,67,S2,BOR,Audi,PER,Cadillac,0.768,159.0,158.0,1.0,8.0,SOFT,8.0,SOFT,True,standard,False
6,Monte Carlo,Monaco Grand Prix,68,S1,RUS,Mercedes,HAD,Red Bull Racing,0.906,207.0,189.0,18.0,12.0,SOFT,36.0,HARD,True,standard,False
6,Monte Carlo,Monaco Grand Prix,68,S1,PER,Cadillac,ALO,Aston Martin,0.835,266.0,262.0,4.0,7.0,SOFT,9.0,SOFT,True,standard,False
6,Monte Carlo,Monaco Grand Prix,68,S2,HAM,Ferrari,ANT,Mercedes,0.766,141.0,132.0,9.0,12.0,SOFT,11.0,SOFT,True,standard,False
6,Monte Carlo,Monaco Grand Prix,68,S2,PER,Cadillac,ALO,Aston Martin,0.556,266.0,262.0,4.0,7.0,SOFT,9.0,SOFT,True,standard,False
6,Monte Carlo,Monaco Grand Prix,69,S2,HAM,Ferrari,ANT,Mercedes,0.539,142.0,151.0,-9.0,5.0,SOFT,5.0,SOFT,True,standard,False
6,Monte Carlo,Monaco Grand Prix,69,S3,RUS,Mercedes,HAD,Red Bull Racing,0.649,231.0,229.0,2.0,5.0,SOFT,5.0,SOFT,True,standard,False
6,Monte Carlo,Monaco Grand Prix,69,S3,GAS,Alpine,RUS,Mercedes,0.748,234.0,231.0,3.0,5.0,SOFT,5.0,SOFT,True,standard,False
6,Monte Carlo,Monaco Grand Prix,69,S3,OCO,Haas F1 Team,SAI,Williams,0.889,267.0,242.0,25.0,2.0,SOFT,5.0,SOFT,True,standard,False
6,Monte Carlo,Monaco Grand Prix,69,S3,PER,Cadillac,ALO,Aston Martin,0.957,268.0,265.0,3.0,1.0,SOFT,9.0,SOFT,True,standard,False
6,Monte Carlo,Monaco Grand Prix,70,S1,PIA,McLaren,GAS,Alpine,0.989,217.0,204.0,13.0,6.0,SOFT,6.0,SOFT,True,standard,False
6,Monte Carlo,Monaco Grand Prix,70,S1,LIN,Racing Bulls,LAW,Racing Bulls,0.578,234.0,239.0,-5.0,2.0,SOFT,8.0,SOFT,True,standard,False
6,Monte Carlo,Monaco Grand Prix,70,S1,PER,Cadillac,ALO,Aston Martin,0.532,247.0,261.0,-14.0,2.0,SOFT,10.0,SOFT,True,standard,False
6,Monte Carlo,Monaco Grand Prix,70,S2,LAW,Racing Bulls,PIA,McLaren,0.922,239.0,217.0,22.0,8.0,SOFT,6.0,SOFT,True,standard,False
6,Monte Carlo,Monaco Grand Prix,70,S2,LIN,Racing Bulls,LAW,Racing Bulls,0.734,234.0,239.0,-5.0,2.0,SOFT,8.0,SOFT,True,standard,False
6,Monte Carlo,Monaco Grand Prix,70,S2,SAI,Williams,ALB,Williams,0.672,232.0,248.0,-16.0,6.0,SOFT,8.0,SOFT,True,standard,False
6,Monte Carlo,Monaco Grand Prix,70,S2,COL,Alpine,HUL,Audi,0.647,177.0,255.0,-78.0,2.0,SOFT,3.0,SOFT,True,standard,True
6,Monte Carlo,Monaco Grand Prix,70,S2,PER,Cadillac,ALO,Aston Martin,0.932,247.0,261.0,-14.0,2.0,SOFT,10.0,SOFT,True,standard,False
6,Monte Carlo,Monaco Grand Prix,70,S3,HAM,Ferrari,ANT,Mercedes,0.688,159.0,179.0,-20.0,6.0,SOFT,6.0,SOFT,True,standard,False
6,Monte Carlo,Monaco Grand Prix,70,S3,HAD,Red Bull Racing,HAM,Ferrari,0.672,160.0,159.0,1.0,6.0,SOFT,6.0,SOFT,True,standard,False
6,Monte Carlo,Monaco Grand Prix,70,S3,RUS,Mercedes,HAD,Red Bull Racing,0.331,158.0,160.0,-2.0,6.0,SOFT,6.0,SOFT,True,standard,True
6,Monte Carlo,Monaco Grand Prix,70,S3,GAS,Alpine,RUS,Mercedes,0.325,204.0,158.0,46.0,6.0,SOFT,6.0,SOFT,True,standard,False
6,Monte Carlo,Monaco Grand Prix,70,S3,PIA,McLaren,GAS,Alpine,0.344,217.0,204.0,13.0,6.0,SOFT,6.0,SOFT,True,standard,False
6,Monte Carlo,Monaco Grand Prix,70,S3,LAW,Racing Bulls,PIA,McLaren,0.281,239.0,217.0,22.0,8.0,SOFT,6.0,SOFT,True,standard,False
6,Monte Carlo,Monaco Grand Prix,70,S3,ALB,Williams,LAW,Racing Bulls,0.422,248.0,239.0,9.0,8.0,SOFT,8.0,SOFT,True,standard,False
6,Monte Carlo,Monaco Grand Prix,70,S3,COL,Alpine,ALB,Williams,0.284,177.0,248.0,-71.0,2.0,SOFT,8.0,SOFT,True,standard,False
6,Monte Carlo,Monaco Grand Prix,70,S3,LIN,Racing Bulls,COL,Alpine,0.075,234.0,177.0,57.0,2.0,SOFT,2.0,SOFT,True,standard,True
6,Monte Carlo,Monaco Grand Prix,70,S3,ALO,Aston Martin,LIN,Racing Bulls,0.129,261.0,234.0,27.0,10.0,SOFT,2.0,SOFT,True,standard,False
6,Monte Carlo,Monaco Grand Prix,70,S3,PER,Cadillac,ALO,Aston Martin,0.189,247.0,261.0,-14.0,2.0,SOFT,10.0,SOFT,True,standard,False
6,Monte Carlo,Monaco Grand Prix,70,S3,SAI,Williams,PER,Cadillac,0.026,232.0,247.0,-15.0,6.0,SOFT,2.0,SOFT,True,standard,False
6,Monte Carlo,Monaco Grand Prix,70,S3,OCO,Haas F1 Team,SAI,Williams,0.328,243.0,232.0,11.0,3.0,SOFT,6.0,SOFT,True,standard,False
6,Monte Carlo,Monaco Grand Prix,70,S3,BOR,Audi,OCO,Haas F1 Team,0.009,221.0,243.0,-22.0,3.0,SOFT,3.0,SOFT,True,standard,False
6,Monte Carlo,Monaco Grand Prix,70,S3,HUL,Audi,BOR,Audi,0.601,255.0,221.0,34.0,3.0,SOFT,3.0,SOFT,True,standard,True
6,Monte Carlo,Monaco Grand Prix,71,S1,GAS,Alpine,RUS,Mercedes,0.309,266.0,264.0,2.0,7.0,SOFT,7.0,SOFT,True,standard,False
6,Monte Carlo,Monaco Grand Prix,71,S1,HAD,Red Bull Racing,GAS,Alpine,0.311,261.0,266.0,-5.0,7.0,SOFT,7.0,SOFT,True,standard,False
6,Monte Carlo,Monaco Grand Prix,71,S1,PIA,McLaren,HAD,Red Bull Racing,0.461,268.0,261.0,7.0,7.0,SOFT,7.0,SOFT,True,standard,False
6,Monte Carlo,Monaco Grand Prix,71,S1,LAW,Racing Bulls,PIA,McLaren,0.367,269.0,268.0,1.0,9.0,SOFT,7.0,SOFT,True,standard,False
6,Monte Carlo,Monaco Grand Prix,71,S1,LIN,Racing Bulls,LAW,Racing Bulls,0.304,272.0,269.0,3.0,3.0,SOFT,9.0,SOFT,True,standard,False
6,Monte Carlo,Monaco Grand Prix,71,S1,ALB,Williams,LIN,Racing Bulls,0.117,265.0,272.0,-7.0,9.0,SOFT,3.0,SOFT,True,standard,False
6,Monte Carlo,Monaco Grand Prix,71,S1,OCO,Haas F1 Team,ALB,Williams,0.674,269.0,265.0,4.0,4.0,SOFT,9.0,SOFT,True,standard,False
6,Monte Carlo,Monaco Grand Prix,71,S1,HUL,Audi,OCO,Haas F1 Team,0.179,270.0,269.0,1.0,4.0,SOFT,4.0,SOFT,True,standard,True
6,Monte Carlo,Monaco Grand Prix,71,S1,ALO,Aston Martin,HUL,Audi,0.221,268.0,270.0,-2.0,11.0,SOFT,4.0,SOFT,True,standard,False
6,Monte Carlo,Monaco Grand Prix,71,S1,PER,Cadillac,ALO,Aston Martin,0.423,272.0,268.0,4.0,3.0,SOFT,11.0,SOFT,True,standard,True
6,Monte Carlo,Monaco Grand Prix,71,S1,COL,Alpine,PER,Cadillac,0.239,237.0,272.0,-35.0,3.0,SOFT,3.0,SOFT,True,standard,False
6,Monte Carlo,Monaco Grand Prix,71,S1,BOR,Audi,COL,Alpine,0.341,265.0,237.0,28.0,4.0,SOFT,3.0,SOFT,True,standard,True
6,Monte Carlo,Monaco Grand Prix,71,S2,HAD,Red Bull Racing,GAS,Alpine,0.865,261.0,266.0,-5.0,7.0,SOFT,7.0,SOFT,True,standard,False
6,Monte Carlo,Monaco Grand Prix,71,S2,PIA,McLaren,HAD,Red Bull Racing,0.878,268.0,261.0,7.0,7.0,SOFT,7.0,SOFT,True,standard,False
6,Monte Carlo,Monaco Grand Prix,71,S2,LAW,Racing Bulls,PIA,McLaren,0.698,269.0,268.0,1.0,9.0,SOFT,7.0,SOFT,True,standard,False
6,Monte Carlo,Monaco Grand Prix,71,S2,LIN,Racing Bulls,LAW,Racing Bulls,0.624,272.0,269.0,3.0,3.0,SOFT,9.0,SOFT,True,standard,False
6,Monte Carlo,Monaco Grand Prix,71,S2,ALB,Williams,LIN,Racing Bulls,0.749,265.0,272.0,-7.0,9.0,SOFT,3.0,SOFT,True,standard,False
6,Monte Carlo,Monaco Grand Prix,71,S2,HUL,Audi,ALB,Williams,0.31,270.0,265.0,5.0,4.0,SOFT,9.0,SOFT,True,standard,False
6,Monte Carlo,Monaco Grand Prix,71,S2,OCO,Haas F1 Team,HUL,Audi,0.361,269.0,270.0,-1.0,4.0,SOFT,4.0,SOFT,True,standard,False
6,Monte Carlo,Monaco Grand Prix,71,S2,PER,Cadillac,OCO,Haas F1 Team,0.693,272.0,269.0,3.0,3.0,SOFT,4.0,SOFT,True,standard,False
6,Monte Carlo,Monaco Grand Prix,71,S2,ALO,Aston Martin,PER,Cadillac,0.73,268.0,272.0,-4.0,11.0,SOFT,3.0,SOFT,True,standard,False
6,Monte Carlo,Monaco Grand Prix,71,S3,PIA,McLaren,HAD,Red Bull Racing,0.747,268.0,261.0,7.0,7.0,SOFT,7.0,SOFT,True,standard,False
6,Monte Carlo,Monaco Grand Prix,71,S3,LAW,Racing Bulls,PIA,McLaren,0.929,269.0,268.0,1.0,9.0,SOFT,7.0,SOFT,True,standard,False
6,Monte Carlo,Monaco Grand Prix,71,S3,LIN,Racing Bulls,LAW,Racing Bulls,0.731,272.0,269.0,3.0,3.0,SOFT,9.0,SOFT,True,standard,False
6,Monte Carlo,Monaco Grand Prix,71,S3,ALB,Williams,LIN,Racing Bulls,0.793,265.0,272.0,-7.0,9.0,SOFT,3.0,SOFT,True,standard,False
6,Monte Carlo,Monaco Grand Prix,71,S3,HUL,Audi,ALB,Williams,0.142,270.0,265.0,5.0,4.0,SOFT,9.0,SOFT,True,standard,False
6,Monte Carlo,Monaco Grand Prix,71,S3,OCO,Haas F1 Team,HUL,Audi,0.461,269.0,270.0,-1.0,4.0,SOFT,4.0,SOFT,True,standard,False
6,Monte Carlo,Monaco Grand Prix,71,S3,PER,Cadillac,OCO,Haas F1 Team,0.651,272.0,269.0,3.0,3.0,SOFT,4.0,SOFT,True,standard,False
6,Monte Carlo,Monaco Grand Prix,71,S3,ALO,Aston Martin,PER,Cadillac,0.429,268.0,272.0,-4.0,11.0,SOFT,3.0,SOFT,True,standard,False
6,Monte Carlo,Monaco Grand Prix,72,S1,PIA,McLaren,HAD,Red Bull Racing,0.75,270.0,259.0,11.0,8.0,SOFT,8.0,SOFT,True,standard,False
6,Monte Carlo,Monaco Grand Prix,72,S1,LAW,Racing Bulls,PIA,McLaren,0.771,272.0,270.0,2.0,10.0,SOFT,8.0,SOFT,True,standard,False
6,Monte Carlo,Monaco Grand Prix,72,S1,LIN,Racing Bulls,LAW,Racing Bulls,0.744,281.0,272.0,9.0,4.0,SOFT,10.0,SOFT,True,standard,False
6,Monte Carlo,Monaco Grand Prix,72,S1,ALB,Williams,LIN,Racing Bulls,0.753,268.0,281.0,-13.0,10.0,SOFT,4.0,SOFT,True,standard,False
6,Monte Carlo,Monaco Grand Prix,72,S1,HUL,Audi,ALB,Williams,0.351,283.0,268.0,15.0,5.0,SOFT,10.0,SOFT,True,standard,True
6,Monte Carlo,Monaco Grand Prix,72,S1,OCO,Haas F1 Team,HUL,Audi,0.686,281.0,283.0,-2.0,5.0,SOFT,5.0,SOFT,True,standard,False
6,Monte Carlo,Monaco Grand Prix,72,S1,PER,Cadillac,OCO,Haas F1 Team,0.596,271.0,281.0,-10.0,4.0,SOFT,5.0,SOFT,True,standard,False
6,Monte Carlo,Monaco Grand Prix,72,S1,ALO,Aston Martin,PER,Cadillac,0.38,280.0,271.0,9.0,12.0,SOFT,4.0,SOFT,True,standard,False
6,Monte Carlo,Monaco Grand Prix,72,S2,PIA,McLaren,HAD,Red Bull Racing,0.958,270.0,259.0,11.0,8.0,SOFT,8.0,SOFT,True,standard,False
6,Monte Carlo,Monaco Grand Prix,72,S2,LIN,Racing Bulls,LAW,Racing Bulls,0.706,281.0,272.0,9.0,4.0,SOFT,10.0,SOFT,True,standard,False
6,Monte Carlo,Monaco Grand Prix,72,S2,HUL,Audi,LIN,Racing Bulls,0.834,283.0,281.0,2.0,5.0,SOFT,4.0,SOFT,True,standard,False
6,Monte Carlo,Monaco Grand Prix,72,S2,OCO,Haas F1 Team,ALB,Williams,0.299,281.0,268.0,13.0,5.0,SOFT,10.0,SOFT,True,standard,False
6,Monte Carlo,Monaco Grand Prix,72,S2,PER,Cadillac,OCO,Haas F1 Team,0.351,271.0,281.0,-10.0,4.0,SOFT,5.0,SOFT,True,standard,False
6,Monte Carlo,Monaco Grand Prix,72,S2,ALO,Aston Martin,PER,Cadillac,0.472,280.0,271.0,9.0,12.0,SOFT,4.0,SOFT,True,standard,False
6,Monte Carlo,Monaco Grand Prix,72,S3,LIN,Racing Bulls,LAW,Racing Bulls,0.893,281.0,272.0,9.0,4.0,SOFT,10.0,SOFT,True,standard,False
6,Monte Carlo,Monaco Grand Prix,72,S3,OCO,Haas F1 Team,ALB,Williams,0.277,281.0,268.0,13.0,5.0,SOFT,10.0,SOFT,True,standard,False
6,Monte Carlo,Monaco Grand Prix,72,S3,RUS,Mercedes,OCO,Haas F1 Team,0.413,269.0,281.0,-12.0,8.0,SOFT,5.0,SOFT,True,standard,False
6,Monte Carlo,Monaco Grand Prix,72,S3,PER,Cadillac,RUS,Mercedes,0.179,271.0,269.0,2.0,4.0,SOFT,8.0,SOFT,True,standard,True
6,Monte Carlo,Monaco Grand Prix,72,S3,ALO,Aston Martin,PER,Cadillac,0.361,280.0,271.0,9.0,12.0,SOFT,4.0,SOFT,True,standard,False
6,Monte Carlo,Monaco Grand Prix,73,S1,PIA,McLaren,HAD,Red Bull Racing,0.977,271.0,256.0,15.0,9.0,SOFT,9.0,SOFT,True,standard,False
6,Monte Carlo,Monaco Grand Prix,73,S1,LIN,Racing Bulls,LAW,Racing Bulls,0.95,281.0,272.0,9.0,5.0,SOFT,11.0,SOFT,True,standard,False
6,Monte Carlo,Monaco Grand Prix,73,S1,ALB,Williams,HUL,Audi,0.012,271.0,284.0,-13.0,11.0,SOFT,6.0,SOFT,True,standard,True
6,Monte Carlo,Monaco Grand Prix,73,S1,OCO,Haas F1 Team,ALB,Williams,0.486,283.0,271.0,12.0,6.0,SOFT,11.0,SOFT,True,standard,False
6,Monte Carlo,Monaco Grand Prix,73,S1,PER,Cadillac,OCO,Haas F1 Team,0.484,269.0,283.0,-14.0,5.0,SOFT,6.0,SOFT,True,standard,False
6,Monte Carlo,Monaco Grand Prix,73,S1,ALO,Aston Martin,PER,Cadillac,0.341,280.0,269.0,11.0,13.0,SOFT,5.0,SOFT,True,standard,False
6,Monte Carlo,Monaco Grand Prix,73,S1,BOR,Audi,ALO,Aston Martin,0.712,274.0,280.0,-6.0,6.0,SOFT,13.0,SOFT,True,standard,False
6,Monte Carlo,Monaco Grand Prix,73,S2,PIA,McLaren,HAD,Red Bull Racing,0.798,271.0,256.0,15.0,9.0,SOFT,9.0,SOFT,True,standard,False
6,Monte Carlo,Monaco Grand Prix,73,S2,HUL,Audi,ALB,Williams,0.54,284.0,271.0,13.0,6.0,SOFT,11.0,SOFT,True,standard,False
6,Monte Carlo,Monaco Grand Prix,73,S2,OCO,Haas F1 Team,HUL,Audi,0.76,283.0,284.0,-1.0,6.0,SOFT,6.0,SOFT,True,standard,False
6,Monte Carlo,Monaco Grand Prix,73,S2,PER,Cadillac,OCO,Haas F1 Team,0.934,269.0,283.0,-14.0,5.0,SOFT,6.0,SOFT,True,standard,False
6,Monte Carlo,Monaco Grand Prix,73,S2,ALO,Aston Martin,PER,Cadillac,0.738,280.0,269.0,11.0,13.0,SOFT,5.0,SOFT,True,standard,False
6,Monte Carlo,Monaco Grand Prix,73,S2,BOR,Audi,ALO,Aston Martin,0.551,274.0,280.0,-6.0,6.0,SOFT,13.0,SOFT,True,standard,False
6,Monte Carlo,Monaco Grand Prix,73,S2,RUS,Mercedes,BOR,Audi,0.6,274.0,274.0,0.0,9.0,SOFT,6.0,SOFT,True,standard,False
6,Monte Carlo,Monaco Grand Prix,73,S3,PIA,McLaren,HAD,Red Bull Racing,0.884,271.0,256.0,15.0,9.0,SOFT,9.0,SOFT,True,standard,False
6,Monte Carlo,Monaco Grand Prix,73,S3,HUL,Audi,ALB,Williams,0.462,284.0,271.0,13.0,6.0,SOFT,11.0,SOFT,True,standard,False
6,Monte Carlo,Monaco Grand Prix,73,S3,OCO,Haas F1 Team,HUL,Audi,0.778,283.0,284.0,-1.0,6.0,SOFT,6.0,SOFT,True,standard,False
6,Monte Carlo,Monaco Grand Prix,73,S3,ALO,Aston Martin,PER,Cadillac,0.654,280.0,269.0,11.0,13.0,SOFT,5.0,SOFT,True,standard,False
6,Monte Carlo,Monaco Grand Prix,73,S3,BOR,Audi,ALO,Aston Martin,0.593,274.0,280.0,-6.0,6.0,SOFT,13.0,SOFT,True,standard,False
6,Monte Carlo,Monaco Grand Prix,73,S3,RUS,Mercedes,BOR,Audi,0.602,274.0,274.0,0.0,9.0,SOFT,6.0,SOFT,True,standard,False
6,Monte Carlo,Monaco Grand Prix,74,S1,PIA,McLaren,HAD,Red Bull Racing,0.813,281.0,261.0,20.0,10.0,SOFT,10.0,SOFT,True,standard,False
6,Monte Carlo,Monaco Grand Prix,74,S1,HUL,Audi,ALB,Williams,0.512,285.0,272.0,13.0,7.0,SOFT,12.0,SOFT,True,standard,False
6,Monte Carlo,Monaco Grand Prix,74,S1,ALO,Aston Martin,PER,Cadillac,0.852,280.0,274.0,6.0,14.0,SOFT,6.0,SOFT,True,standard,False
6,Monte Carlo,Monaco Grand Prix,74,S1,BOR,Audi,ALO,Aston Martin,0.486,287.0,280.0,7.0,7.0,SOFT,14.0,SOFT,True,standard,False
6,Monte Carlo,Monaco Grand Prix,74,S1,RUS,Mercedes,BOR,Audi,0.63,286.0,287.0,-1.0,10.0,SOFT,7.0,SOFT,True,standard,False
6,Monte Carlo,Monaco Grand Prix,74,S2,PIA,McLaren,HAD,Red Bull Racing,0.425,281.0,261.0,20.0,10.0,SOFT,10.0,SOFT,True,standard,False
6,Monte Carlo,Monaco Grand Prix,74,S2,HUL,Audi,ALB,Williams,0.472,285.0,272.0,13.0,7.0,SOFT,12.0,SOFT,True,standard,False
6,Monte Carlo,Monaco Grand Prix,74,S2,BOR,Audi,ALO,Aston Martin,0.321,287.0,280.0,7.0,7.0,SOFT,14.0,SOFT,True,standard,False
6,Monte Carlo,Monaco Grand Prix,74,S2,RUS,Mercedes,BOR,Audi,0.454,286.0,287.0,-1.0,10.0,SOFT,7.0,SOFT,True,standard,False
6,Monte Carlo,Monaco Grand Prix,74,S3,PIA,McLaren,HAD,Red Bull Racing,0.443,281.0,261.0,20.0,10.0,SOFT,10.0,SOFT,True,standard,False
6,Monte Carlo,Monaco Grand Prix,74,S3,HUL,Audi,ALB,Williams,0.434,285.0,272.0,13.0,7.0,SOFT,12.0,SOFT,True,standard,False
6,Monte Carlo,Monaco Grand Prix,74,S3,BOR,Audi,ALO,Aston Martin,0.516,287.0,280.0,7.0,7.0,SOFT,14.0,SOFT,True,standard,False
6,Monte Carlo,Monaco Grand Prix,74,S3,RUS,Mercedes,BOR,Audi,0.536,286.0,287.0,-1.0,10.0,SOFT,7.0,SOFT,True,standard,False
6,Monte Carlo,Monaco Grand Prix,75,S1,PIA,McLaren,HAD,Red Bull Racing,0.553,281.0,261.0,20.0,11.0,SOFT,11.0,SOFT,True,standard,False
6,Monte Carlo,Monaco Grand Prix,75,S1,HUL,Audi,ALB,Williams,0.436,285.0,272.0,13.0,8.0,SOFT,13.0,SOFT,True,standard,False
6,Monte Carlo,Monaco Grand Prix,75,S1,BOR,Audi,ALO,Aston Martin,0.448,286.0,271.0,15.0,8.0,SOFT,15.0,SOFT,True,standard,False
6,Monte Carlo,Monaco Grand Prix,75,S1,RUS,Mercedes,BOR,Audi,0.691,286.0,286.0,0.0,11.0,SOFT,8.0,SOFT,True,standard,False
6,Monte Carlo,Monaco Grand Prix,75,S2,PIA,McLaren,HAD,Red Bull Racing,0.405,281.0,261.0,20.0,11.0,SOFT,11.0,SOFT,True,standard,False
6,Monte Carlo,Monaco Grand Prix,75,S2,HUL,Audi,ALB,Williams,0.353,285.0,272.0,13.0,8.0,SOFT,13.0,SOFT,True,standard,False
6,Monte Carlo,Monaco Grand Prix,75,S2,BOR,Audi,ALO,Aston Martin,0.344,286.0,271.0,15.0,8.0,SOFT,15.0,SOFT,True,standard,False
6,Monte Carlo,Monaco Grand Prix,75,S2,RUS,Mercedes,BOR,Audi,0.485,286.0,286.0,0.0,11.0,SOFT,8.0,SOFT,True,standard,False
6,Monte Carlo,Monaco Grand Prix,75,S3,PIA,McLaren,HAD,Red Bull Racing,0.613,281.0,261.0,20.0,11.0,SOFT,11.0,SOFT,True,standard,False
6,Monte Carlo,Monaco Grand Prix,75,S3,HUL,Audi,ALB,Williams,0.311,285.0,272.0,13.0,8.0,SOFT,13.0,SOFT,True,standard,False
6,Monte Carlo,Monaco Grand Prix,75,S3,BOR,Audi,ALO,Aston Martin,0.357,286.0,271.0,15.0,8.0,SOFT,15.0,SOFT,True,standard,False
6,Monte Carlo,Monaco Grand Prix,75,S3,RUS,Mercedes,BOR,Audi,0.544,286.0,286.0,0.0,11.0,SOFT,8.0,SOFT,True,standard,False
6,Monte Carlo,Monaco Grand Prix,76,S1,PIA,McLaren,HAD,Red Bull Racing,0.589,281.0,261.0,20.0,12.0,SOFT,12.0,SOFT,True,standard,False
6,Monte Carlo,Monaco Grand Prix,76,S1,HUL,Audi,ALB,Williams,0.427,285.0,272.0,13.0,9.0,SOFT,14.0,SOFT,True,standard,False
6,Monte Carlo,Monaco Grand Prix,76,S1,BOR,Audi,ALO,Aston Martin,0.402,286.0,270.0,16.0,9.0,SOFT,16.0,SOFT,True,standard,False
6,Monte Carlo,Monaco Grand Prix,76,S1,RUS,Mercedes,BOR,Audi,0.603,284.0,286.0,-2.0,12.0,SOFT,9.0,SOFT,True,standard,False
6,Monte Carlo,Monaco Grand Prix,76,S2,PIA,McLaren,HAD,Red Bull Racing,0.475,281.0,261.0,20.0,12.0,SOFT,12.0,SOFT,True,standard,False
6,Monte Carlo,Monaco Grand Prix,76,S2,HUL,Audi,ALB,Williams,0.338,285.0,272.0,13.0,9.0,SOFT,14.0,SOFT,True,standard,False
6,Monte Carlo,Monaco Grand Prix,76,S2,BOR,Audi,ALO,Aston Martin,0.408,286.0,270.0,16.0,9.0,SOFT,16.0,SOFT,True,standard,False
6,Monte Carlo,Monaco Grand Prix,76,S2,RUS,Mercedes,BOR,Audi,0.535,284.0,286.0,-2.0,12.0,SOFT,9.0,SOFT,True,standard,False
6,Monte Carlo,Monaco Grand Prix,76,S3,PIA,McLaren,HAD,Red Bull Racing,0.531,281.0,261.0,20.0,12.0,SOFT,12.0,SOFT,True,standard,False
6,Monte Carlo,Monaco Grand Prix,76,S3,HUL,Audi,ALB,Williams,0.441,285.0,272.0,13.0,9.0,SOFT,14.0,SOFT,True,standard,False
6,Monte Carlo,Monaco Grand Prix,76,S3,BOR,Audi,ALO,Aston Martin,0.669,286.0,270.0,16.0,9.0,SOFT,16.0,SOFT,True,standard,False
6,Monte Carlo,Monaco Grand Prix,76,S3,RUS,Mercedes,BOR,Audi,0.552,284.0,286.0,-2.0,12.0,SOFT,9.0,SOFT,True,standard,False
6,Monte Carlo,Monaco Grand Prix,77,S1,PIA,McLaren,HAD,Red Bull Racing,0.633,281.0,261.0,20.0,13.0,SOFT,13.0,SOFT,True,standard,False
6,Monte Carlo,Monaco Grand Prix,77,S1,HUL,Audi,ALB,Williams,0.361,284.0,267.0,17.0,10.0,SOFT,15.0,SOFT,True,standard,False
6,Monte Carlo,Monaco Grand Prix,77,S1,BOR,Audi,ALO,Aston Martin,0.505,286.0,271.0,15.0,10.0,SOFT,17.0,SOFT,True,standard,False
6,Monte Carlo,Monaco Grand Prix,77,S1,RUS,Mercedes,BOR,Audi,0.814,286.0,286.0,0.0,13.0,SOFT,10.0,SOFT,True,standard,False
6,Monte Carlo,Monaco Grand Prix,77,S2,PIA,McLaren,HAD,Red Bull Racing,0.639,281.0,261.0,20.0,13.0,SOFT,13.0,SOFT,True,standard,False
6,Monte Carlo,Monaco Grand Prix,77,S2,HUL,Audi,ALB,Williams,0.551,284.0,267.0,17.0,10.0,SOFT,15.0,SOFT,True,standard,False
6,Monte Carlo,Monaco Grand Prix,77,S2,BOR,Audi,ALO,Aston Martin,0.444,286.0,271.0,15.0,10.0,SOFT,17.0,SOFT,True,standard,False
6,Monte Carlo,Monaco Grand Prix,77,S2,RUS,Mercedes,BOR,Audi,0.563,286.0,286.0,0.0,13.0,SOFT,10.0,SOFT,True,standard,False
6,Monte Carlo,Monaco Grand Prix,77,S3,PIA,McLaren,HAD,Red Bull Racing,0.708,281.0,261.0,20.0,13.0,SOFT,13.0,SOFT,True,standard,False
6,Monte Carlo,Monaco Grand Prix,77,S3,HUL,Audi,ALB,Williams,0.525,284.0,267.0,17.0,10.0,SOFT,15.0,SOFT,True,standard,False
6,Monte Carlo,Monaco Grand Prix,77,S3,BOR,Audi,ALO,Aston Martin,0.653,286.0,271.0,15.0,10.0,SOFT,17.0,SOFT,True,standard,False
6,Monte Carlo,Monaco Grand Prix,77,S3,RUS,Mercedes,BOR,Audi,0.718,286.0,286.0,0.0,13.0,SOFT,10.0,SOFT,True,standard,False
6,Monte Carlo,Monaco Grand Prix,78,S1,PIA,McLaren,HAD,Red Bull Racing,0.842,281.0,261.0,20.0,14.0,SOFT,14.0,SOFT,True,standard,False
6,Monte Carlo,Monaco Grand Prix,78,S1,HUL,Audi,ALB,Williams,0.336,284.0,273.0,11.0,11.0,SOFT,16.0,SOFT,True,standard,False
6,Monte Carlo,Monaco Grand Prix,78,S1,BOR,Audi,ALO,Aston Martin,0.513,285.0,270.0,15.0,11.0,SOFT,18.0,SOFT,True,standard,False
6,Monte Carlo,Monaco Grand Prix,78,S1,RUS,Mercedes,BOR,Audi,0.759,286.0,285.0,1.0,14.0,SOFT,11.0,SOFT,True,standard,False
6,Monte Carlo,Monaco Grand Prix,78,S1,COL,Alpine,RUS,Mercedes,0.959,276.0,286.0,-10.0,10.0,SOFT,14.0,SOFT,True,standard,False
6,Monte Carlo,Monaco Grand Prix,78,S2,PIA,McLaren,HAD,Red Bull Racing,0.771,281.0,261.0,20.0,14.0,SOFT,14.0,SOFT,True,standard,False
6,Monte Carlo,Monaco Grand Prix,78,S2,HUL,Audi,ALB,Williams,0.645,284.0,273.0,11.0,11.0,SOFT,16.0,SOFT,True,standard,False
6,Monte Carlo,Monaco Grand Prix,78,S2,BOR,Audi,ALO,Aston Martin,0.485,285.0,270.0,15.0,11.0,SOFT,18.0,SOFT,True,standard,False
6,Monte Carlo,Monaco Grand Prix,78,S2,RUS,Mercedes,BOR,Audi,0.615,286.0,285.0,1.0,14.0,SOFT,11.0,SOFT,True,standard,False
6,Monte Carlo,Monaco Grand Prix,78,S3,PIA,McLaren,HAD,Red Bull Racing,0.797,281.0,261.0,20.0,14.0,SOFT,14.0,SOFT,True,standard,False
6,Monte Carlo,Monaco Grand Prix,78,S3,HUL,Audi,ALB,Williams,0.643,284.0,273.0,11.0,11.0,SOFT,16.0,SOFT,True,standard,False
6,Monte Carlo,Monaco Grand Prix,78,S3,BOR,Audi,ALO,Aston Martin,0.825,285.0,270.0,15.0,11.0,SOFT,18.0,SOFT,True,standard,False
6,Monte Carlo,Monaco Grand Prix,78,S3,RUS,Mercedes,BOR,Audi,0.663,286.0,285.0,1.0,14.0,SOFT,11.0,SOFT,True,standard,False
6,Monte Carlo,Monaco Grand Prix,78,S3,COL,Alpine,RUS,Mercedes,0.617,276.0,286.0,-10.0,10.0,SOFT,14.0,SOFT,True,standard,False
7,Barcelona,Barcelona Grand Prix,1,S2,ANT,Mercedes,HAM,Ferrari,0.625,294.0,295.0,-1.0,1.0,MEDIUM,3.0,SOFT,True,harvest_rich,False
7,Barcelona,Barcelona Grand Prix,1,S2,NOR,McLaren,ANT,Mercedes,0.453,293.0,294.0,-1.0,1.0,MEDIUM,1.0,MEDIUM,True,harvest_rich,False
7,Barcelona,Barcelona Grand Prix,1,S2,VER,Red Bull Racing,NOR,McLaren,0.625,296.0,293.0,3.0,4.0,SOFT,1.0,MEDIUM,True,harvest_rich,False
7,Barcelona,Barcelona Grand Prix,1,S2,PIA,McLaren,VER,Red Bull Racing,0.328,300.0,296.0,4.0,1.0,MEDIUM,4.0,SOFT,True,harvest_rich,False
7,Barcelona,Barcelona Grand Prix,1,S2,LEC,Ferrari,PIA,McLaren,0.781,309.0,300.0,9.0,1.0,MEDIUM,1.0,MEDIUM,True,harvest_rich,False
7,Barcelona,Barcelona Grand Prix,1,S2,LAW,Racing Bulls,LEC,Ferrari,0.438,307.0,309.0,-2.0,1.0,MEDIUM,1.0,MEDIUM,True,harvest_rich,False
7,Barcelona,Barcelona Grand Prix,1,S2,LIN,Racing Bulls,LAW,Racing Bulls,0.625,301.0,307.0,-6.0,1.0,MEDIUM,1.0,MEDIUM,True,harvest_rich,False
7,Barcelona,Barcelona Grand Prix,1,S2,HUL,Audi,LIN,Racing Bulls,0.343,302.0,301.0,1.0,1.0,SOFT,1.0,MEDIUM,True,harvest_rich,False
7,Barcelona,Barcelona Grand Prix,1,S2,COL,Alpine,HUL,Audi,0.344,301.0,302.0,-1.0,1.0,SOFT,1.0,SOFT,True,harvest_rich,False
7,Barcelona,Barcelona Grand Prix,1,S2,GAS,Alpine,COL,Alpine,0.625,297.0,301.0,-4.0,1.0,MEDIUM,1.0,SOFT,True,harvest_rich,False
7,Barcelona,Barcelona Grand Prix,1,S2,SAI,Williams,GAS,Alpine,0.188,296.0,297.0,-1.0,1.0,SOFT,1.0,MEDIUM,True,harvest_rich,False
7,Barcelona,Barcelona Grand Prix,1,S2,BEA,Haas F1 Team,SAI,Williams,0.531,294.0,296.0,-2.0,1.0,MEDIUM,1.0,SOFT,True,harvest_rich,False
7,Barcelona,Barcelona Grand Prix,1,S2,HAD,Red Bull Racing,BEA,Haas F1 Team,0.047,276.0,294.0,-18.0,1.0,MEDIUM,1.0,MEDIUM,True,harvest_rich,True
7,Barcelona,Barcelona Grand Prix,1,S2,OCO,Haas F1 Team,HAD,Red Bull Racing,0.625,300.0,276.0,24.0,1.0,SOFT,1.0,MEDIUM,True,harvest_rich,False
7,Barcelona,Barcelona Grand Prix,1,S2,BOR,Audi,OCO,Haas F1 Team,0.0,283.0,300.0,-17.0,1.0,MEDIUM,1.0,SOFT,True,harvest_rich,False
7,Barcelona,Barcelona Grand Prix,1,S2,ALB,Williams,BOR,Audi,0.234,303.0,283.0,20.0,1.0,MEDIUM,1.0,MEDIUM,True,harvest_rich,False
7,Barcelona,Barcelona Grand Prix,1,S2,PER,Cadillac,ALB,Williams,0.125,314.0,303.0,11.0,1.0,SOFT,1.0,MEDIUM,True,harvest_rich,False
7,Barcelona,Barcelona Grand Prix,1,S2,BOT,Cadillac,PER,Cadillac,0.375,290.0,314.0,-24.0,1.0,MEDIUM,1.0,SOFT,True,harvest_rich,False
7,Barcelona,Barcelona Grand Prix,1,S2,STR,Aston Martin,BOT,Cadillac,0.922,300.0,290.0,10.0,1.0,HARD,1.0,MEDIUM,True,harvest_rich,False
7,Barcelona,Barcelona Grand Prix,1,S3,ANT,Mercedes,HAM,Ferrari,0.813,294.0,295.0,-1.0,1.0,MEDIUM,3.0,SOFT,True,harvest_rich,False
7,Barcelona,Barcelona Grand Prix,1,S3,NOR,McLaren,ANT,Mercedes,0.672,293.0,294.0,-1.0,1.0,MEDIUM,1.0,MEDIUM,True,harvest_rich,False
7,Barcelona,Barcelona Grand Prix,1,S3,VER,Red Bull Racing,NOR,McLaren,0.687,296.0,293.0,3.0,4.0,SOFT,1.0,MEDIUM,True,harvest_rich,False
7,Barcelona,Barcelona Grand Prix,1,S3,PIA,McLaren,VER,Red Bull Racing,0.657,300.0,296.0,4.0,1.0,MEDIUM,4.0,SOFT,True,harvest_rich,False
7,Barcelona,Barcelona Grand Prix,1,S3,LEC,Ferrari,PIA,McLaren,0.781,309.0,300.0,9.0,1.0,MEDIUM,1.0,MEDIUM,True,harvest_rich,False
7,Barcelona,Barcelona Grand Prix,1,S3,LAW,Racing Bulls,LEC,Ferrari,0.781,307.0,309.0,-2.0,1.0,MEDIUM,1.0,MEDIUM,True,harvest_rich,False
7,Barcelona,Barcelona Grand Prix,1,S3,LIN,Racing Bulls,LAW,Racing Bulls,0.391,301.0,307.0,-6.0,1.0,MEDIUM,1.0,MEDIUM,True,harvest_rich,False
7,Barcelona,Barcelona Grand Prix,1,S3,HUL,Audi,LIN,Racing Bulls,0.5,302.0,301.0,1.0,1.0,SOFT,1.0,MEDIUM,True,harvest_rich,False
7,Barcelona,Barcelona Grand Prix,1,S3,COL,Alpine,HUL,Audi,0.453,301.0,302.0,-1.0,1.0,SOFT,1.0,SOFT,True,harvest_rich,False
7,Barcelona,Barcelona Grand Prix,1,S3,GAS,Alpine,COL,Alpine,0.656,297.0,301.0,-4.0,1.0,MEDIUM,1.0,SOFT,True,harvest_rich,False
7,Barcelona,Barcelona Grand Prix,1,S3,SAI,Williams,GAS,Alpine,0.344,296.0,297.0,-1.0,1.0,SOFT,1.0,MEDIUM,True,harvest_rich,False
7,Barcelona,Barcelona Grand Prix,1,S3,HAD,Red Bull Racing,SAI,Williams,0.584,276.0,296.0,-20.0,1.0,MEDIUM,1.0,SOFT,True,harvest_rich,False
7,Barcelona,Barcelona Grand Prix,1,S3,BEA,Haas F1 Team,HAD,Red Bull Racing,0.599,294.0,276.0,18.0,1.0,MEDIUM,1.0,MEDIUM,True,harvest_rich,False
7,Barcelona,Barcelona Grand Prix,1,S3,OCO,Haas F1 Team,BEA,Haas F1 Team,0.229,300.0,294.0,6.0,1.0,SOFT,1.0,MEDIUM,True,harvest_rich,True
7,Barcelona,Barcelona Grand Prix,1,S3,BOR,Audi,OCO,Haas F1 Team,0.176,283.0,300.0,-17.0,1.0,MEDIUM,1.0,SOFT,True,harvest_rich,False
7,Barcelona,Barcelona Grand Prix,1,S3,ALB,Williams,BOR,Audi,0.537,303.0,283.0,20.0,1.0,MEDIUM,1.0,MEDIUM,True,harvest_rich,False
7,Barcelona,Barcelona Grand Prix,1,S3,PER,Cadillac,ALB,Williams,0.275,314.0,303.0,11.0,1.0,SOFT,1.0,MEDIUM,True,harvest_rich,False
7,Barcelona,Barcelona Grand Prix,1,S3,BOT,Cadillac,PER,Cadillac,0.562,290.0,314.0,-24.0,1.0,MEDIUM,1.0,SOFT,True,harvest_rich,False
7,Barcelona,Barcelona Grand Prix,1,S3,STR,Aston Martin,BOT,Cadillac,0.625,300.0,290.0,10.0,1.0,HARD,1.0,MEDIUM,True,harvest_rich,False
7,Barcelona,Barcelona Grand Prix,2,S1,ANT,Mercedes,HAM,Ferrari,0.625,343.0,325.0,18.0,2.0,MEDIUM,4.0,SOFT,True,harvest_rich,False
7,Barcelona,Barcelona Grand Prix,2,S1,NOR,McLaren,ANT,Mercedes,0.584,335.0,343.0,-8.0,2.0,MEDIUM,2.0,MEDIUM,True,harvest_rich,False
7,Barcelona,Barcelona Grand Prix,2,S1,VER,Red Bull Racing,NOR,McLaren,0.679,342.0,335.0,7.0,5.0,SOFT,2.0,MEDIUM,True,harvest_rich,False
7,Barcelona,Barcelona Grand Prix,2,S1,PIA,McLaren,VER,Red Bull Racing,0.858,339.0,342.0,-3.0,2.0,MEDIUM,5.0,SOFT,True,harvest_rich,False
7,Barcelona,Barcelona Grand Prix,2,S1,LAW,Racing Bulls,LEC,Ferrari,0.648,338.0,344.0,-6.0,2.0,MEDIUM,2.0,MEDIUM,True,harvest_rich,False
7,Barcelona,Barcelona Grand Prix,2,S1,LIN,Racing Bulls,LAW,Racing Bulls,0.443,341.0,338.0,3.0,2.0,MEDIUM,2.0,MEDIUM,True,harvest_rich,False
7,Barcelona,Barcelona Grand Prix,2,S1,HUL,Audi,LIN,Racing Bulls,0.43,347.0,341.0,6.0,2.0,SOFT,2.0,MEDIUM,True,harvest_rich,True
7,Barcelona,Barcelona Grand Prix,2,S1,COL,Alpine,HUL,Audi,0.37,345.0,347.0,-2.0,2.0,SOFT,2.0,SOFT,True,harvest_rich,False
7,Barcelona,Barcelona Grand Prix,2,S1,GAS,Alpine,COL,Alpine,0.718,345.0,345.0,0.0,2.0,MEDIUM,2.0,SOFT,True,harvest_rich,False
7,Barcelona,Barcelona Grand Prix,2,S1,SAI,Williams,GAS,Alpine,0.576,353.0,345.0,8.0,2.0,SOFT,2.0,MEDIUM,True,harvest_rich,False
7,Barcelona,Barcelona Grand Prix,2,S1,HAD,Red Bull Racing,SAI,Williams,0.445,334.0,353.0,-19.0,2.0,MEDIUM,2.0,SOFT,True,harvest_rich,False
7,Barcelona,Barcelona Grand Prix,2,S1,OCO,Haas F1 Team,HAD,Red Bull Racing,0.892,358.0,334.0,24.0,2.0,SOFT,2.0,MEDIUM,True,harvest_rich,False
7,Barcelona,Barcelona Grand Prix,2,S1,BEA,Haas F1 Team,OCO,Haas F1 Team,0.375,348.0,358.0,-10.0,2.0,MEDIUM,2.0,SOFT,True,harvest_rich,False
7,Barcelona,Barcelona Grand Prix,2,S1,BOR,Audi,BEA,Haas F1 Team,0.179,357.0,348.0,9.0,2.0,MEDIUM,2.0,MEDIUM,True,harvest_rich,False
7,Barcelona,Barcelona Grand Prix,2,S1,ALB,Williams,BOR,Audi,0.281,344.0,357.0,-13.0,2.0,MEDIUM,2.0,MEDIUM,True,harvest_rich,False
7,Barcelona,Barcelona Grand Prix,2,S1,PER,Cadillac,ALB,Williams,0.527,350.0,344.0,6.0,2.0,SOFT,2.0,MEDIUM,True,harvest_rich,False
7,Barcelona,Barcelona Grand Prix,2,S1,BOT,Cadillac,PER,Cadillac,0.628,346.0,350.0,-4.0,2.0,MEDIUM,2.0,SOFT,True,harvest_rich,False
7,Barcelona,Barcelona Grand Prix,2,S1,STR,Aston Martin,BOT,Cadillac,0.674,345.0,346.0,-1.0,2.0,HARD,2.0,MEDIUM,True,harvest_rich,False
7,Barcelona,Barcelona Grand Prix,2,S2,ANT,Mercedes,HAM,Ferrari,0.996,343.0,325.0,18.0,2.0,MEDIUM,4.0,SOFT,True,harvest_rich,False
7,Barcelona,Barcelona Grand Prix,2,S2,NOR,McLaren,ANT,Mercedes,0.659,335.0,343.0,-8.0,2.0,MEDIUM,2.0,MEDIUM,True,harvest_rich,False
7,Barcelona,Barcelona Grand Prix,2,S2,VER,Red Bull Racing,NOR,McLaren,0.901,342.0,335.0,7.0,5.0,SOFT,2.0,MEDIUM,True,harvest_rich,False
7,Barcelona,Barcelona Grand Prix,2,S2,PIA,McLaren,VER,Red Bull Racing,0.704,339.0,342.0,-3.0,2.0,MEDIUM,5.0,SOFT,True,harvest_rich,False
7,Barcelona,Barcelona Grand Prix,2,S2,HUL,Audi,LAW,Racing Bulls,0.775,347.0,338.0,9.0,2.0,SOFT,2.0,MEDIUM,True,harvest_rich,False
7,Barcelona,Barcelona Grand Prix,2,S2,LIN,Racing Bulls,HUL,Audi,0.555,341.0,347.0,-6.0,2.0,MEDIUM,2.0,SOFT,True,harvest_rich,False
7,Barcelona,Barcelona Grand Prix,2,S2,COL,Alpine,LIN,Racing Bulls,0.368,345.0,341.0,4.0,2.0,SOFT,2.0,MEDIUM,True,harvest_rich,False
7,Barcelona,Barcelona Grand Prix,2,S2,GAS,Alpine,COL,Alpine,0.574,345.0,345.0,0.0,2.0,MEDIUM,2.0,SOFT,True,harvest_rich,False
7,Barcelona,Barcelona Grand Prix,2,S2,SAI,Williams,GAS,Alpine,0.726,353.0,345.0,8.0,2.0,SOFT,2.0,MEDIUM,True,harvest_rich,False
7,Barcelona,Barcelona Grand Prix,2,S2,HAD,Red Bull Racing,SAI,Williams,0.3,334.0,353.0,-19.0,2.0,MEDIUM,2.0,SOFT,True,harvest_rich,False
7,Barcelona,Barcelona Grand Prix,2,S2,OCO,Haas F1 Team,HAD,Red Bull Racing,0.633,358.0,334.0,24.0,2.0,SOFT,2.0,MEDIUM,True,harvest_rich,False
7,Barcelona,Barcelona Grand Prix,2,S2,BEA,Haas F1 Team,OCO,Haas F1 Team,0.51,348.0,358.0,-10.0,2.0,MEDIUM,2.0,SOFT,True,harvest_rich,False
7,Barcelona,Barcelona Grand Prix,2,S2,BOR,Audi,BEA,Haas F1 Team,0.479,357.0,348.0,9.0,2.0,MEDIUM,2.0,MEDIUM,True,harvest_rich,False
7,Barcelona,Barcelona Grand Prix,2,S2,ALB,Williams,BOR,Audi,0.593,344.0,357.0,-13.0,2.0,MEDIUM,2.0,MEDIUM,True,harvest_rich,False
7,Barcelona,Barcelona Grand Prix,2,S2,PER,Cadillac,ALB,Williams,0.5,350.0,344.0,6.0,2.0,SOFT,2.0,MEDIUM,True,harvest_rich,False
7,Barcelona,Barcelona Grand Prix,2,S2,BOT,Cadillac,PER,Cadillac,0.868,346.0,350.0,-4.0,2.0,MEDIUM,2.0,SOFT,True,harvest_rich,False
7,Barcelona,Barcelona Grand Prix,2,S2,STR,Aston Martin,BOT,Cadillac,0.964,345.0,346.0,-1.0,2.0,HARD,2.0,MEDIUM,True,harvest_rich,False
7,Barcelona,Barcelona Grand Prix,2,S2,ALO,Aston Martin,STR,Aston Martin,0.523,319.0,345.0,-26.0,2.0,HARD,2.0,HARD,True,harvest_rich,False
7,Barcelona,Barcelona Grand Prix,2,S3,NOR,McLaren,ANT,Mercedes,0.884,335.0,343.0,-8.0,2.0,MEDIUM,2.0,MEDIUM,True,harvest_rich,False
7,Barcelona,Barcelona Grand Prix,2,S3,PIA,McLaren,VER,Red Bull Racing,0.675,339.0,342.0,-3.0,2.0,MEDIUM,5.0,SOFT,True,harvest_rich,False
7,Barcelona,Barcelona Grand Prix,2,S3,HUL,Audi,LAW,Racing Bulls,0.546,347.0,338.0,9.0,2.0,SOFT,2.0,MEDIUM,True,harvest_rich,False
7,Barcelona,Barcelona Grand Prix,2,S3,LIN,Racing Bulls,HUL,Audi,0.817,341.0,347.0,-6.0,2.0,MEDIUM,2.0,SOFT,True,harvest_rich,False
7,Barcelona,Barcelona Grand Prix,2,S3,COL,Alpine,LIN,Racing Bulls,0.472,345.0,341.0,4.0,2.0,SOFT,2.0,MEDIUM,True,harvest_rich,False
7,Barcelona,Barcelona Grand Prix,2,S3,GAS,Alpine,COL,Alpine,0.71,345.0,345.0,0.0,2.0,MEDIUM,2.0,SOFT,True,harvest_rich,False
7,Barcelona,Barcelona Grand Prix,2,S3,SAI,Williams,GAS,Alpine,0.847,353.0,345.0,8.0,2.0,SOFT,2.0,MEDIUM,True,harvest_rich,False
7,Barcelona,Barcelona Grand Prix,2,S3,HAD,Red Bull Racing,SAI,Williams,0.346,334.0,353.0,-19.0,2.0,MEDIUM,2.0,SOFT,True,harvest_rich,True
7,Barcelona,Barcelona Grand Prix,2,S3,OCO,Haas F1 Team,HAD,Red Bull Racing,0.723,358.0,334.0,24.0,2.0,SOFT,2.0,MEDIUM,True,harvest_rich,False
7,Barcelona,Barcelona Grand Prix,2,S3,BEA,Haas F1 Team,OCO,Haas F1 Team,0.537,348.0,358.0,-10.0,2.0,MEDIUM,2.0,SOFT,True,harvest_rich,False
7,Barcelona,Barcelona Grand Prix,2,S3,BOR,Audi,BEA,Haas F1 Team,0.317,357.0,348.0,9.0,2.0,MEDIUM,2.0,MEDIUM,True,harvest_rich,False
7,Barcelona,Barcelona Grand Prix,2,S3,ALB,Williams,BOR,Audi,0.655,344.0,357.0,-13.0,2.0,MEDIUM,2.0,MEDIUM,True,harvest_rich,False
7,Barcelona,Barcelona Grand Prix,2,S3,PER,Cadillac,ALB,Williams,0.623,350.0,344.0,6.0,2.0,SOFT,2.0,MEDIUM,True,harvest_rich,False
7,Barcelona,Barcelona Grand Prix,2,S3,BOT,Cadillac,PER,Cadillac,1.0,346.0,350.0,-4.0,2.0,MEDIUM,2.0,SOFT,True,harvest_rich,False
7,Barcelona,Barcelona Grand Prix,2,S3,STR,Aston Martin,BOT,Cadillac,0.987,345.0,346.0,-1.0,2.0,HARD,2.0,MEDIUM,True,harvest_rich,False
7,Barcelona,Barcelona Grand Prix,2,S3,ALO,Aston Martin,STR,Aston Martin,0.451,319.0,345.0,-26.0,2.0,HARD,2.0,HARD,True,harvest_rich,False
7,Barcelona,Barcelona Grand Prix,3,S1,NOR,McLaren,ANT,Mercedes,0.748,340.0,337.0,3.0,3.0,MEDIUM,3.0,MEDIUM,True,harvest_rich,False
7,Barcelona,Barcelona Grand Prix,3,S1,VER,Red Bull Racing,NOR,McLaren,0.984,337.0,340.0,-3.0,6.0,SOFT,3.0,MEDIUM,True,harvest_rich,False
7,Barcelona,Barcelona Grand Prix,3,S1,PIA,McLaren,VER,Red Bull Racing,0.73,345.0,337.0,8.0,3.0,MEDIUM,6.0,SOFT,True,harvest_rich,False
7,Barcelona,Barcelona Grand Prix,3,S1,HUL,Audi,LAW,Racing Bulls,0.198,351.0,336.0,15.0,3.0,SOFT,3.0,MEDIUM,True,harvest_rich,False
7,Barcelona,Barcelona Grand Prix,3,S1,COL,Alpine,LIN,Racing Bulls,0.59,347.0,343.0,4.0,3.0,SOFT,3.0,MEDIUM,True,harvest_rich,False
7,Barcelona,Barcelona Grand Prix,3,S1,GAS,Alpine,COL,Alpine,0.471,351.0,347.0,4.0,3.0,MEDIUM,3.0,SOFT,True,harvest_rich,False
7,Barcelona,Barcelona Grand Prix,3,S1,SAI,Williams,HAD,Red Bull Racing,0.293,349.0,354.0,-5.0,3.0,SOFT,3.0,MEDIUM,True,harvest_rich,False
7,Barcelona,Barcelona Grand Prix,3,S1,OCO,Haas F1 Team,SAI,Williams,0.85,345.0,349.0,-4.0,3.0,SOFT,3.0,SOFT,True,harvest_rich,False
7,Barcelona,Barcelona Grand Prix,3,S1,BEA,Haas F1 Team,OCO,Haas F1 Team,0.52,351.0,345.0,6.0,3.0,MEDIUM,3.0,SOFT,True,harvest_rich,False
7,Barcelona,Barcelona Grand Prix,3,S1,BOR,Audi,BEA,Haas F1 Team,0.205,357.0,351.0,6.0,3.0,MEDIUM,3.0,MEDIUM,True,harvest_rich,False
7,Barcelona,Barcelona Grand Prix,3,S1,ALB,Williams,BOR,Audi,0.767,347.0,357.0,-10.0,3.0,MEDIUM,3.0,MEDIUM,True,harvest_rich,False
7,Barcelona,Barcelona Grand Prix,3,S1,PER,Cadillac,ALB,Williams,0.766,346.0,347.0,-1.0,3.0,SOFT,3.0,MEDIUM,True,harvest_rich,False
7,Barcelona,Barcelona Grand Prix,3,S1,ALO,Aston Martin,STR,Aston Martin,0.87,322.0,333.0,-11.0,3.0,HARD,3.0,HARD,True,harvest_rich,False
7,Barcelona,Barcelona Grand Prix,3,S2,PIA,McLaren,VER,Red Bull Racing,0.74,345.0,337.0,8.0,3.0,MEDIUM,6.0,SOFT,True,harvest_rich,False
7,Barcelona,Barcelona Grand Prix,3,S2,LEC,Ferrari,PIA,McLaren,0.951,343.0,345.0,-2.0,3.0,MEDIUM,3.0,MEDIUM,True,harvest_rich,False
7,Barcelona,Barcelona Grand Prix,3,S2,HUL,Audi,LAW,Racing Bulls,0.723,351.0,336.0,15.0,3.0,SOFT,3.0,MEDIUM,True,harvest_rich,False
7,Barcelona,Barcelona Grand Prix,3,S2,COL,Alpine,LIN,Racing Bulls,0.53,347.0,343.0,4.0,3.0,SOFT,3.0,MEDIUM,True,harvest_rich,False
7,Barcelona,Barcelona Grand Prix,3,S2,GAS,Alpine,COL,Alpine,0.519,351.0,347.0,4.0,3.0,MEDIUM,3.0,SOFT,True,harvest_rich,False
7,Barcelona,Barcelona Grand Prix,3,S2,HAD,Red Bull Racing,GAS,Alpine,0.837,354.0,351.0,3.0,3.0,MEDIUM,3.0,MEDIUM,True,harvest_rich,False
7,Barcelona,Barcelona Grand Prix,3,S2,OCO,Haas F1 Team,SAI,Williams,0.475,345.0,349.0,-4.0,3.0,SOFT,3.0,SOFT,True,harvest_rich,False
7,Barcelona,Barcelona Grand Prix,3,S2,BEA,Haas F1 Team,OCO,Haas F1 Team,0.516,351.0,345.0,6.0,3.0,MEDIUM,3.0,SOFT,True,harvest_rich,False
7,Barcelona,Barcelona Grand Prix,3,S2,BOR,Audi,BEA,Haas F1 Team,0.525,357.0,351.0,6.0,3.0,MEDIUM,3.0,MEDIUM,True,harvest_rich,False
7,Barcelona,Barcelona Grand Prix,3,S2,ALB,Williams,BOR,Audi,0.812,347.0,357.0,-10.0,3.0,MEDIUM,3.0,MEDIUM,True,harvest_rich,False
7,Barcelona,Barcelona Grand Prix,3,S2,PER,Cadillac,ALB,Williams,0.582,346.0,347.0,-1.0,3.0,SOFT,3.0,MEDIUM,True,harvest_rich,False
7,Barcelona,Barcelona Grand Prix,3,S2,ALO,Aston Martin,STR,Aston Martin,0.796,322.0,333.0,-11.0,3.0,HARD,3.0,HARD,True,harvest_rich,False
7,Barcelona,Barcelona Grand Prix,3,S3,PIA,McLaren,VER,Red Bull Racing,0.881,345.0,337.0,8.0,3.0,MEDIUM,6.0,SOFT,True,harvest_rich,False
7,Barcelona,Barcelona Grand Prix,3,S3,LEC,Ferrari,PIA,McLaren,0.742,343.0,345.0,-2.0,3.0,MEDIUM,3.0,MEDIUM,True,harvest_rich,False
7,Barcelona,Barcelona Grand Prix,3,S3,HUL,Audi,LAW,Racing Bulls,0.806,351.0,336.0,15.0,3.0,SOFT,3.0,MEDIUM,True,harvest_rich,False
7,Barcelona,Barcelona Grand Prix,3,S3,LIN,Racing Bulls,HUL,Audi,0.888,343.0,351.0,-8.0,3.0,MEDIUM,3.0,SOFT,True,harvest_rich,False
7,Barcelona,Barcelona Grand Prix,3,S3,COL,Alpine,LIN,Racing Bulls,0.761,347.0,343.0,4.0,3.0,SOFT,3.0,MEDIUM,True,harvest_rich,False
7,Barcelona,Barcelona Grand Prix,3,S3,GAS,Alpine,COL,Alpine,0.569,351.0,347.0,4.0,3.0,MEDIUM,3.0,SOFT,True,harvest_rich,False
7,Barcelona,Barcelona Grand Prix,3,S3,HAD,Red Bull Racing,GAS,Alpine,0.817,354.0,351.0,3.0,3.0,MEDIUM,3.0,MEDIUM,True,harvest_rich,False
7,Barcelona,Barcelona Grand Prix,3,S3,OCO,Haas F1 Team,SAI,Williams,0.734,345.0,349.0,-4.0,3.0,SOFT,3.0,SOFT,True,harvest_rich,False
7,Barcelona,Barcelona Grand Prix,3,S3,BEA,Haas F1 Team,OCO,Haas F1 Team,0.494,351.0,345.0,6.0,3.0,MEDIUM,3.0,SOFT,True,harvest_rich,False
7,Barcelona,Barcelona Grand Prix,3,S3,BOR,Audi,BEA,Haas F1 Team,0.454,357.0,351.0,6.0,3.0,MEDIUM,3.0,MEDIUM,True,harvest_rich,False
7,Barcelona,Barcelona Grand Prix,3,S3,ALB,Williams,BOR,Audi,0.901,347.0,357.0,-10.0,3.0,MEDIUM,3.0,MEDIUM,True,harvest_rich,False
7,Barcelona,Barcelona Grand Prix,3,S3,PER,Cadillac,ALB,Williams,0.677,346.0,347.0,-1.0,3.0,SOFT,3.0,MEDIUM,True,harvest_rich,False
7,Barcelona,Barcelona Grand Prix,3,S3,ALO,Aston Martin,STR,Aston Martin,0.801,322.0,333.0,-11.0,3.0,HARD,3.0,HARD,True,harvest_rich,False
7,Barcelona,Barcelona Grand Prix,4,S1,PIA,McLaren,VER,Red Bull Racing,0.815,345.0,336.0,9.0,4.0,MEDIUM,7.0,SOFT,True,harvest_rich,False
7,Barcelona,Barcelona Grand Prix,4,S1,LEC,Ferrari,PIA,McLaren,0.865,345.0,345.0,0.0,4.0,MEDIUM,4.0,MEDIUM,True,harvest_rich,False
7,Barcelona,Barcelona Grand Prix,4,S1,HUL,Audi,LAW,Racing Bulls,0.633,336.0,334.0,2.0,4.0,SOFT,4.0,MEDIUM,True,harvest_rich,False
7,Barcelona,Barcelona Grand Prix,4,S1,COL,Alpine,LIN,Racing Bulls,0.819,345.0,339.0,6.0,4.0,SOFT,4.0,MEDIUM,True,harvest_rich,False
7,Barcelona,Barcelona Grand Prix,4,S1,GAS,Alpine,COL,Alpine,0.479,351.0,345.0,6.0,4.0,MEDIUM,4.0,SOFT,True,harvest_rich,False
7,Barcelona,Barcelona Grand Prix,4,S1,HAD,Red Bull Racing,GAS,Alpine,0.583,337.0,351.0,-14.0,4.0,MEDIUM,4.0,MEDIUM,True,harvest_rich,False
7,Barcelona,Barcelona Grand Prix,4,S1,OCO,Haas F1 Team,SAI,Williams,0.728,347.0,337.0,10.0,4.0,SOFT,4.0,SOFT,True,harvest_rich,False
7,Barcelona,Barcelona Grand Prix,4,S1,BEA,Haas F1 Team,OCO,Haas F1 Team,0.436,352.0,347.0,5.0,4.0,MEDIUM,4.0,SOFT,True,harvest_rich,False
7,Barcelona,Barcelona Grand Prix,4,S1,BOR,Audi,BEA,Haas F1 Team,0.298,353.0,352.0,1.0,4.0,MEDIUM,4.0,MEDIUM,True,harvest_rich,False
7,Barcelona,Barcelona Grand Prix,4,S1,PER,Cadillac,ALB,Williams,0.696,346.0,346.0,0.0,4.0,SOFT,4.0,MEDIUM,True,harvest_rich,False
7,Barcelona,Barcelona Grand Prix,4,S1,ALO,Aston Martin,STR,Aston Martin,0.77,337.0,326.0,11.0,4.0,HARD,4.0,HARD,True,harvest_rich,False
7,Barcelona,Barcelona Grand Prix,4,S2,ANT,Mercedes,HAM,Ferrari,0.966,337.0,323.0,14.0,4.0,MEDIUM,6.0,SOFT,True,harvest_rich,False
7,Barcelona,Barcelona Grand Prix,4,S2,PIA,McLaren,VER,Red Bull Racing,0.848,345.0,336.0,9.0,4.0,MEDIUM,7.0,SOFT,True,harvest_rich,False
7,Barcelona,Barcelona Grand Prix,4,S2,LEC,Ferrari,PIA,McLaren,0.665,345.0,345.0,0.0,4.0,MEDIUM,4.0,MEDIUM,True,harvest_rich,False
7,Barcelona,Barcelona Grand Prix,4,S2,HUL,Audi,LAW,Racing Bulls,0.83,336.0,334.0,2.0,4.0,SOFT,4.0,MEDIUM,True,harvest_rich,False
7,Barcelona,Barcelona Grand Prix,4,S2,COL,Alpine,LIN,Racing Bulls,0.978,345.0,339.0,6.0,4.0,SOFT,4.0,MEDIUM,True,harvest_rich,False
7,Barcelona,Barcelona Grand Prix,4,S2,GAS,Alpine,COL,Alpine,0.572,351.0,345.0,6.0,4.0,MEDIUM,4.0,SOFT,True,harvest_rich,False
7,Barcelona,Barcelona Grand Prix,4,S2,HAD,Red Bull Racing,GAS,Alpine,0.556,337.0,351.0,-14.0,4.0,MEDIUM,4.0,MEDIUM,True,harvest_rich,False
7,Barcelona,Barcelona Grand Prix,4,S2,OCO,Haas F1 Team,SAI,Williams,0.539,347.0,337.0,10.0,4.0,SOFT,4.0,SOFT,True,harvest_rich,False
7,Barcelona,Barcelona Grand Prix,4,S2,BEA,Haas F1 Team,OCO,Haas F1 Team,0.601,352.0,347.0,5.0,4.0,MEDIUM,4.0,SOFT,True,harvest_rich,False
7,Barcelona,Barcelona Grand Prix,4,S2,BOR,Audi,BEA,Haas F1 Team,0.591,353.0,352.0,1.0,4.0,MEDIUM,4.0,MEDIUM,True,harvest_rich,False
7,Barcelona,Barcelona Grand Prix,4,S2,PER,Cadillac,ALB,Williams,0.64,346.0,346.0,0.0,4.0,SOFT,4.0,MEDIUM,True,harvest_rich,False
7,Barcelona,Barcelona Grand Prix,4,S2,ALO,Aston Martin,STR,Aston Martin,0.682,337.0,326.0,11.0,4.0,HARD,4.0,HARD,True,harvest_rich,False
7,Barcelona,Barcelona Grand Prix,4,S3,ANT,Mercedes,HAM,Ferrari,0.933,337.0,323.0,14.0,4.0,MEDIUM,6.0,SOFT,True,harvest_rich,False
7,Barcelona,Barcelona Grand Prix,4,S3,PIA,McLaren,VER,Red Bull Racing,0.937,345.0,336.0,9.0,4.0,MEDIUM,7.0,SOFT,True,harvest_rich,False
7,Barcelona,Barcelona Grand Prix,4,S3,LEC,Ferrari,PIA,McLaren,0.602,345.0,345.0,0.0,4.0,MEDIUM,4.0,MEDIUM,True,harvest_rich,False
7,Barcelona,Barcelona Grand Prix,4,S3,HUL,Audi,LAW,Racing Bulls,0.744,336.0,334.0,2.0,4.0,SOFT,4.0,MEDIUM,True,harvest_rich,False
7,Barcelona,Barcelona Grand Prix,4,S3,COL,Alpine,LIN,Racing Bulls,0.853,345.0,339.0,6.0,4.0,SOFT,4.0,MEDIUM,True,harvest_rich,False
7,Barcelona,Barcelona Grand Prix,4,S3,GAS,Alpine,COL,Alpine,0.699,351.0,345.0,6.0,4.0,MEDIUM,4.0,SOFT,True,harvest_rich,False
7,Barcelona,Barcelona Grand Prix,4,S3,HAD,Red Bull Racing,GAS,Alpine,0.697,337.0,351.0,-14.0,4.0,MEDIUM,4.0,MEDIUM,True,harvest_rich,False
7,Barcelona,Barcelona Grand Prix,4,S3,OCO,Haas F1 Team,SAI,Williams,0.876,347.0,337.0,10.0,4.0,SOFT,4.0,SOFT,True,harvest_rich,False
7,Barcelona,Barcelona Grand Prix,4,S3,BEA,Haas F1 Team,OCO,Haas F1 Team,0.715,352.0,347.0,5.0,4.0,MEDIUM,4.0,SOFT,True,harvest_rich,False
7,Barcelona,Barcelona Grand Prix,4,S3,BOR,Audi,BEA,Haas F1 Team,0.481,353.0,352.0,1.0,4.0,MEDIUM,4.0,MEDIUM,True,harvest_rich,False
7,Barcelona,Barcelona Grand Prix,4,S3,ALO,Aston Martin,STR,Aston Martin,0.45,337.0,326.0,11.0,4.0,HARD,4.0,HARD,True,harvest_rich,False
7,Barcelona,Barcelona Grand Prix,5,S1,ANT,Mercedes,HAM,Ferrari,0.732,346.0,322.0,24.0,5.0,MEDIUM,7.0,SOFT,True,harvest_rich,False
7,Barcelona,Barcelona Grand Prix,5,S1,LEC,Ferrari,PIA,McLaren,0.714,344.0,348.0,-4.0,5.0,MEDIUM,5.0,MEDIUM,True,harvest_rich,False
7,Barcelona,Barcelona Grand Prix,5,S1,HUL,Audi,LAW,Racing Bulls,0.444,340.0,333.0,7.0,5.0,SOFT,5.0,MEDIUM,True,harvest_rich,False
7,Barcelona,Barcelona Grand Prix,5,S1,COL,Alpine,LIN,Racing Bulls,0.865,350.0,337.0,13.0,5.0,SOFT,5.0,MEDIUM,True,harvest_rich,False
7,Barcelona,Barcelona Grand Prix,5,S1,GAS,Alpine,COL,Alpine,0.685,348.0,350.0,-2.0,5.0,MEDIUM,5.0,SOFT,True,harvest_rich,False
7,Barcelona,Barcelona Grand Prix,5,S1,HAD,Red Bull Racing,GAS,Alpine,0.377,347.0,348.0,-1.0,5.0,MEDIUM,5.0,MEDIUM,True,harvest_rich,False
7,Barcelona,Barcelona Grand Prix,5,S1,OCO,Haas F1 Team,SAI,Williams,0.843,346.0,337.0,9.0,5.0,SOFT,5.0,SOFT,True,harvest_rich,False
7,Barcelona,Barcelona Grand Prix,5,S1,BEA,Haas F1 Team,OCO,Haas F1 Team,0.637,350.0,346.0,4.0,5.0,MEDIUM,5.0,SOFT,True,harvest_rich,False
7,Barcelona,Barcelona Grand Prix,5,S1,BOR,Audi,BEA,Haas F1 Team,0.433,353.0,350.0,3.0,5.0,MEDIUM,5.0,MEDIUM,True,harvest_rich,False
7,Barcelona,Barcelona Grand Prix,5,S1,PER,Cadillac,ALB,Williams,0.954,346.0,338.0,8.0,5.0,SOFT,5.0,MEDIUM,True,harvest_rich,False
7,Barcelona,Barcelona Grand Prix,5,S1,ALO,Aston Martin,STR,Aston Martin,0.46,344.0,332.0,12.0,5.0,HARD,5.0,HARD,True,harvest_rich,False
7,Barcelona,Barcelona Grand Prix,5,S2,ANT,Mercedes,HAM,Ferrari,0.919,346.0,322.0,24.0,5.0,MEDIUM,7.0,SOFT,True,harvest_rich,False
7,Barcelona,Barcelona Grand Prix,5,S2,LEC,Ferrari,PIA,McLaren,0.545,344.0,348.0,-4.0,5.0,MEDIUM,5.0,MEDIUM,True,harvest_rich,False
7,Barcelona,Barcelona Grand Prix,5,S2,HUL,Audi,LAW,Racing Bulls,0.765,340.0,333.0,7.0,5.0,SOFT,5.0,MEDIUM,True,harvest_rich,False
7,Barcelona,Barcelona Grand Prix,5,S2,GAS,Alpine,COL,Alpine,0.843,348.0,350.0,-2.0,5.0,MEDIUM,5.0,SOFT,True,harvest_rich,False
7,Barcelona,Barcelona Grand Prix,5,S2,HAD,Red Bull Racing,GAS,Alpine,0.352,347.0,348.0,-1.0,5.0,MEDIUM,5.0,MEDIUM,True,harvest_rich,False
7,Barcelona,Barcelona Grand Prix,5,S2,OCO,Haas F1 Team,SAI,Williams,0.819,346.0,337.0,9.0,5.0,SOFT,5.0,SOFT,True,harvest_rich,False
7,Barcelona,Barcelona Grand Prix,5,S2,BEA,Haas F1 Team,OCO,Haas F1 Team,0.828,350.0,346.0,4.0,5.0,MEDIUM,5.0,SOFT,True,harvest_rich,False
7,Barcelona,Barcelona Grand Prix,5,S2,BOR,Audi,BEA,Haas F1 Team,0.633,353.0,350.0,3.0,5.0,MEDIUM,5.0,MEDIUM,True,harvest_rich,False
7,Barcelona,Barcelona Grand Prix,5,S2,PER,Cadillac,ALB,Williams,0.875,346.0,338.0,8.0,5.0,SOFT,5.0,MEDIUM,True,harvest_rich,False
7,Barcelona,Barcelona Grand Prix,5,S2,ALO,Aston Martin,STR,Aston Martin,0.592,344.0,332.0,12.0,5.0,HARD,5.0,HARD,True,harvest_rich,True
7,Barcelona,Barcelona Grand Prix,5,S3,LEC,Ferrari,PIA,McLaren,0.423,344.0,348.0,-4.0,5.0,MEDIUM,5.0,MEDIUM,True,harvest_rich,False
7,Barcelona,Barcelona Grand Prix,5,S3,HUL,Audi,LAW,Racing Bulls,0.757,340.0,333.0,7.0,5.0,SOFT,5.0,MEDIUM,True,harvest_rich,False
7,Barcelona,Barcelona Grand Prix,5,S3,GAS,Alpine,COL,Alpine,0.887,348.0,350.0,-2.0,5.0,MEDIUM,5.0,SOFT,True,harvest_rich,False
7,Barcelona,Barcelona Grand Prix,5,S3,HAD,Red Bull Racing,GAS,Alpine,0.398,347.0,348.0,-1.0,5.0,MEDIUM,5.0,MEDIUM,True,harvest_rich,True
7,Barcelona,Barcelona Grand Prix,5,S3,BEA,Haas F1 Team,OCO,Haas F1 Team,0.777,350.0,346.0,4.0,5.0,MEDIUM,5.0,SOFT,True,harvest_rich,False
7,Barcelona,Barcelona Grand Prix,5,S3,BOR,Audi,BEA,Haas F1 Team,0.708,353.0,350.0,3.0,5.0,MEDIUM,5.0,MEDIUM,True,harvest_rich,False
7,Barcelona,Barcelona Grand Prix,6,S1,ANT,Mercedes,HAM,Ferrari,0.903,338.0,322.0,16.0,6.0,MEDIUM,8.0,SOFT,True,harvest_rich,False
7,Barcelona,Barcelona Grand Prix,6,S1,HUL,Audi,LAW,Racing Bulls,0.269,343.0,330.0,13.0,6.0,SOFT,6.0,MEDIUM,True,harvest_rich,False
7,Barcelona,Barcelona Grand Prix,6,S1,HAD,Red Bull Racing,COL,Alpine,0.585,350.0,339.0,11.0,6.0,MEDIUM,6.0,SOFT,True,harvest_rich,False
7,Barcelona,Barcelona Grand Prix,6,S1,GAS,Alpine,HAD,Red Bull Racing,0.242,351.0,350.0,1.0,6.0,MEDIUM,6.0,MEDIUM,True,harvest_rich,False
7,Barcelona,Barcelona Grand Prix,6,S1,BEA,Haas F1 Team,OCO,Haas F1 Team,0.667,350.0,346.0,4.0,6.0,MEDIUM,6.0,SOFT,True,harvest_rich,False
7,Barcelona,Barcelona Grand Prix,6,S1,BOR,Audi,BEA,Haas F1 Team,0.653,347.0,350.0,-3.0,6.0,MEDIUM,6.0,MEDIUM,True,harvest_rich,False
7,Barcelona,Barcelona Grand Prix,6,S2,HUL,Audi,LAW,Racing Bulls,0.683,343.0,330.0,13.0,6.0,SOFT,6.0,MEDIUM,True,harvest_rich,False
7,Barcelona,Barcelona Grand Prix,6,S2,COL,Alpine,LIN,Racing Bulls,0.984,339.0,337.0,2.0,6.0,SOFT,6.0,MEDIUM,True,harvest_rich,False
7,Barcelona,Barcelona Grand Prix,6,S2,HAD,Red Bull Racing,COL,Alpine,0.737,350.0,339.0,11.0,6.0,MEDIUM,6.0,SOFT,True,harvest_rich,False
7,Barcelona,Barcelona Grand Prix,6,S2,GAS,Alpine,HAD,Red Bull Racing,0.738,351.0,350.0,1.0,6.0,MEDIUM,6.0,MEDIUM,True,harvest_rich,False
7,Barcelona,Barcelona Grand Prix,6,S2,BEA,Haas F1 Team,OCO,Haas F1 Team,0.765,350.0,346.0,4.0,6.0,MEDIUM,6.0,SOFT,True,harvest_rich,False
7,Barcelona,Barcelona Grand Prix,6,S2,BOR,Audi,BEA,Haas F1 Team,0.73,347.0,350.0,-3.0,6.0,MEDIUM,6.0,MEDIUM,True,harvest_rich,False
7,Barcelona,Barcelona Grand Prix,6,S3,LEC,Ferrari,PIA,McLaren,0.96,344.0,337.0,7.0,6.0,MEDIUM,6.0,MEDIUM,True,harvest_rich,False
7,Barcelona,Barcelona Grand Prix,6,S3,HUL,Audi,LAW,Racing Bulls,0.79,343.0,330.0,13.0,6.0,SOFT,6.0,MEDIUM,True,harvest_rich,False
7,Barcelona,Barcelona Grand Prix,6,S3,COL,Alpine,LIN,Racing Bulls,0.72,339.0,337.0,2.0,6.0,SOFT,6.0,MEDIUM,True,harvest_rich,False
7,Barcelona,Barcelona Grand Prix,6,S3,HAD,Red Bull Racing,COL,Alpine,0.836,350.0,339.0,11.0,6.0,MEDIUM,6.0,SOFT,True,harvest_rich,False
7,Barcelona,Barcelona Grand Prix,6,S3,GAS,Alpine,HAD,Red Bull Racing,0.911,351.0,350.0,1.0,6.0,MEDIUM,6.0,MEDIUM,True,harvest_rich,False
7,Barcelona,Barcelona Grand Prix,6,S3,BEA,Haas F1 Team,OCO,Haas F1 Team,0.734,350.0,346.0,4.0,6.0,MEDIUM,6.0,SOFT,True,harvest_rich,False
7,Barcelona,Barcelona Grand Prix,6,S3,BOR,Audi,BEA,Haas F1 Team,0.664,347.0,350.0,-3.0,6.0,MEDIUM,6.0,MEDIUM,True,harvest_rich,False
7,Barcelona,Barcelona Grand Prix,7,S1,LEC,Ferrari,PIA,McLaren,0.898,341.0,338.0,3.0,7.0,MEDIUM,7.0,MEDIUM,True,harvest_rich,False
7,Barcelona,Barcelona Grand Prix,7,S1,HUL,Audi,LAW,Racing Bulls,0.364,337.0,326.0,11.0,7.0,SOFT,7.0,MEDIUM,True,harvest_rich,False
7,Barcelona,Barcelona Grand Prix,7,S1,COL,Alpine,LIN,Racing Bulls,0.631,347.0,336.0,11.0,7.0,SOFT,7.0,MEDIUM,True,harvest_rich,False
7,Barcelona,Barcelona Grand Prix,7,S1,HAD,Red Bull Racing,COL,Alpine,0.189,345.0,347.0,-2.0,7.0,MEDIUM,7.0,SOFT,True,harvest_rich,True
7,Barcelona,Barcelona Grand Prix,7,S1,BEA,Haas F1 Team,OCO,Haas F1 Team,0.505,350.0,330.0,20.0,7.0,MEDIUM,7.0,SOFT,True,harvest_rich,False
7,Barcelona,Barcelona Grand Prix,7,S1,BOR,Audi,BEA,Haas F1 Team,0.761,348.0,350.0,-2.0,7.0,MEDIUM,7.0,MEDIUM,True,harvest_rich,False
7,Barcelona,Barcelona Grand Prix,7,S2,LEC,Ferrari,PIA,McLaren,0.671,341.0,338.0,3.0,7.0,MEDIUM,7.0,MEDIUM,True,harvest_rich,False
7,Barcelona,Barcelona Grand Prix,7,S2,HUL,Audi,LAW,Racing Bulls,0.982,337.0,326.0,11.0,7.0,SOFT,7.0,MEDIUM,True,harvest_rich,False
7,Barcelona,Barcelona Grand Prix,7,S2,HAD,Red Bull Racing,LIN,Racing Bulls,0.717,345.0,336.0,9.0,7.0,MEDIUM,7.0,MEDIUM,True,harvest_rich,False
7,Barcelona,Barcelona Grand Prix,7,S2,COL,Alpine,HAD,Red Bull Racing,0.823,347.0,345.0,2.0,7.0,SOFT,7.0,MEDIUM,True,harvest_rich,False
7,Barcelona,Barcelona Grand Prix,7,S2,GAS,Alpine,COL,Alpine,0.723,350.0,347.0,3.0,7.0,MEDIUM,7.0,SOFT,True,harvest_rich,False
7,Barcelona,Barcelona Grand Prix,7,S2,BEA,Haas F1 Team,OCO,Haas F1 Team,0.749,350.0,330.0,20.0,7.0,MEDIUM,7.0,SOFT,True,harvest_rich,False
7,Barcelona,Barcelona Grand Prix,7,S2,BOR,Audi,BEA,Haas F1 Team,0.796,348.0,350.0,-2.0,7.0,MEDIUM,7.0,MEDIUM,True,harvest_rich,False
7,Barcelona,Barcelona Grand Prix,7,S3,LEC,Ferrari,PIA,McLaren,0.493,341.0,338.0,3.0,7.0,MEDIUM,7.0,MEDIUM,True,harvest_rich,True
7,Barcelona,Barcelona Grand Prix,7,S3,HAD,Red Bull Racing,LIN,Racing Bulls,0.607,345.0,336.0,9.0,7.0,MEDIUM,7.0,MEDIUM,True,harvest_rich,False
7,Barcelona,Barcelona Grand Prix,7,S3,GAS,Alpine,COL,Alpine,0.694,350.0,347.0,3.0,7.0,MEDIUM,7.0,SOFT,True,harvest_rich,False
7,Barcelona,Barcelona Grand Prix,7,S3,BEA,Haas F1 Team,OCO,Haas F1 Team,0.981,350.0,330.0,20.0,7.0,MEDIUM,7.0,SOFT,True,harvest_rich,False
7,Barcelona,Barcelona Grand Prix,7,S3,BOR,Audi,BEA,Haas F1 Team,0.787,348.0,350.0,-2.0,7.0,MEDIUM,7.0,MEDIUM,True,harvest_rich,False
7,Barcelona,Barcelona Grand Prix,8,S1,PIA,McLaren,LEC,Ferrari,0.118,334.0,347.0,-13.0,8.0,MEDIUM,8.0,MEDIUM,True,harvest_rich,False
7,Barcelona,Barcelona Grand Prix,8,S1,HAD,Red Bull Racing,LIN,Racing Bulls,0.458,342.0,334.0,8.0,8.0,MEDIUM,8.0,MEDIUM,True,harvest_rich,False
7,Barcelona,Barcelona Grand Prix,8,S1,GAS,Alpine,COL,Alpine,0.387,350.0,349.0,1.0,8.0,MEDIUM,8.0,SOFT,True,harvest_rich,False
7,Barcelona,Barcelona Grand Prix,8,S1,BEA,Haas F1 Team,OCO,Haas F1 Team,0.865,348.0,328.0,20.0,8.0,MEDIUM,8.0,SOFT,True,harvest_rich,False
7,Barcelona,Barcelona Grand Prix,8,S1,BOR,Audi,BEA,Haas F1 Team,0.855,346.0,348.0,-2.0,8.0,MEDIUM,8.0,MEDIUM,True,harvest_rich,False
7,Barcelona,Barcelona Grand Prix,8,S1,ALO,Aston Martin,BOT,Cadillac,0.949,324.0,325.0,-1.0,8.0,HARD,8.0,MEDIUM,True,harvest_rich,False
7,Barcelona,Barcelona Grand Prix,8,S2,HAD,Red Bull Racing,LIN,Racing Bulls,0.606,342.0,334.0,8.0,8.0,MEDIUM,8.0,MEDIUM,True,harvest_rich,False
7,Barcelona,Barcelona Grand Prix,8,S2,GAS,Alpine,COL,Alpine,0.635,350.0,349.0,1.0,8.0,MEDIUM,8.0,SOFT,True,harvest_rich,False
7,Barcelona,Barcelona Grand Prix,8,S2,ALO,Aston Martin,BOT,Cadillac,0.86,324.0,325.0,-1.0,8.0,HARD,8.0,MEDIUM,True,harvest_rich,False
7,Barcelona,Barcelona Grand Prix,8,S3,HAD,Red Bull Racing,LIN,Racing Bulls,0.481,342.0,334.0,8.0,8.0,MEDIUM,8.0,MEDIUM,True,harvest_rich,False
7,Barcelona,Barcelona Grand Prix,8,S3,GAS,Alpine,COL,Alpine,0.853,350.0,349.0,1.0,8.0,MEDIUM,8.0,SOFT,True,harvest_rich,False
7,Barcelona,Barcelona Grand Prix,8,S3,ALO,Aston Martin,BOT,Cadillac,0.702,324.0,325.0,-1.0,8.0,HARD,8.0,MEDIUM,True,harvest_rich,False
7,Barcelona,Barcelona Grand Prix,9,S1,HAD,Red Bull Racing,LIN,Racing Bulls,0.671,347.0,334.0,13.0,9.0,MEDIUM,9.0,MEDIUM,True,harvest_rich,False
7,Barcelona,Barcelona Grand Prix,9,S1,COL,Alpine,HAD,Red Bull Racing,0.967,337.0,347.0,-10.0,9.0,SOFT,9.0,MEDIUM,True,harvest_rich,False
7,Barcelona,Barcelona Grand Prix,9,S1,GAS,Alpine,COL,Alpine,0.43,350.0,337.0,13.0,9.0,MEDIUM,9.0,SOFT,True,harvest_rich,False
7,Barcelona,Barcelona Grand Prix,9,S1,BOR,Audi,BEA,Haas F1 Team,0.887,346.0,330.0,16.0,9.0,MEDIUM,9.0,MEDIUM,True,harvest_rich,False
7,Barcelona,Barcelona Grand Prix,9,S1,ALO,Aston Martin,BOT,Cadillac,0.436,334.0,323.0,11.0,9.0,HARD,9.0,MEDIUM,True,harvest_rich,False
7,Barcelona,Barcelona Grand Prix,9,S2,HAD,Red Bull Racing,LIN,Racing Bulls,0.677,347.0,334.0,13.0,9.0,MEDIUM,9.0,MEDIUM,True,harvest_rich,False
7,Barcelona,Barcelona Grand Prix,9,S2,GAS,Alpine,COL,Alpine,0.677,350.0,337.0,13.0,9.0,MEDIUM,9.0,SOFT,True,harvest_rich,False
7,Barcelona,Barcelona Grand Prix,9,S2,BOR,Audi,BEA,Haas F1 Team,0.977,346.0,330.0,16.0,9.0,MEDIUM,9.0,MEDIUM,True,harvest_rich,False
7,Barcelona,Barcelona Grand Prix,9,S2,ALO,Aston Martin,BOT,Cadillac,0.581,334.0,323.0,11.0,9.0,HARD,9.0,MEDIUM,True,harvest_rich,False
7,Barcelona,Barcelona Grand Prix,9,S3,HAD,Red Bull Racing,LIN,Racing Bulls,0.602,347.0,334.0,13.0,9.0,MEDIUM,9.0,MEDIUM,True,harvest_rich,False
7,Barcelona,Barcelona Grand Prix,9,S3,GAS,Alpine,COL,Alpine,0.723,350.0,337.0,13.0,9.0,MEDIUM,9.0,SOFT,True,harvest_rich,False
7,Barcelona,Barcelona Grand Prix,9,S3,BOR,Audi,BEA,Haas F1 Team,0.987,346.0,330.0,16.0,9.0,MEDIUM,9.0,MEDIUM,True,harvest_rich,False
7,Barcelona,Barcelona Grand Prix,9,S3,ALO,Aston Martin,BOT,Cadillac,0.435,334.0,323.0,11.0,9.0,HARD,9.0,MEDIUM,True,harvest_rich,False
7,Barcelona,Barcelona Grand Prix,10,S1,HAD,Red Bull Racing,LIN,Racing Bulls,0.088,344.0,333.0,11.0,10.0,MEDIUM,10.0,MEDIUM,True,harvest_rich,True
7,Barcelona,Barcelona Grand Prix,10,S1,GAS,Alpine,COL,Alpine,0.349,351.0,336.0,15.0,10.0,MEDIUM,10.0,SOFT,True,harvest_rich,False
7,Barcelona,Barcelona Grand Prix,10,S1,BOR,Audi,BEA,Haas F1 Team,0.757,345.0,330.0,15.0,10.0,MEDIUM,10.0,MEDIUM,True,harvest_rich,False
7,Barcelona,Barcelona Grand Prix,10,S1,ALO,Aston Martin,BOT,Cadillac,0.667,349.0,328.0,21.0,10.0,HARD,10.0,MEDIUM,True,harvest_rich,False
7,Barcelona,Barcelona Grand Prix,10,S2,LEC,Ferrari,VER,Red Bull Racing,0.896,331.0,330.0,1.0,10.0,MEDIUM,13.0,SOFT,True,harvest_rich,False
7,Barcelona,Barcelona Grand Prix,10,S2,LIN,Racing Bulls,HAD,Red Bull Racing,0.945,333.0,344.0,-11.0,10.0,MEDIUM,10.0,MEDIUM,True,harvest_rich,False
7,Barcelona,Barcelona Grand Prix,10,S2,GAS,Alpine,COL,Alpine,0.521,351.0,336.0,15.0,10.0,MEDIUM,10.0,SOFT,True,harvest_rich,False
7,Barcelona,Barcelona Grand Prix,10,S2,BOR,Audi,BEA,Haas F1 Team,0.92,345.0,330.0,15.0,10.0,MEDIUM,10.0,MEDIUM,True,harvest_rich,False
7,Barcelona,Barcelona Grand Prix,10,S2,ALO,Aston Martin,BOT,Cadillac,0.838,349.0,328.0,21.0,10.0,HARD,10.0,MEDIUM,True,harvest_rich,False
7,Barcelona,Barcelona Grand Prix,10,S3,LEC,Ferrari,VER,Red Bull Racing,0.572,331.0,330.0,1.0,10.0,MEDIUM,13.0,SOFT,True,harvest_rich,False
7,Barcelona,Barcelona Grand Prix,10,S3,GAS,Alpine,COL,Alpine,0.676,351.0,336.0,15.0,10.0,MEDIUM,10.0,SOFT,True,harvest_rich,False
7,Barcelona,Barcelona Grand Prix,10,S3,BOR,Audi,BEA,Haas F1 Team,0.908,345.0,330.0,15.0,10.0,MEDIUM,10.0,MEDIUM,True,harvest_rich,False
7,Barcelona,Barcelona Grand Prix,10,S3,ALO,Aston Martin,BOT,Cadillac,0.927,349.0,328.0,21.0,10.0,HARD,10.0,MEDIUM,True,harvest_rich,False
7,Barcelona,Barcelona Grand Prix,11,S1,LEC,Ferrari,VER,Red Bull Racing,0.716,333.0,330.0,3.0,11.0,MEDIUM,14.0,SOFT,True,harvest_rich,False
7,Barcelona,Barcelona Grand Prix,11,S1,GAS,Alpine,COL,Alpine,0.602,351.0,338.0,13.0,11.0,MEDIUM,11.0,SOFT,True,harvest_rich,False
7,Barcelona,Barcelona Grand Prix,11,S1,BOR,Audi,BEA,Haas F1 Team,0.755,349.0,332.0,17.0,11.0,MEDIUM,11.0,MEDIUM,True,harvest_rich,False
7,Barcelona,Barcelona Grand Prix,11,S1,ALO,Aston Martin,BOT,Cadillac,0.67,334.0,324.0,10.0,11.0,HARD,11.0,MEDIUM,True,harvest_rich,False
7,Barcelona,Barcelona Grand Prix,11,S2,LEC,Ferrari,VER,Red Bull Racing,0.702,333.0,330.0,3.0,11.0,MEDIUM,14.0,SOFT,True,harvest_rich,False
7,Barcelona,Barcelona Grand Prix,11,S2,GAS,Alpine,COL,Alpine,0.8,351.0,338.0,13.0,11.0,MEDIUM,11.0,SOFT,True,harvest_rich,False
7,Barcelona,Barcelona Grand Prix,11,S2,ALO,Aston Martin,BOT,Cadillac,0.558,334.0,324.0,10.0,11.0,HARD,11.0,MEDIUM,True,harvest_rich,False
7,Barcelona,Barcelona Grand Prix,11,S3,HAM,Ferrari,NOR,McLaren,0.242,324.0,332.0,-8.0,13.0,SOFT,11.0,MEDIUM,True,harvest_rich,False
7,Barcelona,Barcelona Grand Prix,11,S3,LEC,Ferrari,VER,Red Bull Racing,0.573,333.0,330.0,3.0,11.0,MEDIUM,14.0,SOFT,True,harvest_rich,False
7,Barcelona,Barcelona Grand Prix,11,S3,LAW,Racing Bulls,HAD,Red Bull Racing,0.661,330.0,334.0,-4.0,11.0,MEDIUM,11.0,MEDIUM,True,harvest_rich,False
7,Barcelona,Barcelona Grand Prix,11,S3,GAS,Alpine,COL,Alpine,0.92,351.0,338.0,13.0,11.0,MEDIUM,11.0,SOFT,True,harvest_rich,False
7,Barcelona,Barcelona Grand Prix,11,S3,BOR,Audi,BEA,Haas F1 Team,0.854,349.0,332.0,17.0,11.0,MEDIUM,11.0,MEDIUM,True,harvest_rich,False
7,Barcelona,Barcelona Grand Prix,11,S3,ALO,Aston Martin,BOT,Cadillac,0.359,334.0,324.0,10.0,11.0,HARD,11.0,MEDIUM,True,harvest_rich,True
7,Barcelona,Barcelona Grand Prix,12,S1,LEC,Ferrari,VER,Red Bull Racing,0.653,332.0,332.0,0.0,12.0,MEDIUM,15.0,SOFT,True,harvest_rich,False
7,Barcelona,Barcelona Grand Prix,12,S1,GAS,Alpine,COL,Alpine,0.6,350.0,337.0,13.0,12.0,MEDIUM,12.0,SOFT,True,harvest_rich,False
7,Barcelona,Barcelona Grand Prix,12,S1,BOR,Audi,BEA,Haas F1 Team,0.734,350.0,331.0,19.0,12.0,MEDIUM,12.0,MEDIUM,True,harvest_rich,False
7,Barcelona,Barcelona Grand Prix,12,S1,BOT,Cadillac,ALO,Aston Martin,0.517,328.0,349.0,-21.0,12.0,MEDIUM,12.0,HARD,True,harvest_rich,False
7,Barcelona,Barcelona Grand Prix,12,S2,LEC,Ferrari,VER,Red Bull Racing,0.575,332.0,332.0,0.0,12.0,MEDIUM,15.0,SOFT,True,harvest_rich,True
7,Barcelona,Barcelona Grand Prix,12,S2,GAS,Alpine,COL,Alpine,0.842,350.0,337.0,13.0,12.0,MEDIUM,12.0,SOFT,True,harvest_rich,True
7,Barcelona,Barcelona Grand Prix,12,S2,BOR,Audi,BEA,Haas F1 Team,0.933,350.0,331.0,19.0,12.0,MEDIUM,12.0,MEDIUM,True,harvest_rich,False
7,Barcelona,Barcelona Grand Prix,12,S3,VER,Red Bull Racing,PIA,McLaren,0.685,332.0,330.0,2.0,15.0,SOFT,12.0,MEDIUM,True,harvest_rich,False
7,Barcelona,Barcelona Grand Prix,12,S3,SAI,Williams,COL,Alpine,0.135,333.0,337.0,-4.0,12.0,SOFT,12.0,SOFT,True,harvest_rich,True
7,Barcelona,Barcelona Grand Prix,12,S3,PER,Cadillac,LAW,Racing Bulls,0.3,326.0,262.0,64.0,12.0,SOFT,1.0,HARD,True,harvest_rich,False
7,Barcelona,Barcelona Grand Prix,13,S1,HAD,Red Bull Racing,HUL,Audi,0.757,336.0,324.0,12.0,13.0,MEDIUM,13.0,SOFT,True,harvest_rich,False
7,Barcelona,Barcelona Grand Prix,13,S1,VER,Red Bull Racing,LIN,Racing Bulls,0.293,260.0,333.0,-73.0,1.0,MEDIUM,13.0,MEDIUM,True,harvest_rich,True
7,Barcelona,Barcelona Grand Prix,13,S1,BOR,Audi,BEA,Haas F1 Team,0.928,338.0,331.0,7.0,13.0,MEDIUM,13.0,MEDIUM,True,harvest_rich,False
7,Barcelona,Barcelona Grand Prix,13,S1,COL,Alpine,ALO,Aston Martin,0.866,262.0,317.0,-55.0,1.0,HARD,13.0,HARD,True,harvest_rich,True
7,Barcelona,Barcelona Grand Prix,13,S2,HAD,Red Bull Racing,HUL,Audi,0.753,336.0,324.0,12.0,13.0,MEDIUM,13.0,SOFT,True,harvest_rich,True
7,Barcelona,Barcelona Grand Prix,13,S2,BEA,Haas F1 Team,OCO,Haas F1 Team,0.906,331.0,327.0,4.0,13.0,MEDIUM,13.0,SOFT,True,harvest_rich,True
7,Barcelona,Barcelona Grand Prix,13,S2,BOR,Audi,BEA,Haas F1 Team,0.963,338.0,331.0,7.0,13.0,MEDIUM,13.0,MEDIUM,True,harvest_rich,False
7,Barcelona,Barcelona Grand Prix,13,S2,ALO,Aston Martin,COL,Alpine,0.629,317.0,262.0,55.0,13.0,HARD,1.0,HARD,True,harvest_rich,False
7,Barcelona,Barcelona Grand Prix,13,S3,LEC,Ferrari,NOR,McLaren,0.99,322.0,330.0,-8.0,13.0,MEDIUM,13.0,MEDIUM,True,harvest_rich,True
7,Barcelona,Barcelona Grand Prix,13,S3,LAW,Racing Bulls,ALB,Williams,0.663,329.0,334.0,-5.0,2.0,HARD,13.0,MEDIUM,True,harvest_rich,True
7,Barcelona,Barcelona Grand Prix,14,S1,VER,Red Bull Racing,HAD,Red Bull Racing,0.887,331.0,326.0,5.0,2.0,MEDIUM,14.0,MEDIUM,True,harvest_rich,True
7,Barcelona,Barcelona Grand Prix,14,S2,HAD,Red Bull Racing,VER,Red Bull Racing,0.716,326.0,331.0,-5.0,14.0,MEDIUM,2.0,MEDIUM,True,harvest_rich,False
7,Barcelona,Barcelona Grand Prix,14,S3,HAM,Ferrari,PIA,McLaren,0.129,319.0,330.0,-11.0,3.0,HARD,14.0,MEDIUM,True,harvest_rich,True
7,Barcelona,Barcelona Grand Prix,14,S3,BEA,Haas F1 Team,SAI,Williams,0.642,326.0,331.0,-5.0,14.0,MEDIUM,14.0,SOFT,True,harvest_rich,True
7,Barcelona,Barcelona Grand Prix,15,S1,NOR,McLaren,ANT,Mercedes,0.754,329.0,250.0,79.0,2.0,HARD,1.0,HARD,True,harvest_rich,False
7,Barcelona,Barcelona Grand Prix,15,S1,PIA,McLaren,LIN,Racing Bulls,0.72,245.0,332.0,-87.0,1.0,HARD,15.0,MEDIUM,True,harvest_rich,True
7,Barcelona,Barcelona Grand Prix,15,S2,LIN,Racing Bulls,PIA,McLaren,0.937,332.0,245.0,87.0,15.0,MEDIUM,1.0,HARD,True,harvest_rich,False
7,Barcelona,Barcelona Grand Prix,15,S3,SAI,Williams,ALO,Aston Martin,0.437,237.0,315.0,-78.0,1.0,HARD,15.0,HARD,True,harvest_rich,True
7,Barcelona,Barcelona Grand Prix,16,S1,HUL,Audi,HAD,Red Bull Racing,0.903,327.0,259.0,68.0,3.0,HARD,1.0,HARD,True,harvest_rich,False
7,Barcelona,Barcelona Grand Prix,16,S1,ALO,Aston Martin,SAI,Williams,0.736,318.0,337.0,-19.0,16.0,HARD,2.0,HARD,True,harvest_rich,False
7,Barcelona,Barcelona Grand Prix,16,S1,OCO,Haas F1 Team,ALO,Aston Martin,0.914,328.0,318.0,10.0,3.0,HARD,16.0,HARD,True,harvest_rich,False
7,Barcelona,Barcelona Grand Prix,16,S1,BOR,Audi,ALB,Williams,0.997,237.0,332.0,-95.0,1.0,HARD,3.0,HARD,True,harvest_rich,False
7,Barcelona,Barcelona Grand Prix,16,S1,PER,Cadillac,BOR,Audi,0.396,327.0,237.0,90.0,4.0,HARD,1.0,HARD,True,harvest_rich,False
7,Barcelona,Barcelona Grand Prix,16,S2,HAD,Red Bull Racing,LAW,Racing Bulls,0.691,259.0,331.0,-72.0,1.0,HARD,5.0,HARD,True,harvest_rich,False
7,Barcelona,Barcelona Grand Prix,16,S2,OCO,Haas F1 Team,ALO,Aston Martin,0.07,328.0,318.0,10.0,3.0,HARD,16.0,HARD,True,harvest_rich,True
7,Barcelona,Barcelona Grand Prix,16,S2,BOR,Audi,ALB,Williams,0.739,237.0,332.0,-95.0,1.0,HARD,3.0,HARD,True,harvest_rich,False
7,Barcelona,Barcelona Grand Prix,16,S3,HAM,Ferrari,LEC,Ferrari,0.208,325.0,317.0,8.0,5.0,HARD,16.0,MEDIUM,True,harvest_rich,True
7,Barcelona,Barcelona Grand Prix,16,S3,HAD,Red Bull Racing,LAW,Racing Bulls,0.303,259.0,331.0,-72.0,1.0,HARD,5.0,HARD,True,harvest_rich,True
7,Barcelona,Barcelona Grand Prix,16,S3,ALO,Aston Martin,OCO,Haas F1 Team,0.966,318.0,328.0,-10.0,16.0,HARD,3.0,HARD,True,harvest_rich,False
7,Barcelona,Barcelona Grand Prix,16,S3,BOR,Audi,ALB,Williams,0.385,237.0,332.0,-95.0,1.0,HARD,3.0,HARD,True,harvest_rich,True
7,Barcelona,Barcelona Grand Prix,17,S1,LAW,Racing Bulls,HAD,Red Bull Racing,0.877,332.0,338.0,-6.0,6.0,HARD,2.0,HARD,True,harvest_rich,False
7,Barcelona,Barcelona Grand Prix,17,S1,ALB,Williams,BOR,Audi,0.722,332.0,345.0,-13.0,4.0,HARD,2.0,HARD,True,harvest_rich,False
7,Barcelona,Barcelona Grand Prix,17,S2,HAD,Red Bull Racing,BEA,Haas F1 Team,0.612,338.0,324.0,14.0,2.0,HARD,17.0,MEDIUM,True,harvest_rich,True
7,Barcelona,Barcelona Grand Prix,17,S3,BEA,Haas F1 Team,HAD,Red Bull Racing,0.856,324.0,338.0,-14.0,17.0,MEDIUM,2.0,HARD,True,harvest_rich,False
7,Barcelona,Barcelona Grand Prix,18,S1,LAW,Racing Bulls,BEA,Haas F1 Team,0.709,335.0,345.0,-10.0,7.0,HARD,18.0,MEDIUM,True,harvest_rich,False
7,Barcelona,Barcelona Grand Prix,18,S1,BOR,Audi,ALO,Aston Martin,0.465,336.0,318.0,18.0,3.0,HARD,18.0,HARD,True,harvest_rich,True
7,Barcelona,Barcelona Grand Prix,18,S2,LAW,Racing Bulls,BEA,Haas F1 Team,0.268,335.0,345.0,-10.0,7.0,HARD,18.0,MEDIUM,True,harvest_rich,True
7,Barcelona,Barcelona Grand Prix,18,S3,HUL,Audi,LAW,Racing Bulls,0.846,332.0,335.0,-3.0,5.0,HARD,7.0,HARD,True,harvest_rich,False
7,Barcelona,Barcelona Grand Prix,18,S3,ALB,Williams,ALO,Aston Martin,0.498,336.0,318.0,18.0,5.0,HARD,18.0,HARD,True,harvest_rich,True
7,Barcelona,Barcelona Grand Prix,19,S1,HUL,Audi,LAW,Racing Bulls,0.56,337.0,330.0,7.0,6.0,HARD,8.0,HARD,True,harvest_rich,False
7,Barcelona,Barcelona Grand Prix,19,S1,ALO,Aston Martin,ALB,Williams,0.491,319.0,348.0,-29.0,19.0,HARD,6.0,HARD,True,harvest_rich,False
7,Barcelona,Barcelona Grand Prix,19,S2,HUL,Audi,LAW,Racing Bulls,0.728,337.0,330.0,7.0,6.0,HARD,8.0,HARD,True,harvest_rich,False
7,Barcelona,Barcelona Grand Prix,19,S2,GAS,Alpine,COL,Alpine,0.226,339.0,338.0,1.0,5.0,HARD,7.0,HARD,True,harvest_rich,True
7,Barcelona,Barcelona Grand Prix,19,S2,PER,Cadillac,ALO,Aston Martin,0.619,327.0,319.0,8.0,7.0,HARD,19.0,HARD,True,harvest_rich,False
7,Barcelona,Barcelona Grand Prix,19,S3,HUL,Audi,LAW,Racing Bulls,0.775,337.0,330.0,7.0,6.0,HARD,8.0,HARD,True,harvest_rich,False
7,Barcelona,Barcelona Grand Prix,19,S3,COL,Alpine,GAS,Alpine,0.951,338.0,339.0,-1.0,7.0,HARD,5.0,HARD,True,harvest_rich,False
7,Barcelona,Barcelona Grand Prix,19,S3,PER,Cadillac,ALO,Aston Martin,0.506,327.0,319.0,8.0,7.0,HARD,19.0,HARD,True,harvest_rich,True
7,Barcelona,Barcelona Grand Prix,19,S3,BEA,Haas F1 Team,PER,Cadillac,0.083,263.0,327.0,-64.0,1.0,HARD,7.0,HARD,True,harvest_rich,False
7,Barcelona,Barcelona Grand Prix,20,S1,HUL,Audi,LAW,Racing Bulls,0.661,334.0,326.0,8.0,7.0,HARD,9.0,HARD,True,harvest_rich,False
7,Barcelona,Barcelona Grand Prix,20,S1,BEA,Haas F1 Team,PER,Cadillac,0.279,342.0,341.0,1.0,2.0,HARD,8.0,HARD,True,harvest_rich,False
7,Barcelona,Barcelona Grand Prix,20,S1,ALO,Aston Martin,BEA,Haas F1 Team,0.289,326.0,342.0,-16.0,20.0,HARD,2.0,HARD,True,harvest_rich,False
7,Barcelona,Barcelona Grand Prix,20,S2,HAD,Red Bull Racing,LIN,Racing Bulls,0.804,332.0,329.0,3.0,5.0,HARD,20.0,MEDIUM,True,harvest_rich,False
7,Barcelona,Barcelona Grand Prix,20,S2,HUL,Audi,LAW,Racing Bulls,0.911,334.0,326.0,8.0,7.0,HARD,9.0,HARD,True,harvest_rich,False
7,Barcelona,Barcelona Grand Prix,20,S2,BEA,Haas F1 Team,PER,Cadillac,0.078,342.0,341.0,1.0,2.0,HARD,8.0,HARD,True,harvest_rich,True
7,Barcelona,Barcelona Grand Prix,20,S3,HAD,Red Bull Racing,LIN,Racing Bulls,0.188,332.0,329.0,3.0,5.0,HARD,20.0,MEDIUM,True,harvest_rich,True
7,Barcelona,Barcelona Grand Prix,20,S3,HUL,Audi,LAW,Racing Bulls,0.943,334.0,326.0,8.0,7.0,HARD,9.0,HARD,True,harvest_rich,False
7,Barcelona,Barcelona Grand Prix,21,S1,HUL,Audi,LAW,Racing Bulls,0.57,339.0,328.0,11.0,8.0,HARD,10.0,HARD,True,harvest_rich,False
7,Barcelona,Barcelona Grand Prix,21,S2,HUL,Audi,LAW,Racing Bulls,0.997,339.0,328.0,11.0,8.0,HARD,10.0,HARD,True,harvest_rich,False
7,Barcelona,Barcelona Grand Prix,21,S3,HUL,Audi,LAW,Racing Bulls,0.937,339.0,328.0,11.0,8.0,HARD,10.0,HARD,True,harvest_rich,False
7,Barcelona,Barcelona Grand Prix,22,S1,HUL,Audi,LAW,Racing Bulls,0.573,340.0,330.0,10.0,9.0,HARD,11.0,HARD,True,harvest_rich,False
7,Barcelona,Barcelona Grand Prix,22,S2,HUL,Audi,LAW,Racing Bulls,0.85,340.0,330.0,10.0,9.0,HARD,11.0,HARD,True,harvest_rich,False
7,Barcelona,Barcelona Grand Prix,22,S2,BEA,Haas F1 Team,ALB,Williams,0.56,328.0,332.0,-4.0,4.0,HARD,9.0,HARD,True,harvest_rich,False
7,Barcelona,Barcelona Grand Prix,22,S3,HUL,Audi,LAW,Racing Bulls,0.637,340.0,330.0,10.0,9.0,HARD,11.0,HARD,True,harvest_rich,False
7,Barcelona,Barcelona Grand Prix,22,S3,LIN,Racing Bulls,HUL,Audi,0.206,331.0,340.0,-9.0,22.0,MEDIUM,9.0,HARD,True,harvest_rich,False
7,Barcelona,Barcelona Grand Prix,22,S3,BOR,Audi,OCO,Haas F1 Team,0.83,329.0,324.0,5.0,7.0,HARD,9.0,HARD,True,harvest_rich,False
7,Barcelona,Barcelona Grand Prix,22,S3,BEA,Haas F1 Team,ALB,Williams,0.437,328.0,332.0,-4.0,4.0,HARD,9.0,HARD,True,harvest_rich,True
7,Barcelona,Barcelona Grand Prix,23,S1,HUL,Audi,LAW,Racing Bulls,0.429,349.0,330.0,19.0,10.0,HARD,12.0,HARD,True,harvest_rich,False
7,Barcelona,Barcelona Grand Prix,23,S1,BOR,Audi,OCO,Haas F1 Team,0.476,346.0,325.0,21.0,8.0,HARD,10.0,HARD,True,harvest_rich,False
7,Barcelona,Barcelona Grand Prix,23,S1,ALB,Williams,BEA,Haas F1 Team,0.815,331.0,350.0,-19.0,10.0,HARD,5.0,HARD,True,harvest_rich,False
7,Barcelona,Barcelona Grand Prix,23,S2,HUL,Audi,LAW,Racing Bulls,0.653,349.0,330.0,19.0,10.0,HARD,12.0,HARD,True,harvest_rich,False
7,Barcelona,Barcelona Grand Prix,23,S2,GAS,Alpine,HUL,Audi,0.825,338.0,349.0,-11.0,9.0,HARD,10.0,HARD,True,harvest_rich,False
7,Barcelona,Barcelona Grand Prix,23,S2,BOR,Audi,OCO,Haas F1 Team,0.514,346.0,325.0,21.0,8.0,HARD,10.0,HARD,True,harvest_rich,False
7,Barcelona,Barcelona Grand Prix,23,S3,HUL,Audi,LAW,Racing Bulls,0.526,349.0,330.0,19.0,10.0,HARD,12.0,HARD,True,harvest_rich,False
7,Barcelona,Barcelona Grand Prix,23,S3,GAS,Alpine,HUL,Audi,0.985,338.0,349.0,-11.0,9.0,HARD,10.0,HARD,True,harvest_rich,False
7,Barcelona,Barcelona Grand Prix,23,S3,BOR,Audi,OCO,Haas F1 Team,0.43,346.0,325.0,21.0,8.0,HARD,10.0,HARD,True,harvest_rich,True
7,Barcelona,Barcelona Grand Prix,24,S1,HUL,Audi,LAW,Racing Bulls,0.467,349.0,325.0,24.0,11.0,HARD,13.0,HARD,True,harvest_rich,False
7,Barcelona,Barcelona Grand Prix,24,S1,GAS,Alpine,HUL,Audi,0.412,348.0,349.0,-1.0,10.0,HARD,11.0,HARD,True,harvest_rich,False
7,Barcelona,Barcelona Grand Prix,24,S1,OCO,Haas F1 Team,BOR,Audi,0.705,330.0,350.0,-20.0,11.0,HARD,9.0,HARD,True,harvest_rich,False
7,Barcelona,Barcelona Grand Prix,24,S2,HUL,Audi,LAW,Racing Bulls,0.755,349.0,325.0,24.0,11.0,HARD,13.0,HARD,True,harvest_rich,False
7,Barcelona,Barcelona Grand Prix,24,S2,GAS,Alpine,HUL,Audi,0.608,348.0,349.0,-1.0,10.0,HARD,11.0,HARD,True,harvest_rich,False
7,Barcelona,Barcelona Grand Prix,24,S3,HUL,Audi,LAW,Racing Bulls,0.756,349.0,325.0,24.0,11.0,HARD,13.0,HARD,True,harvest_rich,False
7,Barcelona,Barcelona Grand Prix,24,S3,GAS,Alpine,HUL,Audi,0.852,348.0,349.0,-1.0,10.0,HARD,11.0,HARD,True,harvest_rich,False
7,Barcelona,Barcelona Grand Prix,24,S3,LIN,Racing Bulls,OCO,Haas F1 Team,0.719,333.0,330.0,3.0,2.0,HARD,11.0,HARD,True,harvest_rich,False
7,Barcelona,Barcelona Grand Prix,25,S1,HUL,Audi,LAW,Racing Bulls,0.55,340.0,329.0,11.0,12.0,HARD,14.0,HARD,True,harvest_rich,False
7,Barcelona,Barcelona Grand Prix,25,S1,GAS,Alpine,HUL,Audi,0.806,349.0,340.0,9.0,11.0,HARD,12.0,HARD,True,harvest_rich,False
7,Barcelona,Barcelona Grand Prix,25,S1,LIN,Racing Bulls,OCO,Haas F1 Team,0.295,339.0,332.0,7.0,3.0,HARD,12.0,HARD,True,harvest_rich,False
7,Barcelona,Barcelona Grand Prix,25,S2,HUL,Audi,LAW,Racing Bulls,0.906,340.0,329.0,11.0,12.0,HARD,14.0,HARD,True,harvest_rich,False
7,Barcelona,Barcelona Grand Prix,25,S2,GAS,Alpine,HUL,Audi,0.655,349.0,340.0,9.0,11.0,HARD,12.0,HARD,True,harvest_rich,False
7,Barcelona,Barcelona Grand Prix,25,S2,LIN,Racing Bulls,OCO,Haas F1 Team,0.366,339.0,332.0,7.0,3.0,HARD,12.0,HARD,True,harvest_rich,False
7,Barcelona,Barcelona Grand Prix,25,S3,HUL,Audi,LAW,Racing Bulls,0.868,340.0,329.0,11.0,12.0,HARD,14.0,HARD,True,harvest_rich,False
7,Barcelona,Barcelona Grand Prix,25,S3,GAS,Alpine,HUL,Audi,0.851,349.0,340.0,9.0,11.0,HARD,12.0,HARD,True,harvest_rich,False
7,Barcelona,Barcelona Grand Prix,25,S3,LIN,Racing Bulls,OCO,Haas F1 Team,0.262,339.0,332.0,7.0,3.0,HARD,12.0,HARD,True,harvest_rich,True
7,Barcelona,Barcelona Grand Prix,26,S1,HUL,Audi,LAW,Racing Bulls,0.584,339.0,324.0,15.0,13.0,HARD,15.0,HARD,True,harvest_rich,False
7,Barcelona,Barcelona Grand Prix,26,S1,GAS,Alpine,HUL,Audi,0.735,348.0,339.0,9.0,12.0,HARD,13.0,HARD,True,harvest_rich,False
7,Barcelona,Barcelona Grand Prix,26,S1,OCO,Haas F1 Team,LIN,Racing Bulls,0.904,322.0,330.0,-8.0,13.0,HARD,4.0,HARD,True,harvest_rich,False
7,Barcelona,Barcelona Grand Prix,26,S2,HUL,Audi,LAW,Racing Bulls,0.778,339.0,324.0,15.0,13.0,HARD,15.0,HARD,True,harvest_rich,False
7,Barcelona,Barcelona Grand Prix,26,S2,GAS,Alpine,HUL,Audi,0.805,348.0,339.0,9.0,12.0,HARD,13.0,HARD,True,harvest_rich,False
7,Barcelona,Barcelona Grand Prix,26,S3,HUL,Audi,LAW,Racing Bulls,0.599,339.0,324.0,15.0,13.0,HARD,15.0,HARD,True,harvest_rich,False
7,Barcelona,Barcelona Grand Prix,26,S3,GAS,Alpine,HUL,Audi,0.831,348.0,339.0,9.0,12.0,HARD,13.0,HARD,True,harvest_rich,False
7,Barcelona,Barcelona Grand Prix,27,S1,HUL,Audi,LAW,Racing Bulls,0.487,348.0,328.0,20.0,14.0,HARD,16.0,HARD,True,harvest_rich,False
7,Barcelona,Barcelona Grand Prix,27,S1,GAS,Alpine,HUL,Audi,0.769,349.0,348.0,1.0,13.0,HARD,14.0,HARD,True,harvest_rich,False
7,Barcelona,Barcelona Grand Prix,27,S2,HUL,Audi,LAW,Racing Bulls,0.706,348.0,328.0,20.0,14.0,HARD,16.0,HARD,True,harvest_rich,False
7,Barcelona,Barcelona Grand Prix,27,S2,GAS,Alpine,HUL,Audi,0.968,349.0,348.0,1.0,13.0,HARD,14.0,HARD,True,harvest_rich,False
7,Barcelona,Barcelona Grand Prix,27,S3,HAM,Ferrari,NOR,McLaren,0.858,330.0,332.0,-2.0,16.0,HARD,14.0,HARD,True,harvest_rich,False
7,Barcelona,Barcelona Grand Prix,27,S3,HUL,Audi,LAW,Racing Bulls,0.69,348.0,328.0,20.0,14.0,HARD,16.0,HARD,True,harvest_rich,False
7,Barcelona,Barcelona Grand Prix,28,S1,HUL,Audi,LAW,Racing Bulls,0.465,345.0,329.0,16.0,15.0,HARD,17.0,HARD,True,harvest_rich,False
7,Barcelona,Barcelona Grand Prix,28,S1,BOR,Audi,SAI,Williams,0.674,335.0,328.0,7.0,13.0,HARD,14.0,HARD,True,harvest_rich,False
7,Barcelona,Barcelona Grand Prix,28,S1,LIN,Racing Bulls,BOR,Audi,0.798,337.0,335.0,2.0,6.0,HARD,13.0,HARD,True,harvest_rich,False
7,Barcelona,Barcelona Grand Prix,28,S2,HUL,Audi,LAW,Racing Bulls,0.856,345.0,329.0,16.0,15.0,HARD,17.0,HARD,True,harvest_rich,False
7,Barcelona,Barcelona Grand Prix,28,S2,GAS,Alpine,HUL,Audi,0.971,335.0,345.0,-10.0,14.0,HARD,15.0,HARD,True,harvest_rich,False
7,Barcelona,Barcelona Grand Prix,28,S2,BOR,Audi,SAI,Williams,0.416,335.0,328.0,7.0,13.0,HARD,14.0,HARD,True,harvest_rich,False
7,Barcelona,Barcelona Grand Prix,28,S2,LIN,Racing Bulls,BOR,Audi,0.367,337.0,335.0,2.0,6.0,HARD,13.0,HARD,True,harvest_rich,False
7,Barcelona,Barcelona Grand Prix,28,S3,HAM,Ferrari,PIA,McLaren,0.316,262.0,332.0,-70.0,1.0,MEDIUM,14.0,HARD,True,harvest_rich,True
7,Barcelona,Barcelona Grand Prix,28,S3,HUL,Audi,LAW,Racing Bulls,0.907,345.0,329.0,16.0,15.0,HARD,17.0,HARD,True,harvest_rich,False
7,Barcelona,Barcelona Grand Prix,28,S3,BOR,Audi,SAI,Williams,0.571,335.0,328.0,7.0,13.0,HARD,14.0,HARD,True,harvest_rich,False
7,Barcelona,Barcelona Grand Prix,28,S3,LIN,Racing Bulls,BOR,Audi,0.35,337.0,335.0,2.0,6.0,HARD,13.0,HARD,True,harvest_rich,False
7,Barcelona,Barcelona Grand Prix,29,S1,PIA,McLaren,HAM,Ferrari,0.184,343.0,330.0,13.0,15.0,HARD,2.0,MEDIUM,True,harvest_rich,False
7,Barcelona,Barcelona Grand Prix,29,S1,HUL,Audi,LAW,Racing Bulls,0.506,343.0,329.0,14.0,16.0,HARD,18.0,HARD,True,harvest_rich,False
7,Barcelona,Barcelona Grand Prix,29,S1,BOR,Audi,SAI,Williams,0.506,351.0,330.0,21.0,14.0,HARD,15.0,HARD,True,harvest_rich,False
7,Barcelona,Barcelona Grand Prix,29,S1,LIN,Racing Bulls,BOR,Audi,0.112,348.0,351.0,-3.0,7.0,HARD,14.0,HARD,True,harvest_rich,False
7,Barcelona,Barcelona Grand Prix,29,S2,HUL,Audi,LAW,Racing Bulls,0.855,343.0,329.0,14.0,16.0,HARD,18.0,HARD,True,harvest_rich,False
7,Barcelona,Barcelona Grand Prix,29,S2,BOR,Audi,SAI,Williams,0.539,351.0,330.0,21.0,14.0,HARD,15.0,HARD,True,harvest_rich,False
7,Barcelona,Barcelona Grand Prix,29,S2,LIN,Racing Bulls,BOR,Audi,0.497,348.0,351.0,-3.0,7.0,HARD,14.0,HARD,True,harvest_rich,False
7,Barcelona,Barcelona Grand Prix,29,S3,BOR,Audi,SAI,Williams,0.971,351.0,330.0,21.0,14.0,HARD,15.0,HARD,True,harvest_rich,False
7,Barcelona,Barcelona Grand Prix,29,S3,BEA,Haas F1 Team,OCO,Haas F1 Team,0.728,327.0,332.0,-5.0,11.0,HARD,16.0,HARD,True,harvest_rich,True
7,Barcelona,Barcelona Grand Prix,30,S1,BOR,Audi,SAI,Williams,0.695,347.0,329.0,18.0,15.0,HARD,16.0,HARD,True,harvest_rich,False
7,Barcelona,Barcelona Grand Prix,30,S1,OCO,Haas F1 Team,BEA,Haas F1 Team,0.64,285.0,343.0,-58.0,17.0,HARD,12.0,HARD,True,harvest_rich,False
7,Barcelona,Barcelona Grand Prix,30,S2,LIN,Racing Bulls,BOR,Audi,0.386,345.0,347.0,-2.0,8.0,HARD,15.0,HARD,True,harvest_rich,False
7,Barcelona,Barcelona Grand Prix,30,S3,LIN,Racing Bulls,BOR,Audi,0.427,345.0,347.0,-2.0,8.0,HARD,15.0,HARD,True,harvest_rich,True
7,Barcelona,Barcelona Grand Prix,30,S3,SAI,Williams,LIN,Racing Bulls,0.281,329.0,345.0,-16.0,16.0,HARD,8.0,HARD,True,harvest_rich,False
7,Barcelona,Barcelona Grand Prix,31,S1,ANT,Mercedes,RUS,Mercedes,0.885,342.0,337.0,5.0,17.0,HARD,19.0,HARD,True,harvest_rich,False
7,Barcelona,Barcelona Grand Prix,31,S1,COL,Alpine,GAS,Alpine,0.956,337.0,334.0,3.0,19.0,HARD,17.0,HARD,True,harvest_rich,False
7,Barcelona,Barcelona Grand Prix,31,S1,BOR,Audi,LIN,Racing Bulls,0.693,335.0,348.0,-13.0,16.0,HARD,9.0,HARD,True,harvest_rich,False
7,Barcelona,Barcelona Grand Prix,31,S2,ANT,Mercedes,RUS,Mercedes,0.757,342.0,337.0,5.0,17.0,HARD,19.0,HARD,True,harvest_rich,False
7,Barcelona,Barcelona Grand Prix,31,S3,ANT,Mercedes,RUS,Mercedes,0.624,342.0,337.0,5.0,17.0,HARD,19.0,HARD,True,harvest_rich,False
7,Barcelona,Barcelona Grand Prix,31,S3,HAM,Ferrari,LEC,Ferrari,0.517,325.0,324.0,1.0,4.0,MEDIUM,15.0,HARD,True,harvest_rich,True
7,Barcelona,Barcelona Grand Prix,31,S3,COL,Alpine,GAS,Alpine,0.983,337.0,334.0,3.0,19.0,HARD,17.0,HARD,True,harvest_rich,False
7,Barcelona,Barcelona Grand Prix,32,S1,ANT,Mercedes,RUS,Mercedes,0.55,346.0,339.0,7.0,18.0,HARD,20.0,HARD,True,harvest_rich,False
7,Barcelona,Barcelona Grand Prix,32,S1,LEC,Ferrari,HAM,Ferrari,0.799,304.0,338.0,-34.0,16.0,HARD,5.0,MEDIUM,True,harvest_rich,False
7,Barcelona,Barcelona Grand Prix,32,S1,GAS,Alpine,LAW,Racing Bulls,0.877,335.0,329.0,6.0,18.0,HARD,21.0,HARD,True,harvest_rich,False
7,Barcelona,Barcelona Grand Prix,32,S1,COL,Alpine,GAS,Alpine,0.963,338.0,335.0,3.0,20.0,HARD,18.0,HARD,True,harvest_rich,False
7,Barcelona,Barcelona Grand Prix,32,S2,ANT,Mercedes,RUS,Mercedes,0.656,346.0,339.0,7.0,18.0,HARD,20.0,HARD,True,harvest_rich,False
7,Barcelona,Barcelona Grand Prix,32,S2,GAS,Alpine,LAW,Racing Bulls,0.898,335.0,329.0,6.0,18.0,HARD,21.0,HARD,True,harvest_rich,False
7,Barcelona,Barcelona Grand Prix,32,S2,COL,Alpine,GAS,Alpine,0.931,338.0,335.0,3.0,20.0,HARD,18.0,HARD,True,harvest_rich,False
7,Barcelona,Barcelona Grand Prix,32,S3,ANT,Mercedes,RUS,Mercedes,0.428,346.0,339.0,7.0,18.0,HARD,20.0,HARD,True,harvest_rich,False
7,Barcelona,Barcelona Grand Prix,32,S3,GAS,Alpine,LAW,Racing Bulls,0.93,335.0,329.0,6.0,18.0,HARD,21.0,HARD,True,harvest_rich,False
7,Barcelona,Barcelona Grand Prix,32,S3,COL,Alpine,GAS,Alpine,0.849,338.0,335.0,3.0,20.0,HARD,18.0,HARD,True,harvest_rich,False
7,Barcelona,Barcelona Grand Prix,33,S1,ANT,Mercedes,RUS,Mercedes,0.41,350.0,331.0,19.0,19.0,HARD,21.0,HARD,True,harvest_rich,False
7,Barcelona,Barcelona Grand Prix,33,S1,GAS,Alpine,LAW,Racing Bulls,0.489,347.0,329.0,18.0,19.0,HARD,22.0,HARD,True,harvest_rich,False
7,Barcelona,Barcelona Grand Prix,33,S1,COL,Alpine,GAS,Alpine,0.844,348.0,347.0,1.0,21.0,HARD,19.0,HARD,True,harvest_rich,False
7,Barcelona,Barcelona Grand Prix,33,S2,ANT,Mercedes,RUS,Mercedes,0.794,350.0,331.0,19.0,19.0,HARD,21.0,HARD,True,harvest_rich,False
7,Barcelona,Barcelona Grand Prix,33,S2,GAS,Alpine,LAW,Racing Bulls,0.87,347.0,329.0,18.0,19.0,HARD,22.0,HARD,True,harvest_rich,False
7,Barcelona,Barcelona Grand Prix,33,S3,ANT,Mercedes,RUS,Mercedes,0.748,350.0,331.0,19.0,19.0,HARD,21.0,HARD,True,harvest_rich,False
7,Barcelona,Barcelona Grand Prix,34,S1,ANT,Mercedes,RUS,Mercedes,0.719,349.0,331.0,18.0,20.0,HARD,22.0,HARD,True,harvest_rich,False
7,Barcelona,Barcelona Grand Prix,34,S1,GAS,Alpine,LAW,Racing Bulls,0.75,348.0,332.0,16.0,20.0,HARD,23.0,HARD,True,harvest_rich,False
7,Barcelona,Barcelona Grand Prix,34,S2,ANT,Mercedes,RUS,Mercedes,0.921,349.0,331.0,18.0,20.0,HARD,22.0,HARD,True,harvest_rich,False
7,Barcelona,Barcelona Grand Prix,34,S2,GAS,Alpine,LAW,Racing Bulls,0.802,348.0,332.0,16.0,20.0,HARD,23.0,HARD,True,harvest_rich,False
7,Barcelona,Barcelona Grand Prix,34,S3,ANT,Mercedes,RUS,Mercedes,0.816,349.0,331.0,18.0,20.0,HARD,22.0,HARD,True,harvest_rich,False
7,Barcelona,Barcelona Grand Prix,34,S3,GAS,Alpine,LAW,Racing Bulls,0.826,348.0,332.0,16.0,20.0,HARD,23.0,HARD,True,harvest_rich,False
7,Barcelona,Barcelona Grand Prix,35,S1,ANT,Mercedes,RUS,Mercedes,0.663,349.0,332.0,17.0,21.0,HARD,23.0,HARD,True,harvest_rich,False
7,Barcelona,Barcelona Grand Prix,35,S1,GAS,Alpine,LAW,Racing Bulls,0.527,348.0,330.0,18.0,21.0,HARD,24.0,HARD,True,harvest_rich,False
7,Barcelona,Barcelona Grand Prix,35,S1,COL,Alpine,BEA,Haas F1 Team,0.205,249.0,294.0,-45.0,1.0,HARD,17.0,HARD,True,harvest_rich,True
7,Barcelona,Barcelona Grand Prix,35,S2,ANT,Mercedes,RUS,Mercedes,0.713,349.0,332.0,17.0,21.0,HARD,23.0,HARD,True,harvest_rich,False
7,Barcelona,Barcelona Grand Prix,35,S2,GAS,Alpine,LAW,Racing Bulls,0.609,348.0,330.0,18.0,21.0,HARD,24.0,HARD,True,harvest_rich,True
7,Barcelona,Barcelona Grand Prix,35,S3,ANT,Mercedes,RUS,Mercedes,0.556,349.0,332.0,17.0,21.0,HARD,23.0,HARD,True,harvest_rich,False
7,Barcelona,Barcelona Grand Prix,36,S1,ANT,Mercedes,RUS,Mercedes,0.488,350.0,332.0,18.0,22.0,HARD,24.0,HARD,True,harvest_rich,False
7,Barcelona,Barcelona Grand Prix,36,S2,ANT,Mercedes,RUS,Mercedes,0.698,350.0,332.0,18.0,22.0,HARD,24.0,HARD,True,harvest_rich,True
7,Barcelona,Barcelona Grand Prix,36,S3,VER,Red Bull Racing,PIA,McLaren,0.909,334.0,331.0,3.0,7.0,HARD,22.0,HARD,True,harvest_rich,True
7,Barcelona,Barcelona Grand Prix,36,S3,PER,Cadillac,ALO,Aston Martin,0.87,325.0,326.0,-1.0,5.0,HARD,15.0,HARD,True,harvest_rich,False
7,Barcelona,Barcelona Grand Prix,37,S1,PER,Cadillac,ALO,Aston Martin,0.421,333.0,318.0,15.0,6.0,HARD,16.0,HARD,True,harvest_rich,False
7,Barcelona,Barcelona Grand Prix,37,S2,PER,Cadillac,ALO,Aston Martin,0.453,333.0,318.0,15.0,6.0,HARD,16.0,HARD,True,harvest_rich,False
7,Barcelona,Barcelona Grand Prix,37,S3,HAM,Ferrari,ANT,Mercedes,0.139,324.0,339.0,-15.0,10.0,MEDIUM,23.0,HARD,True,harvest_rich,True
7,Barcelona,Barcelona Grand Prix,37,S3,COL,Alpine,LIN,Racing Bulls,0.068,338.0,330.0,8.0,3.0,HARD,15.0,HARD,True,harvest_rich,True
7,Barcelona,Barcelona Grand Prix,37,S3,PER,Cadillac,ALO,Aston Martin,0.439,333.0,318.0,15.0,6.0,HARD,16.0,HARD,True,harvest_rich,False
7,Barcelona,Barcelona Grand Prix,38,S1,NOR,McLaren,ANT,Mercedes,0.446,337.0,244.0,93.0,3.0,HARD,1.0,HARD,True,harvest_rich,False
7,Barcelona,Barcelona Grand Prix,38,S1,BOR,Audi,LIN,Racing Bulls,0.758,325.0,263.0,62.0,5.0,HARD,1.0,HARD,True,harvest_rich,False
7,Barcelona,Barcelona Grand Prix,38,S2,NOR,McLaren,ANT,Mercedes,0.861,337.0,244.0,93.0,3.0,HARD,1.0,HARD,True,harvest_rich,False
7,Barcelona,Barcelona Grand Prix,39,S1,NOR,McLaren,ANT,Mercedes,0.775,337.0,335.0,2.0,4.0,HARD,2.0,HARD,True,harvest_rich,False
7,Barcelona,Barcelona Grand Prix,39,S2,RUS,Mercedes,LEC,Ferrari,0.385,333.0,323.0,10.0,3.0,HARD,23.0,HARD,True,harvest_rich,True
7,Barcelona,Barcelona Grand Prix,41,S1,LEC,Ferrari,VER,Red Bull Racing,0.866,267.0,260.0,7.0,2.0,HARD,1.0,MEDIUM,True,harvest_rich,False
7,Barcelona,Barcelona Grand Prix,41,S1,COL,Alpine,GAS,Alpine,1.0,239.0,248.0,-9.0,7.0,HARD,1.0,HARD,True,harvest_rich,False
7,Barcelona,Barcelona Grand Prix,41,S2,ANT,Mercedes,RUS,Mercedes,0.573,287.0,283.0,4.0,4.0,HARD,5.0,HARD,True,harvest_rich,False
7,Barcelona,Barcelona Grand Prix,44,S2,LIN,Racing Bulls,SAI,Williams,0.594,336.0,332.0,4.0,7.0,HARD,14.0,HARD,True,harvest_rich,False
7,Barcelona,Barcelona Grand Prix,44,S3,LIN,Racing Bulls,SAI,Williams,0.491,336.0,332.0,4.0,7.0,HARD,14.0,HARD,True,harvest_rich,True
7,Barcelona,Barcelona Grand Prix,46,S1,BOR,Audi,SAI,Williams,0.943,339.0,334.0,5.0,13.0,HARD,16.0,HARD,True,harvest_rich,False
7,Barcelona,Barcelona Grand Prix,46,S2,BOR,Audi,SAI,Williams,0.725,339.0,334.0,5.0,13.0,HARD,16.0,HARD,True,harvest_rich,False
7,Barcelona,Barcelona Grand Prix,46,S2,BEA,Haas F1 Team,BOR,Audi,0.83,333.0,339.0,-6.0,,SOFT,13.0,HARD,True,harvest_rich,False
7,Barcelona,Barcelona Grand Prix,46,S3,BOR,Audi,SAI,Williams,0.882,339.0,334.0,5.0,13.0,HARD,16.0,HARD,True,harvest_rich,False
7,Barcelona,Barcelona Grand Prix,46,S3,BEA,Haas F1 Team,BOR,Audi,0.677,333.0,339.0,-6.0,,SOFT,13.0,HARD,True,harvest_rich,False
7,Barcelona,Barcelona Grand Prix,47,S1,BOR,Audi,SAI,Williams,0.657,350.0,332.0,18.0,14.0,HARD,17.0,HARD,True,harvest_rich,False
7,Barcelona,Barcelona Grand Prix,47,S1,BEA,Haas F1 Team,BOR,Audi,0.599,349.0,350.0,-1.0,,SOFT,14.0,HARD,True,harvest_rich,False
7,Barcelona,Barcelona Grand Prix,47,S2,BOR,Audi,SAI,Williams,0.68,350.0,332.0,18.0,14.0,HARD,17.0,HARD,True,harvest_rich,False
7,Barcelona,Barcelona Grand Prix,47,S2,BEA,Haas F1 Team,BOR,Audi,0.793,349.0,350.0,-1.0,,SOFT,14.0,HARD,True,harvest_rich,False
7,Barcelona,Barcelona Grand Prix,47,S3,BEA,Haas F1 Team,BOR,Audi,0.316,349.0,350.0,-1.0,,SOFT,14.0,HARD,True,harvest_rich,True
7,Barcelona,Barcelona Grand Prix,48,S1,BOR,Audi,BEA,Haas F1 Team,0.465,336.0,343.0,-7.0,15.0,HARD,,SOFT,True,harvest_rich,False
7,Barcelona,Barcelona Grand Prix,48,S2,BOR,Audi,BEA,Haas F1 Team,0.787,336.0,343.0,-7.0,15.0,HARD,,SOFT,True,harvest_rich,False
7,Barcelona,Barcelona Grand Prix,49,S1,BOR,Audi,BEA,Haas F1 Team,0.945,338.0,328.0,10.0,16.0,HARD,,SOFT,True,harvest_rich,False
7,Barcelona,Barcelona Grand Prix,51,S3,ANT,Mercedes,RUS,Mercedes,0.988,336.0,329.0,7.0,14.0,HARD,15.0,HARD,True,harvest_rich,False
7,Barcelona,Barcelona Grand Prix,52,S1,ANT,Mercedes,RUS,Mercedes,0.975,348.0,329.0,19.0,15.0,HARD,16.0,HARD,True,harvest_rich,False
7,Barcelona,Barcelona Grand Prix,52,S3,ANT,Mercedes,RUS,Mercedes,0.786,348.0,329.0,19.0,15.0,HARD,16.0,HARD,True,harvest_rich,False
7,Barcelona,Barcelona Grand Prix,53,S1,ANT,Mercedes,RUS,Mercedes,0.612,349.0,330.0,19.0,16.0,HARD,17.0,HARD,True,harvest_rich,False
7,Barcelona,Barcelona Grand Prix,53,S2,ANT,Mercedes,RUS,Mercedes,0.963,349.0,330.0,19.0,16.0,HARD,17.0,HARD,True,harvest_rich,False
7,Barcelona,Barcelona Grand Prix,53,S3,ANT,Mercedes,RUS,Mercedes,0.831,349.0,330.0,19.0,16.0,HARD,17.0,HARD,True,harvest_rich,False
7,Barcelona,Barcelona Grand Prix,54,S1,ANT,Mercedes,RUS,Mercedes,0.874,349.0,329.0,20.0,17.0,HARD,18.0,HARD,True,harvest_rich,False
7,Barcelona,Barcelona Grand Prix,55,S2,BEA,Haas F1 Team,SAI,Williams,0.383,329.0,328.0,1.0,,SOFT,25.0,HARD,True,harvest_rich,True
7,Barcelona,Barcelona Grand Prix,56,S1,SAI,Williams,BOR,Audi,0.304,253.0,337.0,-84.0,1.0,MEDIUM,3.0,SOFT,True,harvest_rich,False
7,Barcelona,Barcelona Grand Prix,56,S2,BOR,Audi,OCO,Haas F1 Team,0.357,337.0,330.0,7.0,3.0,SOFT,22.0,MEDIUM,True,harvest_rich,True
7,Barcelona,Barcelona Grand Prix,56,S2,SAI,Williams,BOR,Audi,0.544,253.0,337.0,-84.0,1.0,MEDIUM,3.0,SOFT,True,harvest_rich,False
7,Barcelona,Barcelona Grand Prix,56,S3,OCO,Haas F1 Team,BOR,Audi,0.932,330.0,337.0,-7.0,22.0,MEDIUM,3.0,SOFT,True,harvest_rich,False
7,Barcelona,Barcelona Grand Prix,56,S3,SAI,Williams,OCO,Haas F1 Team,0.075,253.0,330.0,-77.0,1.0,MEDIUM,22.0,MEDIUM,True,harvest_rich,True
7,Barcelona,Barcelona Grand Prix,57,S1,OCO,Haas F1 Team,SAI,Williams,0.987,342.0,341.0,1.0,23.0,MEDIUM,2.0,MEDIUM,True,harvest_rich,False
7,Barcelona,Barcelona Grand Prix,57,S3,ANT,Mercedes,RUS,Mercedes,0.985,338.0,333.0,5.0,20.0,HARD,21.0,HARD,True,harvest_rich,False
7,Barcelona,Barcelona Grand Prix,58,S3,ANT,Mercedes,RUS,Mercedes,0.909,348.0,332.0,16.0,21.0,HARD,22.0,HARD,True,harvest_rich,False
7,Barcelona,Barcelona Grand Prix,59,S1,ANT,Mercedes,RUS,Mercedes,0.852,348.0,332.0,16.0,22.0,HARD,23.0,HARD,True,harvest_rich,False
7,Barcelona,Barcelona Grand Prix,59,S2,ANT,Mercedes,RUS,Mercedes,0.965,348.0,332.0,16.0,22.0,HARD,23.0,HARD,True,harvest_rich,False
7,Barcelona,Barcelona Grand Prix,59,S3,ANT,Mercedes,RUS,Mercedes,0.729,348.0,332.0,16.0,22.0,HARD,23.0,HARD,True,harvest_rich,False
7,Barcelona,Barcelona Grand Prix,60,S1,ANT,Mercedes,RUS,Mercedes,0.527,349.0,332.0,17.0,23.0,HARD,24.0,HARD,True,harvest_rich,False
7,Barcelona,Barcelona Grand Prix,60,S2,ANT,Mercedes,RUS,Mercedes,0.67,349.0,332.0,17.0,23.0,HARD,24.0,HARD,True,harvest_rich,False
7,Barcelona,Barcelona Grand Prix,60,S3,ANT,Mercedes,RUS,Mercedes,0.346,349.0,332.0,17.0,23.0,HARD,24.0,HARD,True,harvest_rich,True
7,Barcelona,Barcelona Grand Prix,61,S1,RUS,Mercedes,ANT,Mercedes,0.106,332.0,343.0,-11.0,25.0,HARD,24.0,HARD,True,harvest_rich,False
7,Barcelona,Barcelona Grand Prix,61,S2,RUS,Mercedes,ANT,Mercedes,0.866,332.0,343.0,-11.0,25.0,HARD,24.0,HARD,True,harvest_rich,False
7,Barcelona,Barcelona Grand Prix,63,S2,SAI,Williams,BOR,Audi,0.833,305.0,255.0,50.0,8.0,MEDIUM,10.0,SOFT,True,harvest_rich,False
7,Barcelona,Barcelona Grand Prix,63,S3,SAI,Williams,BOR,Audi,0.711,305.0,255.0,50.0,8.0,MEDIUM,10.0,SOFT,True,harvest_rich,False
7,Barcelona,Barcelona Grand Prix,64,S1,SAI,Williams,BOR,Audi,0.829,350.0,329.0,21.0,9.0,MEDIUM,11.0,SOFT,True,harvest_rich,False
8,Spielberg,Austrian Grand Prix,1,S2,HAM,Ferrari,RUS,Mercedes,0.522,299.0,278.0,21.0,1.0,MEDIUM,1.0,MEDIUM,True,harvest_poor,False
8,Spielberg,Austrian Grand Prix,1,S2,LEC,Ferrari,HAM,Ferrari,0.219,279.0,299.0,-20.0,1.0,MEDIUM,1.0,MEDIUM,True,harvest_poor,False
8,Spielberg,Austrian Grand Prix,1,S2,ANT,Mercedes,LEC,Ferrari,0.733,310.0,279.0,31.0,1.0,MEDIUM,1.0,MEDIUM,True,harvest_poor,False
8,Spielberg,Austrian Grand Prix,1,S2,VER,Red Bull Racing,ANT,Mercedes,0.309,298.0,310.0,-12.0,1.0,MEDIUM,1.0,MEDIUM,True,harvest_poor,False
8,Spielberg,Austrian Grand Prix,1,S2,PIA,McLaren,VER,Red Bull Racing,0.309,316.0,298.0,18.0,1.0,MEDIUM,1.0,MEDIUM,True,harvest_poor,False
8,Spielberg,Austrian Grand Prix,1,S2,NOR,McLaren,PIA,McLaren,0.246,305.0,316.0,-11.0,1.0,MEDIUM,1.0,MEDIUM,True,harvest_poor,False
8,Spielberg,Austrian Grand Prix,1,S2,LAW,Racing Bulls,NOR,McLaren,0.462,296.0,305.0,-9.0,1.0,MEDIUM,1.0,MEDIUM,True,harvest_poor,False
8,Spielberg,Austrian Grand Prix,1,S2,HAD,Red Bull Racing,LAW,Racing Bulls,0.278,297.0,296.0,1.0,1.0,MEDIUM,1.0,MEDIUM,True,harvest_poor,False
8,Spielberg,Austrian Grand Prix,1,S2,LIN,Racing Bulls,HAD,Red Bull Racing,0.321,303.0,297.0,6.0,1.0,MEDIUM,1.0,MEDIUM,True,harvest_poor,False
8,Spielberg,Austrian Grand Prix,1,S2,BOR,Audi,LIN,Racing Bulls,0.262,308.0,303.0,5.0,1.0,SOFT,1.0,MEDIUM,True,harvest_poor,False
8,Spielberg,Austrian Grand Prix,1,S2,OCO,Haas F1 Team,BOR,Audi,0.397,304.0,308.0,-4.0,1.0,MEDIUM,1.0,SOFT,True,harvest_poor,False
8,Spielberg,Austrian Grand Prix,1,S2,GAS,Alpine,OCO,Haas F1 Team,0.391,280.0,304.0,-24.0,1.0,MEDIUM,1.0,MEDIUM,True,harvest_poor,False
8,Spielberg,Austrian Grand Prix,1,S2,HUL,Audi,GAS,Alpine,0.294,290.0,280.0,10.0,1.0,MEDIUM,1.0,MEDIUM,True,harvest_poor,False
8,Spielberg,Austrian Grand Prix,1,S2,BEA,Haas F1 Team,HUL,Audi,0.111,286.0,290.0,-4.0,1.0,MEDIUM,1.0,MEDIUM,True,harvest_poor,False
8,Spielberg,Austrian Grand Prix,1,S2,SAI,Williams,BEA,Haas F1 Team,0.45,304.0,286.0,18.0,1.0,SOFT,1.0,MEDIUM,True,harvest_poor,False
8,Spielberg,Austrian Grand Prix,1,S2,ALB,Williams,SAI,Williams,0.426,302.0,304.0,-2.0,1.0,MEDIUM,1.0,SOFT,True,harvest_poor,False
8,Spielberg,Austrian Grand Prix,1,S2,PER,Cadillac,ALB,Williams,0.294,283.0,302.0,-19.0,1.0,MEDIUM,1.0,MEDIUM,True,harvest_poor,False
8,Spielberg,Austrian Grand Prix,1,S2,BOT,Cadillac,PER,Cadillac,0.375,293.0,283.0,10.0,1.0,MEDIUM,1.0,MEDIUM,True,harvest_poor,False
8,Spielberg,Austrian Grand Prix,1,S2,ALO,Aston Martin,BOT,Cadillac,0.307,299.0,293.0,6.0,1.0,MEDIUM,1.0,MEDIUM,True,harvest_poor,True
8,Spielberg,Austrian Grand Prix,1,S2,COL,Alpine,ALO,Aston Martin,0.072,284.0,299.0,-15.0,1.0,MEDIUM,1.0,MEDIUM,True,harvest_poor,False
8,Spielberg,Austrian Grand Prix,1,S2,STR,Aston Martin,COL,Alpine,0.978,284.0,284.0,0.0,1.0,MEDIUM,1.0,MEDIUM,True,harvest_poor,False
8,Spielberg,Austrian Grand Prix,1,S3,HAM,Ferrari,RUS,Mercedes,0.727,299.0,278.0,21.0,1.0,MEDIUM,1.0,MEDIUM,True,harvest_poor,False
8,Spielberg,Austrian Grand Prix,1,S3,LEC,Ferrari,HAM,Ferrari,0.892,279.0,299.0,-20.0,1.0,MEDIUM,1.0,MEDIUM,True,harvest_poor,False
8,Spielberg,Austrian Grand Prix,1,S3,ANT,Mercedes,LEC,Ferrari,0.241,310.0,279.0,31.0,1.0,MEDIUM,1.0,MEDIUM,True,harvest_poor,True
8,Spielberg,Austrian Grand Prix,1,S3,VER,Red Bull Racing,ANT,Mercedes,0.855,298.0,310.0,-12.0,1.0,MEDIUM,1.0,MEDIUM,True,harvest_poor,False
8,Spielberg,Austrian Grand Prix,1,S3,PIA,McLaren,VER,Red Bull Racing,0.25,316.0,298.0,18.0,1.0,MEDIUM,1.0,MEDIUM,True,harvest_poor,False
8,Spielberg,Austrian Grand Prix,1,S3,NOR,McLaren,PIA,McLaren,0.542,305.0,316.0,-11.0,1.0,MEDIUM,1.0,MEDIUM,True,harvest_poor,False
8,Spielberg,Austrian Grand Prix,1,S3,LAW,Racing Bulls,NOR,McLaren,0.403,296.0,305.0,-9.0,1.0,MEDIUM,1.0,MEDIUM,True,harvest_poor,False
8,Spielberg,Austrian Grand Prix,1,S3,HAD,Red Bull Racing,LAW,Racing Bulls,0.64,297.0,296.0,1.0,1.0,MEDIUM,1.0,MEDIUM,True,harvest_poor,False
8,Spielberg,Austrian Grand Prix,1,S3,LIN,Racing Bulls,HAD,Red Bull Racing,0.361,303.0,297.0,6.0,1.0,MEDIUM,1.0,MEDIUM,True,harvest_poor,False
8,Spielberg,Austrian Grand Prix,1,S3,BOR,Audi,LIN,Racing Bulls,0.403,308.0,303.0,5.0,1.0,SOFT,1.0,MEDIUM,True,harvest_poor,False
8,Spielberg,Austrian Grand Prix,1,S3,OCO,Haas F1 Team,BOR,Audi,0.145,304.0,308.0,-4.0,1.0,MEDIUM,1.0,SOFT,True,harvest_poor,False
8,Spielberg,Austrian Grand Prix,1,S3,GAS,Alpine,OCO,Haas F1 Team,0.328,280.0,304.0,-24.0,1.0,MEDIUM,1.0,MEDIUM,True,harvest_poor,False
8,Spielberg,Austrian Grand Prix,1,S3,HUL,Audi,GAS,Alpine,0.459,290.0,280.0,10.0,1.0,MEDIUM,1.0,MEDIUM,True,harvest_poor,False
8,Spielberg,Austrian Grand Prix,1,S3,BEA,Haas F1 Team,HUL,Audi,0.337,286.0,290.0,-4.0,1.0,MEDIUM,1.0,MEDIUM,True,harvest_poor,False
8,Spielberg,Austrian Grand Prix,1,S3,SAI,Williams,BEA,Haas F1 Team,0.485,304.0,286.0,18.0,1.0,SOFT,1.0,MEDIUM,True,harvest_poor,False
8,Spielberg,Austrian Grand Prix,1,S3,ALB,Williams,SAI,Williams,0.43,302.0,304.0,-2.0,1.0,MEDIUM,1.0,SOFT,True,harvest_poor,False
8,Spielberg,Austrian Grand Prix,1,S3,PER,Cadillac,ALB,Williams,0.213,283.0,302.0,-19.0,1.0,MEDIUM,1.0,MEDIUM,True,harvest_poor,False
8,Spielberg,Austrian Grand Prix,1,S3,ALO,Aston Martin,PER,Cadillac,0.699,299.0,283.0,16.0,1.0,MEDIUM,1.0,MEDIUM,True,harvest_poor,False
8,Spielberg,Austrian Grand Prix,1,S3,COL,Alpine,ALO,Aston Martin,0.137,284.0,299.0,-15.0,1.0,MEDIUM,1.0,MEDIUM,True,harvest_poor,True
8,Spielberg,Austrian Grand Prix,1,S3,BOT,Cadillac,COL,Alpine,0.464,293.0,284.0,9.0,1.0,MEDIUM,1.0,MEDIUM,True,harvest_poor,False
8,Spielberg,Austrian Grand Prix,1,S3,STR,Aston Martin,BOT,Cadillac,0.749,284.0,293.0,-9.0,1.0,MEDIUM,1.0,MEDIUM,True,harvest_poor,False
8,Spielberg,Austrian Grand Prix,2,S1,HAM,Ferrari,RUS,Mercedes,0.596,293.0,288.0,5.0,2.0,MEDIUM,2.0,MEDIUM,True,harvest_poor,False
8,Spielberg,Austrian Grand Prix,2,S1,LEC,Ferrari,ANT,Mercedes,0.023,302.0,278.0,24.0,2.0,MEDIUM,2.0,MEDIUM,True,harvest_poor,True
8,Spielberg,Austrian Grand Prix,2,S1,VER,Red Bull Racing,LEC,Ferrari,0.25,322.0,302.0,20.0,2.0,MEDIUM,2.0,MEDIUM,True,harvest_poor,True
8,Spielberg,Austrian Grand Prix,2,S1,PIA,McLaren,VER,Red Bull Racing,0.522,334.0,322.0,12.0,2.0,MEDIUM,2.0,MEDIUM,True,harvest_poor,False
8,Spielberg,Austrian Grand Prix,2,S1,NOR,McLaren,PIA,McLaren,0.434,317.0,334.0,-17.0,2.0,MEDIUM,2.0,MEDIUM,True,harvest_poor,False
8,Spielberg,Austrian Grand Prix,2,S1,LAW,Racing Bulls,NOR,McLaren,0.498,293.0,317.0,-24.0,2.0,MEDIUM,2.0,MEDIUM,True,harvest_poor,False
8,Spielberg,Austrian Grand Prix,2,S1,HAD,Red Bull Racing,LAW,Racing Bulls,0.716,300.0,293.0,7.0,2.0,MEDIUM,2.0,MEDIUM,True,harvest_poor,False
8,Spielberg,Austrian Grand Prix,2,S1,LIN,Racing Bulls,HAD,Red Bull Racing,0.458,307.0,300.0,7.0,2.0,MEDIUM,2.0,MEDIUM,True,harvest_poor,False
8,Spielberg,Austrian Grand Prix,2,S1,BOR,Audi,LIN,Racing Bulls,0.523,303.0,307.0,-4.0,2.0,SOFT,2.0,MEDIUM,True,harvest_poor,False
8,Spielberg,Austrian Grand Prix,2,S1,OCO,Haas F1 Team,BOR,Audi,0.07,296.0,303.0,-7.0,2.0,MEDIUM,2.0,SOFT,True,harvest_poor,True
8,Spielberg,Austrian Grand Prix,2,S1,GAS,Alpine,OCO,Haas F1 Team,0.48,303.0,296.0,7.0,2.0,MEDIUM,2.0,MEDIUM,True,harvest_poor,False
8,Spielberg,Austrian Grand Prix,2,S1,HUL,Audi,GAS,Alpine,0.182,298.0,303.0,-5.0,2.0,MEDIUM,2.0,MEDIUM,True,harvest_poor,False
8,Spielberg,Austrian Grand Prix,2,S1,BEA,Haas F1 Team,HUL,Audi,0.308,300.0,298.0,2.0,2.0,MEDIUM,2.0,MEDIUM,True,harvest_poor,False
8,Spielberg,Austrian Grand Prix,2,S1,SAI,Williams,BEA,Haas F1 Team,0.615,304.0,300.0,4.0,2.0,SOFT,2.0,MEDIUM,True,harvest_poor,False
8,Spielberg,Austrian Grand Prix,2,S1,ALB,Williams,SAI,Williams,0.62,299.0,304.0,-5.0,2.0,MEDIUM,2.0,SOFT,True,harvest_poor,False
8,Spielberg,Austrian Grand Prix,2,S1,PER,Cadillac,ALB,Williams,0.029,299.0,299.0,0.0,2.0,MEDIUM,2.0,MEDIUM,True,harvest_poor,False
8,Spielberg,Austrian Grand Prix,2,S1,BOT,Cadillac,COL,Alpine,0.316,267.0,303.0,-36.0,2.0,MEDIUM,2.0,MEDIUM,True,harvest_poor,False
8,Spielberg,Austrian Grand Prix,2,S1,ALO,Aston Martin,BOT,Cadillac,0.03,279.0,267.0,12.0,2.0,MEDIUM,2.0,MEDIUM,True,harvest_poor,True
8,Spielberg,Austrian Grand Prix,2,S2,HAM,Ferrari,RUS,Mercedes,0.578,293.0,288.0,5.0,2.0,MEDIUM,2.0,MEDIUM,True,harvest_poor,False
8,Spielberg,Austrian Grand Prix,2,S2,LEC,Ferrari,VER,Red Bull Racing,0.464,302.0,322.0,-20.0,2.0,MEDIUM,2.0,MEDIUM,True,harvest_poor,False
8,Spielberg,Austrian Grand Prix,2,S2,ANT,Mercedes,LEC,Ferrari,0.408,278.0,302.0,-24.0,2.0,MEDIUM,2.0,MEDIUM,True,harvest_poor,False
8,Spielberg,Austrian Grand Prix,2,S2,PIA,McLaren,ANT,Mercedes,0.24,334.0,278.0,56.0,2.0,MEDIUM,2.0,MEDIUM,True,harvest_poor,False
8,Spielberg,Austrian Grand Prix,2,S2,NOR,McLaren,PIA,McLaren,0.191,317.0,334.0,-17.0,2.0,MEDIUM,2.0,MEDIUM,True,harvest_poor,False
8,Spielberg,Austrian Grand Prix,2,S2,LAW,Racing Bulls,NOR,McLaren,0.89,293.0,317.0,-24.0,2.0,MEDIUM,2.0,MEDIUM,True,harvest_poor,False
8,Spielberg,Austrian Grand Prix,2,S2,HAD,Red Bull Racing,LAW,Racing Bulls,0.369,300.0,293.0,7.0,2.0,MEDIUM,2.0,MEDIUM,True,harvest_poor,False
8,Spielberg,Austrian Grand Prix,2,S2,LIN,Racing Bulls,HAD,Red Bull Racing,0.828,307.0,300.0,7.0,2.0,MEDIUM,2.0,MEDIUM,True,harvest_poor,False
8,Spielberg,Austrian Grand Prix,2,S2,OCO,Haas F1 Team,LIN,Racing Bulls,0.483,296.0,307.0,-11.0,2.0,MEDIUM,2.0,MEDIUM,True,harvest_poor,False
8,Spielberg,Austrian Grand Prix,2,S2,BOR,Audi,OCO,Haas F1 Team,0.243,303.0,296.0,7.0,2.0,SOFT,2.0,MEDIUM,True,harvest_poor,False
8,Spielberg,Austrian Grand Prix,2,S2,GAS,Alpine,BOR,Audi,0.549,303.0,303.0,0.0,2.0,MEDIUM,2.0,SOFT,True,harvest_poor,False
8,Spielberg,Austrian Grand Prix,2,S2,HUL,Audi,GAS,Alpine,0.239,298.0,303.0,-5.0,2.0,MEDIUM,2.0,MEDIUM,True,harvest_poor,False
8,Spielberg,Austrian Grand Prix,2,S2,BEA,Haas F1 Team,HUL,Audi,0.419,300.0,298.0,2.0,2.0,MEDIUM,2.0,MEDIUM,True,harvest_poor,False
8,Spielberg,Austrian Grand Prix,2,S2,SAI,Williams,BEA,Haas F1 Team,0.717,304.0,300.0,4.0,2.0,SOFT,2.0,MEDIUM,True,harvest_poor,False
8,Spielberg,Austrian Grand Prix,2,S2,ALB,Williams,SAI,Williams,0.554,299.0,304.0,-5.0,2.0,MEDIUM,2.0,SOFT,True,harvest_poor,False
8,Spielberg,Austrian Grand Prix,2,S2,PER,Cadillac,ALB,Williams,0.438,299.0,299.0,0.0,2.0,MEDIUM,2.0,MEDIUM,True,harvest_poor,False
8,Spielberg,Austrian Grand Prix,2,S2,COL,Alpine,PER,Cadillac,0.508,303.0,299.0,4.0,2.0,MEDIUM,2.0,MEDIUM,True,harvest_poor,False
8,Spielberg,Austrian Grand Prix,2,S2,ALO,Aston Martin,COL,Alpine,0.845,279.0,303.0,-24.0,2.0,MEDIUM,2.0,MEDIUM,True,harvest_poor,False
8,Spielberg,Austrian Grand Prix,2,S2,BOT,Cadillac,STR,Aston Martin,0.775,267.0,278.0,-11.0,2.0,MEDIUM,2.0,MEDIUM,True,harvest_poor,False
8,Spielberg,Austrian Grand Prix,2,S3,HAM,Ferrari,RUS,Mercedes,0.796,293.0,288.0,5.0,2.0,MEDIUM,2.0,MEDIUM,True,harvest_poor,False
8,Spielberg,Austrian Grand Prix,2,S3,LEC,Ferrari,VER,Red Bull Racing,0.884,302.0,322.0,-20.0,2.0,MEDIUM,2.0,MEDIUM,True,harvest_poor,False
8,Spielberg,Austrian Grand Prix,2,S3,ANT,Mercedes,LEC,Ferrari,0.477,278.0,302.0,-24.0,2.0,MEDIUM,2.0,MEDIUM,True,harvest_poor,False
8,Spielberg,Austrian Grand Prix,2,S3,PIA,McLaren,ANT,Mercedes,0.45,334.0,278.0,56.0,2.0,MEDIUM,2.0,MEDIUM,True,harvest_poor,False
8,Spielberg,Austrian Grand Prix,2,S3,NOR,McLaren,PIA,McLaren,0.329,317.0,334.0,-17.0,2.0,MEDIUM,2.0,MEDIUM,True,harvest_poor,False
8,Spielberg,Austrian Grand Prix,2,S3,LAW,Racing Bulls,NOR,McLaren,0.641,293.0,317.0,-24.0,2.0,MEDIUM,2.0,MEDIUM,True,harvest_poor,False
8,Spielberg,Austrian Grand Prix,2,S3,HAD,Red Bull Racing,LAW,Racing Bulls,0.412,300.0,293.0,7.0,2.0,MEDIUM,2.0,MEDIUM,True,harvest_poor,False
8,Spielberg,Austrian Grand Prix,2,S3,LIN,Racing Bulls,HAD,Red Bull Racing,0.7,307.0,300.0,7.0,2.0,MEDIUM,2.0,MEDIUM,True,harvest_poor,False
8,Spielberg,Austrian Grand Prix,2,S3,OCO,Haas F1 Team,LIN,Racing Bulls,0.739,296.0,307.0,-11.0,2.0,MEDIUM,2.0,MEDIUM,True,harvest_poor,False
8,Spielberg,Austrian Grand Prix,2,S3,BOR,Audi,OCO,Haas F1 Team,0.339,303.0,296.0,7.0,2.0,SOFT,2.0,MEDIUM,True,harvest_poor,False
8,Spielberg,Austrian Grand Prix,2,S3,GAS,Alpine,BOR,Audi,0.491,303.0,303.0,0.0,2.0,MEDIUM,2.0,SOFT,True,harvest_poor,False
8,Spielberg,Austrian Grand Prix,2,S3,HUL,Audi,GAS,Alpine,0.295,298.0,303.0,-5.0,2.0,MEDIUM,2.0,MEDIUM,True,harvest_poor,False
8,Spielberg,Austrian Grand Prix,2,S3,BEA,Haas F1 Team,HUL,Audi,0.425,300.0,298.0,2.0,2.0,MEDIUM,2.0,MEDIUM,True,harvest_poor,False
8,Spielberg,Austrian Grand Prix,2,S3,SAI,Williams,BEA,Haas F1 Team,0.827,304.0,300.0,4.0,2.0,SOFT,2.0,MEDIUM,True,harvest_poor,False
8,Spielberg,Austrian Grand Prix,2,S3,ALB,Williams,SAI,Williams,0.716,299.0,304.0,-5.0,2.0,MEDIUM,2.0,SOFT,True,harvest_poor,False
8,Spielberg,Austrian Grand Prix,2,S3,PER,Cadillac,ALB,Williams,0.578,299.0,299.0,0.0,2.0,MEDIUM,2.0,MEDIUM,True,harvest_poor,False
8,Spielberg,Austrian Grand Prix,2,S3,COL,Alpine,PER,Cadillac,0.344,303.0,299.0,4.0,2.0,MEDIUM,2.0,MEDIUM,True,harvest_poor,False
8,Spielberg,Austrian Grand Prix,3,S1,HAM,Ferrari,RUS,Mercedes,0.594,295.0,293.0,2.0,3.0,MEDIUM,3.0,MEDIUM,True,harvest_poor,False
8,Spielberg,Austrian Grand Prix,3,S1,LEC,Ferrari,VER,Red Bull Racing,0.745,298.0,289.0,9.0,3.0,MEDIUM,3.0,MEDIUM,True,harvest_poor,False
8,Spielberg,Austrian Grand Prix,3,S1,ANT,Mercedes,LEC,Ferrari,0.408,302.0,298.0,4.0,3.0,MEDIUM,3.0,MEDIUM,True,harvest_poor,False
8,Spielberg,Austrian Grand Prix,3,S1,PIA,McLaren,ANT,Mercedes,0.453,309.0,302.0,7.0,3.0,MEDIUM,3.0,MEDIUM,True,harvest_poor,False
8,Spielberg,Austrian Grand Prix,3,S1,NOR,McLaren,PIA,McLaren,0.398,309.0,309.0,0.0,3.0,MEDIUM,3.0,MEDIUM,True,harvest_poor,False
8,Spielberg,Austrian Grand Prix,3,S1,LAW,Racing Bulls,NOR,McLaren,0.612,298.0,309.0,-11.0,3.0,MEDIUM,3.0,MEDIUM,True,harvest_poor,False
8,Spielberg,Austrian Grand Prix,3,S1,HAD,Red Bull Racing,LAW,Racing Bulls,0.396,302.0,298.0,4.0,3.0,MEDIUM,3.0,MEDIUM,True,harvest_poor,False
8,Spielberg,Austrian Grand Prix,3,S1,LIN,Racing Bulls,HAD,Red Bull Racing,0.638,303.0,302.0,1.0,3.0,MEDIUM,3.0,MEDIUM,True,harvest_poor,False
8,Spielberg,Austrian Grand Prix,3,S1,OCO,Haas F1 Team,LIN,Racing Bulls,0.954,296.0,303.0,-7.0,3.0,MEDIUM,3.0,MEDIUM,True,harvest_poor,False
8,Spielberg,Austrian Grand Prix,3,S1,BOR,Audi,OCO,Haas F1 Team,0.486,296.0,296.0,0.0,3.0,SOFT,3.0,MEDIUM,True,harvest_poor,False
8,Spielberg,Austrian Grand Prix,3,S1,GAS,Alpine,BOR,Audi,0.366,303.0,296.0,7.0,3.0,MEDIUM,3.0,SOFT,True,harvest_poor,False
8,Spielberg,Austrian Grand Prix,3,S1,HUL,Audi,GAS,Alpine,0.327,297.0,303.0,-6.0,3.0,MEDIUM,3.0,MEDIUM,True,harvest_poor,False
8,Spielberg,Austrian Grand Prix,3,S1,BEA,Haas F1 Team,HUL,Audi,0.446,304.0,297.0,7.0,3.0,MEDIUM,3.0,MEDIUM,True,harvest_poor,False
8,Spielberg,Austrian Grand Prix,3,S1,SAI,Williams,BEA,Haas F1 Team,0.797,311.0,304.0,7.0,3.0,SOFT,3.0,MEDIUM,True,harvest_poor,False
8,Spielberg,Austrian Grand Prix,3,S1,ALB,Williams,SAI,Williams,0.752,306.0,311.0,-5.0,3.0,MEDIUM,3.0,SOFT,True,harvest_poor,False
8,Spielberg,Austrian Grand Prix,3,S1,PER,Cadillac,ALB,Williams,0.542,298.0,306.0,-8.0,3.0,MEDIUM,3.0,MEDIUM,True,harvest_poor,False
8,Spielberg,Austrian Grand Prix,3,S1,COL,Alpine,PER,Cadillac,0.459,305.0,298.0,7.0,3.0,MEDIUM,3.0,MEDIUM,True,harvest_poor,False
8,Spielberg,Austrian Grand Prix,3,S2,HAM,Ferrari,RUS,Mercedes,0.618,295.0,293.0,2.0,3.0,MEDIUM,3.0,MEDIUM,True,harvest_poor,False
8,Spielberg,Austrian Grand Prix,3,S2,LEC,Ferrari,VER,Red Bull Racing,0.834,298.0,289.0,9.0,3.0,MEDIUM,3.0,MEDIUM,True,harvest_poor,False
8,Spielberg,Austrian Grand Prix,3,S2,ANT,Mercedes,LEC,Ferrari,0.588,302.0,298.0,4.0,3.0,MEDIUM,3.0,MEDIUM,True,harvest_poor,False
8,Spielberg,Austrian Grand Prix,3,S2,PIA,McLaren,ANT,Mercedes,0.481,309.0,302.0,7.0,3.0,MEDIUM,3.0,MEDIUM,True,harvest_poor,False
8,Spielberg,Austrian Grand Prix,3,S2,NOR,McLaren,PIA,McLaren,0.607,309.0,309.0,0.0,3.0,MEDIUM,3.0,MEDIUM,True,harvest_poor,False
8,Spielberg,Austrian Grand Prix,3,S2,LAW,Racing Bulls,NOR,McLaren,0.985,298.0,309.0,-11.0,3.0,MEDIUM,3.0,MEDIUM,True,harvest_poor,False
8,Spielberg,Austrian Grand Prix,3,S2,HAD,Red Bull Racing,LAW,Racing Bulls,0.203,302.0,298.0,4.0,3.0,MEDIUM,3.0,MEDIUM,True,harvest_poor,False
8,Spielberg,Austrian Grand Prix,3,S2,LIN,Racing Bulls,HAD,Red Bull Racing,0.695,303.0,302.0,1.0,3.0,MEDIUM,3.0,MEDIUM,True,harvest_poor,False
8,Spielberg,Austrian Grand Prix,3,S2,OCO,Haas F1 Team,LIN,Racing Bulls,0.739,296.0,303.0,-7.0,3.0,MEDIUM,3.0,MEDIUM,True,harvest_poor,False
8,Spielberg,Austrian Grand Prix,3,S2,BOR,Audi,OCO,Haas F1 Team,0.432,296.0,296.0,0.0,3.0,SOFT,3.0,MEDIUM,True,harvest_poor,False
8,Spielberg,Austrian Grand Prix,3,S2,GAS,Alpine,BOR,Audi,0.615,303.0,296.0,7.0,3.0,MEDIUM,3.0,SOFT,True,harvest_poor,False
8,Spielberg,Austrian Grand Prix,3,S2,HUL,Audi,GAS,Alpine,0.403,297.0,303.0,-6.0,3.0,MEDIUM,3.0,MEDIUM,True,harvest_poor,False
8,Spielberg,Austrian Grand Prix,3,S2,BEA,Haas F1 Team,HUL,Audi,0.64,304.0,297.0,7.0,3.0,MEDIUM,3.0,MEDIUM,True,harvest_poor,False
8,Spielberg,Austrian Grand Prix,3,S2,SAI,Williams,BEA,Haas F1 Team,0.671,311.0,304.0,7.0,3.0,SOFT,3.0,MEDIUM,True,harvest_poor,False
8,Spielberg,Austrian Grand Prix,3,S2,ALB,Williams,SAI,Williams,0.697,306.0,311.0,-5.0,3.0,MEDIUM,3.0,SOFT,True,harvest_poor,False
8,Spielberg,Austrian Grand Prix,3,S2,PER,Cadillac,ALB,Williams,0.676,298.0,306.0,-8.0,3.0,MEDIUM,3.0,MEDIUM,True,harvest_poor,False
8,Spielberg,Austrian Grand Prix,3,S2,COL,Alpine,PER,Cadillac,0.517,305.0,298.0,7.0,3.0,MEDIUM,3.0,MEDIUM,True,harvest_poor,False
8,Spielberg,Austrian Grand Prix,3,S3,HAM,Ferrari,RUS,Mercedes,0.952,295.0,293.0,2.0,3.0,MEDIUM,3.0,MEDIUM,True,harvest_poor,False
8,Spielberg,Austrian Grand Prix,3,S3,ANT,Mercedes,LEC,Ferrari,0.599,302.0,298.0,4.0,3.0,MEDIUM,3.0,MEDIUM,True,harvest_poor,False
8,Spielberg,Austrian Grand Prix,3,S3,PIA,McLaren,ANT,Mercedes,0.583,309.0,302.0,7.0,3.0,MEDIUM,3.0,MEDIUM,True,harvest_poor,False
8,Spielberg,Austrian Grand Prix,3,S3,NOR,McLaren,PIA,McLaren,0.643,309.0,309.0,0.0,3.0,MEDIUM,3.0,MEDIUM,True,harvest_poor,False
8,Spielberg,Austrian Grand Prix,3,S3,HAD,Red Bull Racing,LAW,Racing Bulls,0.301,302.0,298.0,4.0,3.0,MEDIUM,3.0,MEDIUM,True,harvest_poor,False
8,Spielberg,Austrian Grand Prix,3,S3,LIN,Racing Bulls,HAD,Red Bull Racing,0.684,303.0,302.0,1.0,3.0,MEDIUM,3.0,MEDIUM,True,harvest_poor,False
8,Spielberg,Austrian Grand Prix,3,S3,OCO,Haas F1 Team,LIN,Racing Bulls,0.901,296.0,303.0,-7.0,3.0,MEDIUM,3.0,MEDIUM,True,harvest_poor,False
8,Spielberg,Austrian Grand Prix,3,S3,BOR,Audi,OCO,Haas F1 Team,0.232,296.0,296.0,0.0,3.0,SOFT,3.0,MEDIUM,True,harvest_poor,False
8,Spielberg,Austrian Grand Prix,3,S3,GAS,Alpine,BOR,Audi,0.666,303.0,296.0,7.0,3.0,MEDIUM,3.0,SOFT,True,harvest_poor,False
8,Spielberg,Austrian Grand Prix,3,S3,HUL,Audi,GAS,Alpine,0.57,297.0,303.0,-6.0,3.0,MEDIUM,3.0,MEDIUM,True,harvest_poor,False
8,Spielberg,Austrian Grand Prix,3,S3,BEA,Haas F1 Team,HUL,Audi,0.544,304.0,297.0,7.0,3.0,MEDIUM,3.0,MEDIUM,True,harvest_poor,False
8,Spielberg,Austrian Grand Prix,3,S3,SAI,Williams,BEA,Haas F1 Team,0.886,311.0,304.0,7.0,3.0,SOFT,3.0,MEDIUM,True,harvest_poor,False
8,Spielberg,Austrian Grand Prix,3,S3,ALB,Williams,SAI,Williams,0.868,306.0,311.0,-5.0,3.0,MEDIUM,3.0,SOFT,True,harvest_poor,False
8,Spielberg,Austrian Grand Prix,3,S3,PER,Cadillac,ALB,Williams,0.708,298.0,306.0,-8.0,3.0,MEDIUM,3.0,MEDIUM,True,harvest_poor,False
8,Spielberg,Austrian Grand Prix,3,S3,COL,Alpine,PER,Cadillac,0.319,305.0,298.0,7.0,3.0,MEDIUM,3.0,MEDIUM,True,harvest_poor,False
8,Spielberg,Austrian Grand Prix,4,S1,HAM,Ferrari,RUS,Mercedes,0.796,295.0,294.0,1.0,4.0,MEDIUM,4.0,MEDIUM,True,harvest_poor,False
8,Spielberg,Austrian Grand Prix,4,S1,ANT,Mercedes,LEC,Ferrari,0.492,302.0,297.0,5.0,4.0,MEDIUM,4.0,MEDIUM,True,harvest_poor,False
8,Spielberg,Austrian Grand Prix,4,S1,PIA,McLaren,ANT,Mercedes,0.579,311.0,302.0,9.0,4.0,MEDIUM,4.0,MEDIUM,True,harvest_poor,False
8,Spielberg,Austrian Grand Prix,4,S1,NOR,McLaren,PIA,McLaren,0.673,309.0,311.0,-2.0,4.0,MEDIUM,4.0,MEDIUM,True,harvest_poor,False
8,Spielberg,Austrian Grand Prix,4,S1,HAD,Red Bull Racing,LAW,Racing Bulls,0.282,304.0,300.0,4.0,4.0,MEDIUM,4.0,MEDIUM,True,harvest_poor,True
8,Spielberg,Austrian Grand Prix,4,S1,LIN,Racing Bulls,HAD,Red Bull Racing,0.828,306.0,304.0,2.0,4.0,MEDIUM,4.0,MEDIUM,True,harvest_poor,False
8,Spielberg,Austrian Grand Prix,4,S1,OCO,Haas F1 Team,LIN,Racing Bulls,0.949,296.0,306.0,-10.0,4.0,MEDIUM,4.0,MEDIUM,True,harvest_poor,False
8,Spielberg,Austrian Grand Prix,4,S1,BOR,Audi,OCO,Haas F1 Team,0.424,292.0,296.0,-4.0,4.0,SOFT,4.0,MEDIUM,True,harvest_poor,False
8,Spielberg,Austrian Grand Prix,4,S1,GAS,Alpine,BOR,Audi,0.417,305.0,292.0,13.0,4.0,MEDIUM,4.0,SOFT,True,harvest_poor,False
8,Spielberg,Austrian Grand Prix,4,S1,HUL,Audi,GAS,Alpine,0.619,295.0,305.0,-10.0,4.0,MEDIUM,4.0,MEDIUM,True,harvest_poor,False
8,Spielberg,Austrian Grand Prix,4,S1,BEA,Haas F1 Team,HUL,Audi,0.483,305.0,295.0,10.0,4.0,MEDIUM,4.0,MEDIUM,True,harvest_poor,False
8,Spielberg,Austrian Grand Prix,4,S1,ALB,Williams,SAI,Williams,0.886,303.0,310.0,-7.0,4.0,MEDIUM,4.0,SOFT,True,harvest_poor,False
8,Spielberg,Austrian Grand Prix,4,S1,PER,Cadillac,ALB,Williams,0.605,249.0,303.0,-54.0,4.0,MEDIUM,4.0,MEDIUM,True,harvest_poor,False
8,Spielberg,Austrian Grand Prix,4,S1,COL,Alpine,PER,Cadillac,0.251,307.0,249.0,58.0,4.0,MEDIUM,4.0,MEDIUM,True,harvest_poor,True
8,Spielberg,Austrian Grand Prix,4,S2,HAM,Ferrari,RUS,Mercedes,0.987,295.0,294.0,1.0,4.0,MEDIUM,4.0,MEDIUM,True,harvest_poor,False
8,Spielberg,Austrian Grand Prix,4,S2,ANT,Mercedes,LEC,Ferrari,0.794,302.0,297.0,5.0,4.0,MEDIUM,4.0,MEDIUM,True,harvest_poor,False
8,Spielberg,Austrian Grand Prix,4,S2,PIA,McLaren,ANT,Mercedes,0.697,311.0,302.0,9.0,4.0,MEDIUM,4.0,MEDIUM,True,harvest_poor,False
8,Spielberg,Austrian Grand Prix,4,S2,NOR,McLaren,PIA,McLaren,0.887,309.0,311.0,-2.0,4.0,MEDIUM,4.0,MEDIUM,True,harvest_poor,False
8,Spielberg,Austrian Grand Prix,4,S2,LAW,Racing Bulls,HAD,Red Bull Racing,0.472,300.0,304.0,-4.0,4.0,MEDIUM,4.0,MEDIUM,True,harvest_poor,False
8,Spielberg,Austrian Grand Prix,4,S2,LIN,Racing Bulls,LAW,Racing Bulls,0.538,306.0,300.0,6.0,4.0,MEDIUM,4.0,MEDIUM,True,harvest_poor,False
8,Spielberg,Austrian Grand Prix,4,S2,OCO,Haas F1 Team,LIN,Racing Bulls,0.861,296.0,306.0,-10.0,4.0,MEDIUM,4.0,MEDIUM,True,harvest_poor,False
8,Spielberg,Austrian Grand Prix,4,S2,BOR,Audi,OCO,Haas F1 Team,0.404,292.0,296.0,-4.0,4.0,SOFT,4.0,MEDIUM,True,harvest_poor,False
8,Spielberg,Austrian Grand Prix,4,S2,GAS,Alpine,BOR,Audi,0.422,305.0,292.0,13.0,4.0,MEDIUM,4.0,SOFT,True,harvest_poor,False
8,Spielberg,Austrian Grand Prix,4,S2,HUL,Audi,GAS,Alpine,0.577,295.0,305.0,-10.0,4.0,MEDIUM,4.0,MEDIUM,True,harvest_poor,False
8,Spielberg,Austrian Grand Prix,4,S2,BEA,Haas F1 Team,HUL,Audi,0.688,305.0,295.0,10.0,4.0,MEDIUM,4.0,MEDIUM,True,harvest_poor,False
8,Spielberg,Austrian Grand Prix,4,S2,SAI,Williams,BEA,Haas F1 Team,0.824,310.0,305.0,5.0,4.0,SOFT,4.0,MEDIUM,True,harvest_poor,False
8,Spielberg,Austrian Grand Prix,4,S2,ALB,Williams,SAI,Williams,0.929,303.0,310.0,-7.0,4.0,MEDIUM,4.0,SOFT,True,harvest_poor,False
8,Spielberg,Austrian Grand Prix,4,S2,COL,Alpine,ALB,Williams,0.747,307.0,303.0,4.0,4.0,MEDIUM,4.0,MEDIUM,True,harvest_poor,False
8,Spielberg,Austrian Grand Prix,4,S3,ANT,Mercedes,LEC,Ferrari,0.742,302.0,297.0,5.0,4.0,MEDIUM,4.0,MEDIUM,True,harvest_poor,False
8,Spielberg,Austrian Grand Prix,4,S3,PIA,McLaren,ANT,Mercedes,0.829,311.0,302.0,9.0,4.0,MEDIUM,4.0,MEDIUM,True,harvest_poor,False
8,Spielberg,Austrian Grand Prix,4,S3,NOR,McLaren,PIA,McLaren,0.913,309.0,311.0,-2.0,4.0,MEDIUM,4.0,MEDIUM,True,harvest_poor,False
8,Spielberg,Austrian Grand Prix,4,S3,LIN,Racing Bulls,LAW,Racing Bulls,0.53,306.0,300.0,6.0,4.0,MEDIUM,4.0,MEDIUM,True,harvest_poor,False
8,Spielberg,Austrian Grand Prix,4,S3,BOR,Audi,OCO,Haas F1 Team,0.259,292.0,296.0,-4.0,4.0,SOFT,4.0,MEDIUM,True,harvest_poor,False
8,Spielberg,Austrian Grand Prix,4,S3,GAS,Alpine,BOR,Audi,0.551,305.0,292.0,13.0,4.0,MEDIUM,4.0,SOFT,True,harvest_poor,False
8,Spielberg,Austrian Grand Prix,4,S3,HUL,Audi,GAS,Alpine,0.46,295.0,305.0,-10.0,4.0,MEDIUM,4.0,MEDIUM,True,harvest_poor,False
8,Spielberg,Austrian Grand Prix,4,S3,BEA,Haas F1 Team,HUL,Audi,0.742,305.0,295.0,10.0,4.0,MEDIUM,4.0,MEDIUM,True,harvest_poor,False
8,Spielberg,Austrian Grand Prix,4,S3,ALB,Williams,SAI,Williams,0.889,303.0,310.0,-7.0,4.0,MEDIUM,4.0,SOFT,True,harvest_poor,False
8,Spielberg,Austrian Grand Prix,4,S3,COL,Alpine,ALB,Williams,0.609,307.0,303.0,4.0,4.0,MEDIUM,4.0,MEDIUM,True,harvest_poor,False
8,Spielberg,Austrian Grand Prix,5,S1,HAM,Ferrari,RUS,Mercedes,0.948,297.0,298.0,-1.0,5.0,MEDIUM,5.0,MEDIUM,True,harvest_poor,False
8,Spielberg,Austrian Grand Prix,5,S1,ANT,Mercedes,LEC,Ferrari,0.438,300.0,295.0,5.0,5.0,MEDIUM,5.0,MEDIUM,True,harvest_poor,False
8,Spielberg,Austrian Grand Prix,5,S1,PIA,McLaren,ANT,Mercedes,0.886,309.0,300.0,9.0,5.0,MEDIUM,5.0,MEDIUM,True,harvest_poor,False
8,Spielberg,Austrian Grand Prix,5,S1,NOR,McLaren,PIA,McLaren,0.958,309.0,309.0,0.0,5.0,MEDIUM,5.0,MEDIUM,True,harvest_poor,False
8,Spielberg,Austrian Grand Prix,5,S1,LIN,Racing Bulls,LAW,Racing Bulls,0.501,292.0,298.0,-6.0,5.0,MEDIUM,5.0,MEDIUM,True,harvest_poor,False
8,Spielberg,Austrian Grand Prix,5,S1,BOR,Audi,OCO,Haas F1 Team,0.455,297.0,297.0,0.0,5.0,SOFT,5.0,MEDIUM,True,harvest_poor,False
8,Spielberg,Austrian Grand Prix,5,S1,GAS,Alpine,BOR,Audi,0.381,314.0,297.0,17.0,5.0,MEDIUM,5.0,SOFT,True,harvest_poor,False
8,Spielberg,Austrian Grand Prix,5,S1,HUL,Audi,GAS,Alpine,0.483,299.0,314.0,-15.0,5.0,MEDIUM,5.0,MEDIUM,True,harvest_poor,False
8,Spielberg,Austrian Grand Prix,5,S1,BEA,Haas F1 Team,HUL,Audi,0.663,300.0,299.0,1.0,5.0,MEDIUM,5.0,MEDIUM,True,harvest_poor,False
8,Spielberg,Austrian Grand Prix,5,S1,ALB,Williams,SAI,Williams,0.783,310.0,311.0,-1.0,5.0,MEDIUM,5.0,SOFT,True,harvest_poor,False
8,Spielberg,Austrian Grand Prix,5,S1,COL,Alpine,ALB,Williams,0.681,298.0,310.0,-12.0,5.0,MEDIUM,5.0,MEDIUM,True,harvest_poor,False
8,Spielberg,Austrian Grand Prix,5,S2,HAM,Ferrari,RUS,Mercedes,0.953,297.0,298.0,-1.0,5.0,MEDIUM,5.0,MEDIUM,True,harvest_poor,False
8,Spielberg,Austrian Grand Prix,5,S2,ANT,Mercedes,LEC,Ferrari,0.6,300.0,295.0,5.0,5.0,MEDIUM,5.0,MEDIUM,True,harvest_poor,False
8,Spielberg,Austrian Grand Prix,5,S2,PIA,McLaren,ANT,Mercedes,0.937,309.0,300.0,9.0,5.0,MEDIUM,5.0,MEDIUM,True,harvest_poor,False
8,Spielberg,Austrian Grand Prix,5,S2,NOR,McLaren,PIA,McLaren,0.895,309.0,309.0,0.0,5.0,MEDIUM,5.0,MEDIUM,True,harvest_poor,False
8,Spielberg,Austrian Grand Prix,5,S2,LIN,Racing Bulls,LAW,Racing Bulls,0.668,292.0,298.0,-6.0,5.0,MEDIUM,5.0,MEDIUM,True,harvest_poor,False
8,Spielberg,Austrian Grand Prix,5,S2,BOR,Audi,OCO,Haas F1 Team,0.503,297.0,297.0,0.0,5.0,SOFT,5.0,MEDIUM,True,harvest_poor,False
8,Spielberg,Austrian Grand Prix,5,S2,GAS,Alpine,BOR,Audi,0.504,314.0,297.0,17.0,5.0,MEDIUM,5.0,SOFT,True,harvest_poor,False
8,Spielberg,Austrian Grand Prix,5,S2,HUL,Audi,GAS,Alpine,0.496,299.0,314.0,-15.0,5.0,MEDIUM,5.0,MEDIUM,True,harvest_poor,False
8,Spielberg,Austrian Grand Prix,5,S2,BEA,Haas F1 Team,HUL,Audi,0.923,300.0,299.0,1.0,5.0,MEDIUM,5.0,MEDIUM,True,harvest_poor,False
8,Spielberg,Austrian Grand Prix,5,S2,SAI,Williams,BEA,Haas F1 Team,0.705,311.0,300.0,11.0,5.0,SOFT,5.0,MEDIUM,True,harvest_poor,False
8,Spielberg,Austrian Grand Prix,5,S2,ALB,Williams,SAI,Williams,0.998,310.0,311.0,-1.0,5.0,MEDIUM,5.0,SOFT,True,harvest_poor,False
8,Spielberg,Austrian Grand Prix,5,S3,ANT,Mercedes,LEC,Ferrari,0.658,300.0,295.0,5.0,5.0,MEDIUM,5.0,MEDIUM,True,harvest_poor,False
8,Spielberg,Austrian Grand Prix,5,S3,PIA,McLaren,ANT,Mercedes,0.895,309.0,300.0,9.0,5.0,MEDIUM,5.0,MEDIUM,True,harvest_poor,False
8,Spielberg,Austrian Grand Prix,5,S3,LIN,Racing Bulls,LAW,Racing Bulls,0.826,292.0,298.0,-6.0,5.0,MEDIUM,5.0,MEDIUM,True,harvest_poor,False
8,Spielberg,Austrian Grand Prix,5,S3,BOR,Audi,OCO,Haas F1 Team,0.515,297.0,297.0,0.0,5.0,SOFT,5.0,MEDIUM,True,harvest_poor,False
8,Spielberg,Austrian Grand Prix,5,S3,GAS,Alpine,BOR,Audi,0.525,314.0,297.0,17.0,5.0,MEDIUM,5.0,SOFT,True,harvest_poor,False
8,Spielberg,Austrian Grand Prix,5,S3,HUL,Audi,GAS,Alpine,0.463,299.0,314.0,-15.0,5.0,MEDIUM,5.0,MEDIUM,True,harvest_poor,False
8,Spielberg,Austrian Grand Prix,5,S3,BEA,Haas F1 Team,HUL,Audi,0.886,300.0,299.0,1.0,5.0,MEDIUM,5.0,MEDIUM,True,harvest_poor,False
8,Spielberg,Austrian Grand Prix,6,S1,ANT,Mercedes,LEC,Ferrari,0.357,316.0,295.0,21.0,6.0,MEDIUM,6.0,MEDIUM,True,harvest_poor,False
8,Spielberg,Austrian Grand Prix,6,S1,LIN,Racing Bulls,LAW,Racing Bulls,0.724,296.0,290.0,6.0,6.0,MEDIUM,6.0,MEDIUM,True,harvest_poor,False
8,Spielberg,Austrian Grand Prix,6,S1,BOR,Audi,OCO,Haas F1 Team,0.558,299.0,296.0,3.0,6.0,SOFT,6.0,MEDIUM,True,harvest_poor,False
8,Spielberg,Austrian Grand Prix,6,S1,GAS,Alpine,BOR,Audi,0.378,316.0,299.0,17.0,6.0,MEDIUM,6.0,SOFT,True,harvest_poor,False
8,Spielberg,Austrian Grand Prix,6,S1,HUL,Audi,GAS,Alpine,0.562,296.0,316.0,-20.0,6.0,MEDIUM,6.0,MEDIUM,True,harvest_poor,False
8,Spielberg,Austrian Grand Prix,6,S1,BEA,Haas F1 Team,HUL,Audi,0.837,297.0,296.0,1.0,6.0,MEDIUM,6.0,MEDIUM,True,harvest_poor,False
8,Spielberg,Austrian Grand Prix,6,S1,ALB,Williams,SAI,Williams,0.995,304.0,311.0,-7.0,6.0,MEDIUM,6.0,SOFT,True,harvest_poor,False
8,Spielberg,Austrian Grand Prix,6,S2,ANT,Mercedes,LEC,Ferrari,0.734,316.0,295.0,21.0,6.0,MEDIUM,6.0,MEDIUM,True,harvest_poor,False
8,Spielberg,Austrian Grand Prix,6,S2,PIA,McLaren,ANT,Mercedes,0.843,311.0,316.0,-5.0,6.0,MEDIUM,6.0,MEDIUM,True,harvest_poor,False
8,Spielberg,Austrian Grand Prix,6,S2,LIN,Racing Bulls,LAW,Racing Bulls,0.799,296.0,290.0,6.0,6.0,MEDIUM,6.0,MEDIUM,True,harvest_poor,False
8,Spielberg,Austrian Grand Prix,6,S2,BOR,Audi,OCO,Haas F1 Team,0.44,299.0,296.0,3.0,6.0,SOFT,6.0,MEDIUM,True,harvest_poor,False
8,Spielberg,Austrian Grand Prix,6,S2,GAS,Alpine,BOR,Audi,0.628,316.0,299.0,17.0,6.0,MEDIUM,6.0,SOFT,True,harvest_poor,False
8,Spielberg,Austrian Grand Prix,6,S2,HUL,Audi,GAS,Alpine,0.706,296.0,316.0,-20.0,6.0,MEDIUM,6.0,MEDIUM,True,harvest_poor,False
8,Spielberg,Austrian Grand Prix,6,S2,BEA,Haas F1 Team,HUL,Audi,0.938,297.0,296.0,1.0,6.0,MEDIUM,6.0,MEDIUM,True,harvest_poor,False
8,Spielberg,Austrian Grand Prix,6,S2,SAI,Williams,BEA,Haas F1 Team,0.715,311.0,297.0,14.0,6.0,SOFT,6.0,MEDIUM,True,harvest_poor,False
8,Spielberg,Austrian Grand Prix,6,S3,ANT,Mercedes,LEC,Ferrari,0.727,316.0,295.0,21.0,6.0,MEDIUM,6.0,MEDIUM,True,harvest_poor,False
8,Spielberg,Austrian Grand Prix,6,S3,PIA,McLaren,ANT,Mercedes,1.0,311.0,316.0,-5.0,6.0,MEDIUM,6.0,MEDIUM,True,harvest_poor,False
8,Spielberg,Austrian Grand Prix,6,S3,LIN,Racing Bulls,LAW,Racing Bulls,0.895,296.0,290.0,6.0,6.0,MEDIUM,6.0,MEDIUM,True,harvest_poor,False
8,Spielberg,Austrian Grand Prix,6,S3,BOR,Audi,OCO,Haas F1 Team,0.115,299.0,296.0,3.0,6.0,SOFT,6.0,MEDIUM,True,harvest_poor,False
8,Spielberg,Austrian Grand Prix,6,S3,GAS,Alpine,BOR,Audi,0.865,316.0,299.0,17.0,6.0,MEDIUM,6.0,SOFT,True,harvest_poor,False
8,Spielberg,Austrian Grand Prix,6,S3,HUL,Audi,GAS,Alpine,0.789,296.0,316.0,-20.0,6.0,MEDIUM,6.0,MEDIUM,True,harvest_poor,False
8,Spielberg,Austrian Grand Prix,6,S3,BEA,Haas F1 Team,HUL,Audi,0.824,297.0,296.0,1.0,6.0,MEDIUM,6.0,MEDIUM,True,harvest_poor,False
8,Spielberg,Austrian Grand Prix,6,S3,SAI,Williams,BEA,Haas F1 Team,0.934,311.0,297.0,14.0,6.0,SOFT,6.0,MEDIUM,True,harvest_poor,False
8,Spielberg,Austrian Grand Prix,6,S3,COL,Alpine,ALB,Williams,0.92,300.0,304.0,-4.0,6.0,MEDIUM,6.0,MEDIUM,True,harvest_poor,False
8,Spielberg,Austrian Grand Prix,7,S1,VER,Red Bull Racing,HAM,Ferrari,0.987,299.0,292.0,7.0,7.0,MEDIUM,7.0,MEDIUM,True,harvest_poor,False
8,Spielberg,Austrian Grand Prix,7,S1,ANT,Mercedes,LEC,Ferrari,0.614,314.0,314.0,0.0,7.0,MEDIUM,7.0,MEDIUM,True,harvest_poor,False
8,Spielberg,Austrian Grand Prix,7,S1,PIA,McLaren,ANT,Mercedes,0.981,308.0,314.0,-6.0,7.0,MEDIUM,7.0,MEDIUM,True,harvest_poor,False
8,Spielberg,Austrian Grand Prix,7,S1,LIN,Racing Bulls,LAW,Racing Bulls,0.92,292.0,296.0,-4.0,7.0,MEDIUM,7.0,MEDIUM,True,harvest_poor,False
8,Spielberg,Austrian Grand Prix,7,S1,BOR,Audi,OCO,Haas F1 Team,0.107,305.0,291.0,14.0,7.0,SOFT,7.0,MEDIUM,True,harvest_poor,True
8,Spielberg,Austrian Grand Prix,7,S1,GAS,Alpine,BOR,Audi,0.881,311.0,305.0,6.0,7.0,MEDIUM,7.0,SOFT,True,harvest_poor,False
8,Spielberg,Austrian Grand Prix,7,S1,HUL,Audi,GAS,Alpine,0.684,297.0,311.0,-14.0,7.0,MEDIUM,7.0,MEDIUM,True,harvest_poor,False
8,Spielberg,Austrian Grand Prix,7,S1,BEA,Haas F1 Team,HUL,Audi,0.69,302.0,297.0,5.0,7.0,MEDIUM,7.0,MEDIUM,True,harvest_poor,False
8,Spielberg,Austrian Grand Prix,7,S1,COL,Alpine,ALB,Williams,0.92,301.0,303.0,-2.0,7.0,MEDIUM,7.0,MEDIUM,True,harvest_poor,False
8,Spielberg,Austrian Grand Prix,7,S2,VER,Red Bull Racing,HAM,Ferrari,0.875,299.0,292.0,7.0,7.0,MEDIUM,7.0,MEDIUM,True,harvest_poor,False
8,Spielberg,Austrian Grand Prix,7,S2,ANT,Mercedes,LEC,Ferrari,0.323,314.0,314.0,0.0,7.0,MEDIUM,7.0,MEDIUM,True,harvest_poor,True
8,Spielberg,Austrian Grand Prix,7,S2,PIA,McLaren,ANT,Mercedes,0.89,308.0,314.0,-6.0,7.0,MEDIUM,7.0,MEDIUM,True,harvest_poor,False
8,Spielberg,Austrian Grand Prix,7,S2,OCO,Haas F1 Team,BOR,Audi,0.554,291.0,305.0,-14.0,7.0,MEDIUM,7.0,SOFT,True,harvest_poor,False
8,Spielberg,Austrian Grand Prix,7,S2,GAS,Alpine,OCO,Haas F1 Team,0.485,311.0,291.0,20.0,7.0,MEDIUM,7.0,MEDIUM,True,harvest_poor,False
8,Spielberg,Austrian Grand Prix,7,S2,HUL,Audi,GAS,Alpine,0.59,297.0,311.0,-14.0,7.0,MEDIUM,7.0,MEDIUM,True,harvest_poor,False
8,Spielberg,Austrian Grand Prix,7,S2,SAI,Williams,BEA,Haas F1 Team,0.679,311.0,302.0,9.0,7.0,SOFT,7.0,MEDIUM,True,harvest_poor,False
8,Spielberg,Austrian Grand Prix,7,S2,COL,Alpine,ALB,Williams,0.987,301.0,303.0,-2.0,7.0,MEDIUM,7.0,MEDIUM,True,harvest_poor,False
8,Spielberg,Austrian Grand Prix,7,S3,VER,Red Bull Racing,HAM,Ferrari,0.832,299.0,292.0,7.0,7.0,MEDIUM,7.0,MEDIUM,True,harvest_poor,False
8,Spielberg,Austrian Grand Prix,7,S3,LEC,Ferrari,ANT,Mercedes,0.617,314.0,314.0,0.0,7.0,MEDIUM,7.0,MEDIUM,True,harvest_poor,False
8,Spielberg,Austrian Grand Prix,7,S3,PIA,McLaren,LEC,Ferrari,0.549,308.0,314.0,-6.0,7.0,MEDIUM,7.0,MEDIUM,True,harvest_poor,False
8,Spielberg,Austrian Grand Prix,7,S3,GAS,Alpine,OCO,Haas F1 Team,0.61,311.0,291.0,20.0,7.0,MEDIUM,7.0,MEDIUM,True,harvest_poor,False
8,Spielberg,Austrian Grand Prix,7,S3,HUL,Audi,GAS,Alpine,0.502,297.0,311.0,-14.0,7.0,MEDIUM,7.0,MEDIUM,True,harvest_poor,False
8,Spielberg,Austrian Grand Prix,7,S3,BEA,Haas F1 Team,HUL,Audi,0.898,302.0,297.0,5.0,7.0,MEDIUM,7.0,MEDIUM,True,harvest_poor,False
8,Spielberg,Austrian Grand Prix,7,S3,COL,Alpine,ALB,Williams,0.568,301.0,303.0,-2.0,7.0,MEDIUM,7.0,MEDIUM,True,harvest_poor,False
8,Spielberg,Austrian Grand Prix,8,S1,VER,Red Bull Racing,HAM,Ferrari,0.577,301.0,291.0,10.0,8.0,MEDIUM,8.0,MEDIUM,True,harvest_poor,False
8,Spielberg,Austrian Grand Prix,8,S1,LEC,Ferrari,ANT,Mercedes,0.93,298.0,312.0,-14.0,8.0,MEDIUM,8.0,MEDIUM,True,harvest_poor,False
8,Spielberg,Austrian Grand Prix,8,S1,PIA,McLaren,LEC,Ferrari,0.536,308.0,298.0,10.0,8.0,MEDIUM,8.0,MEDIUM,True,harvest_poor,False
8,Spielberg,Austrian Grand Prix,8,S1,GAS,Alpine,OCO,Haas F1 Team,0.504,313.0,295.0,18.0,8.0,MEDIUM,8.0,MEDIUM,True,harvest_poor,False
8,Spielberg,Austrian Grand Prix,8,S1,HUL,Audi,GAS,Alpine,0.551,298.0,313.0,-15.0,8.0,MEDIUM,8.0,MEDIUM,True,harvest_poor,False
8,Spielberg,Austrian Grand Prix,8,S1,BEA,Haas F1 Team,HUL,Audi,0.795,303.0,298.0,5.0,8.0,MEDIUM,8.0,MEDIUM,True,harvest_poor,False
8,Spielberg,Austrian Grand Prix,8,S1,COL,Alpine,ALB,Williams,0.508,302.0,304.0,-2.0,8.0,MEDIUM,8.0,MEDIUM,True,harvest_poor,False
8,Spielberg,Austrian Grand Prix,8,S2,VER,Red Bull Racing,HAM,Ferrari,0.666,301.0,291.0,10.0,8.0,MEDIUM,8.0,MEDIUM,True,harvest_poor,False
8,Spielberg,Austrian Grand Prix,8,S2,PIA,McLaren,LEC,Ferrari,0.607,308.0,298.0,10.0,8.0,MEDIUM,8.0,MEDIUM,True,harvest_poor,False
8,Spielberg,Austrian Grand Prix,8,S2,GAS,Alpine,OCO,Haas F1 Team,0.561,313.0,295.0,18.0,8.0,MEDIUM,8.0,MEDIUM,True,harvest_poor,False
8,Spielberg,Austrian Grand Prix,8,S2,HUL,Audi,GAS,Alpine,0.666,298.0,313.0,-15.0,8.0,MEDIUM,8.0,MEDIUM,True,harvest_poor,False
8,Spielberg,Austrian Grand Prix,8,S2,SAI,Williams,BEA,Haas F1 Team,0.82,309.0,303.0,6.0,8.0,SOFT,8.0,MEDIUM,True,harvest_poor,False
8,Spielberg,Austrian Grand Prix,8,S2,COL,Alpine,ALB,Williams,0.47,302.0,304.0,-2.0,8.0,MEDIUM,8.0,MEDIUM,True,harvest_poor,False
8,Spielberg,Austrian Grand Prix,8,S3,VER,Red Bull Racing,HAM,Ferrari,0.687,301.0,291.0,10.0,8.0,MEDIUM,8.0,MEDIUM,True,harvest_poor,False
8,Spielberg,Austrian Grand Prix,8,S3,GAS,Alpine,OCO,Haas F1 Team,0.577,313.0,295.0,18.0,8.0,MEDIUM,8.0,MEDIUM,True,harvest_poor,False
8,Spielberg,Austrian Grand Prix,8,S3,HUL,Audi,GAS,Alpine,0.664,298.0,313.0,-15.0,8.0,MEDIUM,8.0,MEDIUM,True,harvest_poor,False
8,Spielberg,Austrian Grand Prix,8,S3,SAI,Williams,BEA,Haas F1 Team,0.893,309.0,303.0,6.0,8.0,SOFT,8.0,MEDIUM,True,harvest_poor,False
8,Spielberg,Austrian Grand Prix,8,S3,COL,Alpine,ALB,Williams,0.503,302.0,304.0,-2.0,8.0,MEDIUM,8.0,MEDIUM,True,harvest_poor,False
8,Spielberg,Austrian Grand Prix,9,S1,VER,Red Bull Racing,HAM,Ferrari,0.414,299.0,291.0,8.0,9.0,MEDIUM,9.0,MEDIUM,True,harvest_poor,False
8,Spielberg,Austrian Grand Prix,9,S1,PIA,McLaren,LEC,Ferrari,0.948,308.0,295.0,13.0,9.0,MEDIUM,9.0,MEDIUM,True,harvest_poor,False
8,Spielberg,Austrian Grand Prix,9,S1,HAD,Red Bull Racing,NOR,McLaren,0.944,307.0,305.0,2.0,9.0,MEDIUM,9.0,MEDIUM,True,harvest_poor,False
8,Spielberg,Austrian Grand Prix,9,S1,GAS,Alpine,OCO,Haas F1 Team,0.343,306.0,294.0,12.0,9.0,MEDIUM,9.0,MEDIUM,True,harvest_poor,False
8,Spielberg,Austrian Grand Prix,9,S1,HUL,Audi,GAS,Alpine,0.8,297.0,306.0,-9.0,9.0,MEDIUM,9.0,MEDIUM,True,harvest_poor,False
8,Spielberg,Austrian Grand Prix,9,S1,SAI,Williams,BEA,Haas F1 Team,0.842,306.0,300.0,6.0,9.0,SOFT,9.0,MEDIUM,True,harvest_poor,False
8,Spielberg,Austrian Grand Prix,9,S1,COL,Alpine,ALB,Williams,0.73,311.0,317.0,-6.0,9.0,MEDIUM,9.0,MEDIUM,True,harvest_poor,False
8,Spielberg,Austrian Grand Prix,9,S2,VER,Red Bull Racing,HAM,Ferrari,0.584,299.0,291.0,8.0,9.0,MEDIUM,9.0,MEDIUM,True,harvest_poor,False
8,Spielberg,Austrian Grand Prix,9,S2,GAS,Alpine,OCO,Haas F1 Team,0.445,306.0,294.0,12.0,9.0,MEDIUM,9.0,MEDIUM,True,harvest_poor,False
8,Spielberg,Austrian Grand Prix,9,S2,HUL,Audi,GAS,Alpine,0.528,297.0,306.0,-9.0,9.0,MEDIUM,9.0,MEDIUM,True,harvest_poor,False
8,Spielberg,Austrian Grand Prix,9,S2,SAI,Williams,BEA,Haas F1 Team,0.634,306.0,300.0,6.0,9.0,SOFT,9.0,MEDIUM,True,harvest_poor,False
8,Spielberg,Austrian Grand Prix,9,S2,COL,Alpine,ALB,Williams,0.626,311.0,317.0,-6.0,9.0,MEDIUM,9.0,MEDIUM,True,harvest_poor,False
8,Spielberg,Austrian Grand Prix,9,S3,VER,Red Bull Racing,HAM,Ferrari,0.6,299.0,291.0,8.0,9.0,MEDIUM,9.0,MEDIUM,True,harvest_poor,False
8,Spielberg,Austrian Grand Prix,9,S3,HAD,Red Bull Racing,NOR,McLaren,0.937,307.0,305.0,2.0,9.0,MEDIUM,9.0,MEDIUM,True,harvest_poor,False
8,Spielberg,Austrian Grand Prix,9,S3,GAS,Alpine,OCO,Haas F1 Team,0.544,306.0,294.0,12.0,9.0,MEDIUM,9.0,MEDIUM,True,harvest_poor,False
8,Spielberg,Austrian Grand Prix,9,S3,HUL,Audi,GAS,Alpine,0.306,297.0,306.0,-9.0,9.0,MEDIUM,9.0,MEDIUM,True,harvest_poor,False
8,Spielberg,Austrian Grand Prix,9,S3,SAI,Williams,BEA,Haas F1 Team,0.821,306.0,300.0,6.0,9.0,SOFT,9.0,MEDIUM,True,harvest_poor,False
8,Spielberg,Austrian Grand Prix,9,S3,COL,Alpine,ALB,Williams,0.467,311.0,317.0,-6.0,9.0,MEDIUM,9.0,MEDIUM,True,harvest_poor,False
8,Spielberg,Austrian Grand Prix,10,S1,VER,Red Bull Racing,HAM,Ferrari,0.357,306.0,291.0,15.0,10.0,MEDIUM,10.0,MEDIUM,True,harvest_poor,False
8,Spielberg,Austrian Grand Prix,10,S1,HAD,Red Bull Racing,NOR,McLaren,0.636,307.0,304.0,3.0,10.0,MEDIUM,10.0,MEDIUM,True,harvest_poor,False
8,Spielberg,Austrian Grand Prix,10,S1,GAS,Alpine,OCO,Haas F1 Team,0.354,318.0,295.0,23.0,10.0,MEDIUM,10.0,MEDIUM,True,harvest_poor,False
8,Spielberg,Austrian Grand Prix,10,S1,HUL,Audi,GAS,Alpine,0.197,333.0,318.0,15.0,10.0,MEDIUM,10.0,MEDIUM,True,harvest_poor,False
8,Spielberg,Austrian Grand Prix,10,S1,SAI,Williams,BEA,Haas F1 Team,0.969,310.0,299.0,11.0,10.0,SOFT,10.0,MEDIUM,True,harvest_poor,False
8,Spielberg,Austrian Grand Prix,10,S1,COL,Alpine,ALB,Williams,0.6,316.0,315.0,1.0,10.0,MEDIUM,10.0,MEDIUM,True,harvest_poor,False
8,Spielberg,Austrian Grand Prix,10,S2,VER,Red Bull Racing,HAM,Ferrari,0.506,306.0,291.0,15.0,10.0,MEDIUM,10.0,MEDIUM,True,harvest_poor,False
8,Spielberg,Austrian Grand Prix,10,S2,GAS,Alpine,OCO,Haas F1 Team,0.62,318.0,295.0,23.0,10.0,MEDIUM,10.0,MEDIUM,True,harvest_poor,False
8,Spielberg,Austrian Grand Prix,10,S2,HUL,Audi,GAS,Alpine,0.446,333.0,318.0,15.0,10.0,MEDIUM,10.0,MEDIUM,True,harvest_poor,False
8,Spielberg,Austrian Grand Prix,10,S2,SAI,Williams,BEA,Haas F1 Team,0.296,310.0,299.0,11.0,10.0,SOFT,10.0,MEDIUM,True,harvest_poor,False
8,Spielberg,Austrian Grand Prix,10,S2,COL,Alpine,ALB,Williams,0.794,316.0,315.0,1.0,10.0,MEDIUM,10.0,MEDIUM,True,harvest_poor,False
8,Spielberg,Austrian Grand Prix,10,S3,VER,Red Bull Racing,HAM,Ferrari,0.639,306.0,291.0,15.0,10.0,MEDIUM,10.0,MEDIUM,True,harvest_poor,False
8,Spielberg,Austrian Grand Prix,10,S3,GAS,Alpine,OCO,Haas F1 Team,0.543,318.0,295.0,23.0,10.0,MEDIUM,10.0,MEDIUM,True,harvest_poor,False
8,Spielberg,Austrian Grand Prix,10,S3,HUL,Audi,GAS,Alpine,0.423,333.0,318.0,15.0,10.0,MEDIUM,10.0,MEDIUM,True,harvest_poor,False
8,Spielberg,Austrian Grand Prix,10,S3,SAI,Williams,BEA,Haas F1 Team,0.666,310.0,299.0,11.0,10.0,SOFT,10.0,MEDIUM,True,harvest_poor,False
8,Spielberg,Austrian Grand Prix,10,S3,COL,Alpine,ALB,Williams,0.64,316.0,315.0,1.0,10.0,MEDIUM,10.0,MEDIUM,True,harvest_poor,False
8,Spielberg,Austrian Grand Prix,11,S1,VER,Red Bull Racing,HAM,Ferrari,0.214,274.0,301.0,-27.0,11.0,MEDIUM,11.0,MEDIUM,True,harvest_poor,False
8,Spielberg,Austrian Grand Prix,11,S1,HAD,Red Bull Racing,NOR,McLaren,0.757,308.0,306.0,2.0,11.0,MEDIUM,11.0,MEDIUM,True,harvest_poor,False
8,Spielberg,Austrian Grand Prix,11,S1,GAS,Alpine,OCO,Haas F1 Team,0.238,294.0,308.0,-14.0,11.0,MEDIUM,11.0,MEDIUM,True,harvest_poor,False
8,Spielberg,Austrian Grand Prix,11,S1,HUL,Audi,GAS,Alpine,0.653,293.0,294.0,-1.0,11.0,MEDIUM,11.0,MEDIUM,True,harvest_poor,False
8,Spielberg,Austrian Grand Prix,11,S1,SAI,Williams,BEA,Haas F1 Team,0.687,325.0,297.0,28.0,11.0,SOFT,11.0,MEDIUM,True,harvest_poor,False
8,Spielberg,Austrian Grand Prix,11,S1,COL,Alpine,ALB,Williams,0.808,313.0,320.0,-7.0,11.0,MEDIUM,11.0,MEDIUM,True,harvest_poor,False
8,Spielberg,Austrian Grand Prix,11,S2,VER,Red Bull Racing,HAM,Ferrari,0.033,274.0,301.0,-27.0,11.0,MEDIUM,11.0,MEDIUM,True,harvest_poor,False
8,Spielberg,Austrian Grand Prix,11,S2,GAS,Alpine,OCO,Haas F1 Team,0.494,294.0,308.0,-14.0,11.0,MEDIUM,11.0,MEDIUM,True,harvest_poor,False
8,Spielberg,Austrian Grand Prix,11,S2,HUL,Audi,GAS,Alpine,0.338,293.0,294.0,-1.0,11.0,MEDIUM,11.0,MEDIUM,True,harvest_poor,False
8,Spielberg,Austrian Grand Prix,11,S2,SAI,Williams,BEA,Haas F1 Team,0.497,325.0,297.0,28.0,11.0,SOFT,11.0,MEDIUM,True,harvest_poor,False
8,Spielberg,Austrian Grand Prix,11,S2,COL,Alpine,ALB,Williams,0.543,313.0,320.0,-7.0,11.0,MEDIUM,11.0,MEDIUM,True,harvest_poor,False
8,Spielberg,Austrian Grand Prix,11,S3,VER,Red Bull Racing,HAM,Ferrari,0.532,274.0,301.0,-27.0,11.0,MEDIUM,11.0,MEDIUM,True,harvest_poor,False
8,Spielberg,Austrian Grand Prix,11,S3,GAS,Alpine,OCO,Haas F1 Team,0.588,294.0,308.0,-14.0,11.0,MEDIUM,11.0,MEDIUM,True,harvest_poor,False
8,Spielberg,Austrian Grand Prix,11,S3,HUL,Audi,GAS,Alpine,0.461,293.0,294.0,-1.0,11.0,MEDIUM,11.0,MEDIUM,True,harvest_poor,False
8,Spielberg,Austrian Grand Prix,11,S3,SAI,Williams,BEA,Haas F1 Team,0.923,325.0,297.0,28.0,11.0,SOFT,11.0,MEDIUM,True,harvest_poor,False
8,Spielberg,Austrian Grand Prix,11,S3,COL,Alpine,ALB,Williams,0.387,313.0,320.0,-7.0,11.0,MEDIUM,11.0,MEDIUM,True,harvest_poor,False
8,Spielberg,Austrian Grand Prix,12,S1,VER,Red Bull Racing,HAM,Ferrari,0.376,298.0,294.0,4.0,12.0,MEDIUM,12.0,MEDIUM,True,harvest_poor,False
8,Spielberg,Austrian Grand Prix,12,S1,GAS,Alpine,OCO,Haas F1 Team,0.301,304.0,295.0,9.0,12.0,MEDIUM,12.0,MEDIUM,True,harvest_poor,False
8,Spielberg,Austrian Grand Prix,12,S1,HUL,Audi,GAS,Alpine,0.562,294.0,304.0,-10.0,12.0,MEDIUM,12.0,MEDIUM,True,harvest_poor,False
8,Spielberg,Austrian Grand Prix,12,S1,COL,Alpine,ALB,Williams,0.479,314.0,314.0,0.0,12.0,MEDIUM,12.0,MEDIUM,True,harvest_poor,False
8,Spielberg,Austrian Grand Prix,12,S2,VER,Red Bull Racing,HAM,Ferrari,0.494,298.0,294.0,4.0,12.0,MEDIUM,12.0,MEDIUM,True,harvest_poor,True
8,Spielberg,Austrian Grand Prix,12,S2,GAS,Alpine,OCO,Haas F1 Team,0.601,304.0,295.0,9.0,12.0,MEDIUM,12.0,MEDIUM,True,harvest_poor,False
8,Spielberg,Austrian Grand Prix,12,S2,HUL,Audi,GAS,Alpine,0.469,294.0,304.0,-10.0,12.0,MEDIUM,12.0,MEDIUM,True,harvest_poor,False
8,Spielberg,Austrian Grand Prix,12,S2,SAI,Williams,BEA,Haas F1 Team,0.7,310.0,296.0,14.0,12.0,SOFT,12.0,MEDIUM,True,harvest_poor,False
8,Spielberg,Austrian Grand Prix,12,S2,COL,Alpine,ALB,Williams,0.728,314.0,314.0,0.0,12.0,MEDIUM,12.0,MEDIUM,True,harvest_poor,False
8,Spielberg,Austrian Grand Prix,12,S3,LEC,Ferrari,HAM,Ferrari,0.49,283.0,294.0,-11.0,12.0,MEDIUM,12.0,MEDIUM,True,harvest_poor,True
8,Spielberg,Austrian Grand Prix,12,S3,GAS,Alpine,OCO,Haas F1 Team,0.604,304.0,295.0,9.0,12.0,MEDIUM,12.0,MEDIUM,True,harvest_poor,False
8,Spielberg,Austrian Grand Prix,12,S3,HUL,Audi,GAS,Alpine,0.655,294.0,304.0,-10.0,12.0,MEDIUM,12.0,MEDIUM,True,harvest_poor,False
8,Spielberg,Austrian Grand Prix,12,S3,SAI,Williams,BEA,Haas F1 Team,0.911,310.0,296.0,14.0,12.0,SOFT,12.0,MEDIUM,True,harvest_poor,False
8,Spielberg,Austrian Grand Prix,12,S3,COL,Alpine,ALB,Williams,0.594,314.0,314.0,0.0,12.0,MEDIUM,12.0,MEDIUM,True,harvest_poor,False
8,Spielberg,Austrian Grand Prix,13,S1,GAS,Alpine,OCO,Haas F1 Team,0.453,307.0,296.0,11.0,13.0,MEDIUM,13.0,MEDIUM,True,harvest_poor,False
8,Spielberg,Austrian Grand Prix,13,S1,HUL,Audi,GAS,Alpine,0.573,299.0,307.0,-8.0,13.0,MEDIUM,13.0,MEDIUM,True,harvest_poor,False
8,Spielberg,Austrian Grand Prix,13,S1,COL,Alpine,ALB,Williams,0.729,309.0,321.0,-12.0,13.0,MEDIUM,13.0,MEDIUM,True,harvest_poor,False
8,Spielberg,Austrian Grand Prix,13,S2,GAS,Alpine,OCO,Haas F1 Team,0.559,307.0,296.0,11.0,13.0,MEDIUM,13.0,MEDIUM,True,harvest_poor,False
8,Spielberg,Austrian Grand Prix,13,S2,HUL,Audi,GAS,Alpine,0.55,299.0,307.0,-8.0,13.0,MEDIUM,13.0,MEDIUM,True,harvest_poor,True
8,Spielberg,Austrian Grand Prix,13,S2,SAI,Williams,BEA,Haas F1 Team,0.733,311.0,298.0,13.0,13.0,SOFT,13.0,MEDIUM,True,harvest_poor,False
8,Spielberg,Austrian Grand Prix,13,S3,LEC,Ferrari,HAD,Red Bull Racing,0.156,286.0,307.0,-21.0,13.0,MEDIUM,13.0,MEDIUM,True,harvest_poor,False
8,Spielberg,Austrian Grand Prix,13,S3,HAM,Ferrari,BOR,Audi,0.272,303.0,299.0,4.0,1.0,HARD,13.0,SOFT,True,harvest_poor,True
8,Spielberg,Austrian Grand Prix,13,S3,SAI,Williams,BEA,Haas F1 Team,0.977,311.0,298.0,13.0,13.0,SOFT,13.0,MEDIUM,True,harvest_poor,False
8,Spielberg,Austrian Grand Prix,13,S3,GAS,Alpine,SAI,Williams,0.908,307.0,311.0,-4.0,13.0,MEDIUM,13.0,SOFT,True,harvest_poor,False
8,Spielberg,Austrian Grand Prix,13,S3,ALB,Williams,GAS,Alpine,0.927,321.0,307.0,14.0,13.0,MEDIUM,13.0,MEDIUM,True,harvest_poor,True
8,Spielberg,Austrian Grand Prix,13,S3,COL,Alpine,ALB,Williams,0.869,309.0,321.0,-12.0,13.0,MEDIUM,13.0,MEDIUM,True,harvest_poor,False
8,Spielberg,Austrian Grand Prix,14,S1,BOR,Audi,HAM,Ferrari,0.351,303.0,292.0,11.0,14.0,SOFT,2.0,HARD,True,harvest_poor,False
8,Spielberg,Austrian Grand Prix,14,S1,SAI,Williams,BEA,Haas F1 Team,0.876,310.0,298.0,12.0,14.0,SOFT,14.0,MEDIUM,True,harvest_poor,False
8,Spielberg,Austrian Grand Prix,14,S1,COL,Alpine,ALB,Williams,0.924,317.0,306.0,11.0,14.0,MEDIUM,14.0,MEDIUM,True,harvest_poor,False
8,Spielberg,Austrian Grand Prix,14,S2,HUL,Audi,OCO,Haas F1 Team,0.73,304.0,298.0,6.0,14.0,MEDIUM,14.0,MEDIUM,True,harvest_poor,False
8,Spielberg,Austrian Grand Prix,14,S2,SAI,Williams,BEA,Haas F1 Team,0.665,310.0,298.0,12.0,14.0,SOFT,14.0,MEDIUM,True,harvest_poor,False
8,Spielberg,Austrian Grand Prix,14,S3,HUL,Audi,OCO,Haas F1 Team,0.563,304.0,298.0,6.0,14.0,MEDIUM,14.0,MEDIUM,True,harvest_poor,False
8,Spielberg,Austrian Grand Prix,14,S3,COL,Alpine,SAI,Williams,0.221,317.0,310.0,7.0,14.0,MEDIUM,14.0,SOFT,True,harvest_poor,True
8,Spielberg,Austrian Grand Prix,15,S1,HUL,Audi,OCO,Haas F1 Team,0.526,312.0,296.0,16.0,15.0,MEDIUM,15.0,MEDIUM,True,harvest_poor,False
8,Spielberg,Austrian Grand Prix,15,S2,HAM,Ferrari,LIN,Racing Bulls,0.518,298.0,302.0,-4.0,3.0,HARD,15.0,MEDIUM,True,harvest_poor,False
8,Spielberg,Austrian Grand Prix,15,S2,HUL,Audi,OCO,Haas F1 Team,0.396,312.0,296.0,16.0,15.0,MEDIUM,15.0,MEDIUM,True,harvest_poor,False
8,Spielberg,Austrian Grand Prix,15,S3,HAM,Ferrari,LIN,Racing Bulls,0.325,298.0,302.0,-4.0,3.0,HARD,15.0,MEDIUM,True,harvest_poor,False
8,Spielberg,Austrian Grand Prix,15,S3,HUL,Audi,OCO,Haas F1 Team,0.354,312.0,296.0,16.0,15.0,MEDIUM,15.0,MEDIUM,True,harvest_poor,False
8,Spielberg,Austrian Grand Prix,16,S1,HAM,Ferrari,LIN,Racing Bulls,0.136,298.0,294.0,4.0,4.0,HARD,16.0,MEDIUM,True,harvest_poor,True
8,Spielberg,Austrian Grand Prix,16,S1,HUL,Audi,OCO,Haas F1 Team,0.345,316.0,295.0,21.0,16.0,MEDIUM,16.0,MEDIUM,True,harvest_poor,True
8,Spielberg,Austrian Grand Prix,16,S1,GAS,Alpine,STR,Aston Martin,0.24,306.0,291.0,15.0,3.0,HARD,16.0,MEDIUM,True,harvest_poor,True
8,Spielberg,Austrian Grand Prix,16,S2,OCO,Haas F1 Team,HUL,Audi,0.231,295.0,316.0,-21.0,16.0,MEDIUM,16.0,MEDIUM,True,harvest_poor,False
8,Spielberg,Austrian Grand Prix,16,S2,GAS,Alpine,ALO,Aston Martin,0.776,306.0,283.0,23.0,3.0,HARD,16.0,MEDIUM,True,harvest_poor,False
8,Spielberg,Austrian Grand Prix,16,S3,OCO,Haas F1 Team,HUL,Audi,0.863,295.0,316.0,-21.0,16.0,MEDIUM,16.0,MEDIUM,True,harvest_poor,False
8,Spielberg,Austrian Grand Prix,16,S3,GAS,Alpine,ALO,Aston Martin,0.295,306.0,283.0,23.0,3.0,HARD,16.0,MEDIUM,True,harvest_poor,True
8,Spielberg,Austrian Grand Prix,17,S1,OCO,Haas F1 Team,HUL,Audi,0.477,299.0,291.0,8.0,17.0,MEDIUM,17.0,MEDIUM,True,harvest_poor,False
8,Spielberg,Austrian Grand Prix,17,S1,ALO,Aston Martin,GAS,Alpine,0.374,289.0,302.0,-13.0,17.0,MEDIUM,4.0,HARD,True,harvest_poor,False
8,Spielberg,Austrian Grand Prix,17,S2,HAM,Ferrari,LAW,Racing Bulls,0.767,296.0,302.0,-6.0,5.0,HARD,17.0,MEDIUM,True,harvest_poor,False
8,Spielberg,Austrian Grand Prix,17,S2,LEC,Ferrari,BOR,Audi,0.556,297.0,300.0,-3.0,4.0,HARD,17.0,SOFT,True,harvest_poor,True
8,Spielberg,Austrian Grand Prix,17,S2,OCO,Haas F1 Team,HUL,Audi,0.851,299.0,291.0,8.0,17.0,MEDIUM,17.0,MEDIUM,True,harvest_poor,False
8,Spielberg,Austrian Grand Prix,17,S3,HAM,Ferrari,LAW,Racing Bulls,0.414,296.0,302.0,-6.0,5.0,HARD,17.0,MEDIUM,True,harvest_poor,False
8,Spielberg,Austrian Grand Prix,17,S3,BEA,Haas F1 Team,OCO,Haas F1 Team,0.932,300.0,299.0,1.0,17.0,MEDIUM,17.0,MEDIUM,True,harvest_poor,False
8,Spielberg,Austrian Grand Prix,18,S1,HAM,Ferrari,LAW,Racing Bulls,0.065,295.0,299.0,-4.0,6.0,HARD,18.0,MEDIUM,True,harvest_poor,True
8,Spielberg,Austrian Grand Prix,18,S1,OCO,Haas F1 Team,HUL,Audi,0.906,293.0,294.0,-1.0,18.0,MEDIUM,18.0,MEDIUM,True,harvest_poor,False
8,Spielberg,Austrian Grand Prix,18,S1,BEA,Haas F1 Team,OCO,Haas F1 Team,0.672,301.0,293.0,8.0,18.0,MEDIUM,18.0,MEDIUM,True,harvest_poor,False
8,Spielberg,Austrian Grand Prix,18,S2,BEA,Haas F1 Team,OCO,Haas F1 Team,0.99,301.0,293.0,8.0,18.0,MEDIUM,18.0,MEDIUM,True,harvest_poor,True
8,Spielberg,Austrian Grand Prix,18,S3,COL,Alpine,OCO,Haas F1 Team,0.094,304.0,293.0,11.0,18.0,MEDIUM,18.0,MEDIUM,True,harvest_poor,True
8,Spielberg,Austrian Grand Prix,18,S3,ALB,Williams,BOR,Audi,0.489,301.0,293.0,8.0,18.0,MEDIUM,1.0,MEDIUM,True,harvest_poor,False
8,Spielberg,Austrian Grand Prix,19,S1,SAI,Williams,STR,Aston Martin,0.851,326.0,286.0,40.0,5.0,MEDIUM,19.0,MEDIUM,True,harvest_poor,True
8,Spielberg,Austrian Grand Prix,19,S2,BOR,Audi,COL,Alpine,0.969,299.0,305.0,-6.0,2.0,MEDIUM,19.0,MEDIUM,True,harvest_poor,False
8,Spielberg,Austrian Grand Prix,19,S2,STR,Aston Martin,SAI,Williams,0.536,286.0,326.0,-40.0,19.0,MEDIUM,5.0,MEDIUM,True,harvest_poor,False
8,Spielberg,Austrian Grand Prix,19,S3,LIN,Racing Bulls,BEA,Haas F1 Team,0.689,299.0,297.0,2.0,1.0,HARD,19.0,MEDIUM,True,harvest_poor,False
8,Spielberg,Austrian Grand Prix,19,S3,BOR,Audi,COL,Alpine,0.547,299.0,305.0,-6.0,2.0,MEDIUM,19.0,MEDIUM,True,harvest_poor,False
8,Spielberg,Austrian Grand Prix,20,S1,BEA,Haas F1 Team,LAW,Racing Bulls,0.111,291.0,310.0,-19.0,20.0,MEDIUM,1.0,HARD,True,harvest_poor,False
8,Spielberg,Austrian Grand Prix,20,S1,LIN,Racing Bulls,BEA,Haas F1 Team,0.044,288.0,291.0,-3.0,2.0,HARD,20.0,MEDIUM,True,harvest_poor,True
8,Spielberg,Austrian Grand Prix,20,S1,BOR,Audi,COL,Alpine,0.313,317.0,305.0,12.0,3.0,MEDIUM,20.0,MEDIUM,True,harvest_poor,True
8,Spielberg,Austrian Grand Prix,20,S1,SAI,Williams,ALO,Aston Martin,0.721,324.0,297.0,27.0,6.0,MEDIUM,20.0,MEDIUM,True,harvest_poor,True
8,Spielberg,Austrian Grand Prix,20,S1,OCO,Haas F1 Team,STR,Aston Martin,0.855,296.0,285.0,11.0,2.0,MEDIUM,20.0,MEDIUM,True,harvest_poor,False
8,Spielberg,Austrian Grand Prix,20,S2,HAD,Red Bull Racing,PIA,McLaren,0.975,302.0,302.0,0.0,2.0,MEDIUM,1.0,HARD,True,harvest_poor,False
8,Spielberg,Austrian Grand Prix,20,S2,LIN,Racing Bulls,LAW,Racing Bulls,0.582,288.0,310.0,-22.0,2.0,HARD,1.0,HARD,True,harvest_poor,False
8,Spielberg,Austrian Grand Prix,20,S2,BEA,Haas F1 Team,LIN,Racing Bulls,0.823,291.0,288.0,3.0,20.0,MEDIUM,2.0,HARD,True,harvest_poor,False
8,Spielberg,Austrian Grand Prix,20,S2,ALO,Aston Martin,SAI,Williams,0.71,297.0,324.0,-27.0,20.0,MEDIUM,6.0,MEDIUM,True,harvest_poor,False
8,Spielberg,Austrian Grand Prix,20,S2,OCO,Haas F1 Team,STR,Aston Martin,0.246,296.0,285.0,11.0,2.0,MEDIUM,20.0,MEDIUM,True,harvest_poor,True
8,Spielberg,Austrian Grand Prix,20,S3,VER,Red Bull Racing,HAM,Ferrari,0.95,308.0,297.0,11.0,2.0,HARD,8.0,HARD,True,harvest_poor,False
8,Spielberg,Austrian Grand Prix,20,S3,HAD,Red Bull Racing,PIA,McLaren,0.98,302.0,302.0,0.0,2.0,MEDIUM,1.0,HARD,True,harvest_poor,False
8,Spielberg,Austrian Grand Prix,20,S3,LIN,Racing Bulls,LAW,Racing Bulls,0.571,288.0,310.0,-22.0,2.0,HARD,1.0,HARD,True,harvest_poor,False
8,Spielberg,Austrian Grand Prix,20,S3,BOR,Audi,BEA,Haas F1 Team,0.667,317.0,291.0,26.0,3.0,MEDIUM,20.0,MEDIUM,True,harvest_poor,False
8,Spielberg,Austrian Grand Prix,20,S3,STR,Aston Martin,OCO,Haas F1 Team,0.605,285.0,296.0,-11.0,20.0,MEDIUM,2.0,MEDIUM,True,harvest_poor,False
8,Spielberg,Austrian Grand Prix,21,S1,VER,Red Bull Racing,HAM,Ferrari,0.744,306.0,296.0,10.0,3.0,HARD,9.0,HARD,True,harvest_poor,False
8,Spielberg,Austrian Grand Prix,21,S1,HAD,Red Bull Racing,PIA,McLaren,0.746,302.0,300.0,2.0,3.0,MEDIUM,2.0,HARD,True,harvest_poor,False
8,Spielberg,Austrian Grand Prix,21,S1,LIN,Racing Bulls,LAW,Racing Bulls,0.548,324.0,292.0,32.0,3.0,HARD,2.0,HARD,True,harvest_poor,True
8,Spielberg,Austrian Grand Prix,21,S1,BOR,Audi,BEA,Haas F1 Team,0.432,295.0,298.0,-3.0,4.0,MEDIUM,21.0,MEDIUM,True,harvest_poor,True
8,Spielberg,Austrian Grand Prix,21,S1,STR,Aston Martin,OCO,Haas F1 Team,0.787,291.0,295.0,-4.0,21.0,MEDIUM,3.0,MEDIUM,True,harvest_poor,False
8,Spielberg,Austrian Grand Prix,21,S2,VER,Red Bull Racing,HAM,Ferrari,0.679,306.0,296.0,10.0,3.0,HARD,9.0,HARD,True,harvest_poor,False
8,Spielberg,Austrian Grand Prix,21,S2,HAD,Red Bull Racing,PIA,McLaren,0.729,302.0,300.0,2.0,3.0,MEDIUM,2.0,HARD,True,harvest_poor,False
8,Spielberg,Austrian Grand Prix,21,S2,LAW,Racing Bulls,LIN,Racing Bulls,0.438,292.0,324.0,-32.0,2.0,HARD,3.0,HARD,True,harvest_poor,False
8,Spielberg,Austrian Grand Prix,21,S2,BEA,Haas F1 Team,BOR,Audi,0.236,298.0,295.0,3.0,21.0,MEDIUM,4.0,MEDIUM,True,harvest_poor,False
8,Spielberg,Austrian Grand Prix,21,S2,STR,Aston Martin,ALB,Williams,0.814,291.0,311.0,-20.0,21.0,MEDIUM,3.0,MEDIUM,True,harvest_poor,False
8,Spielberg,Austrian Grand Prix,21,S3,VER,Red Bull Racing,HAM,Ferrari,0.507,306.0,296.0,10.0,3.0,HARD,9.0,HARD,True,harvest_poor,False
8,Spielberg,Austrian Grand Prix,21,S3,HAD,Red Bull Racing,PIA,McLaren,0.784,302.0,300.0,2.0,3.0,MEDIUM,2.0,HARD,True,harvest_poor,False
8,Spielberg,Austrian Grand Prix,21,S3,LAW,Racing Bulls,LIN,Racing Bulls,0.653,292.0,324.0,-32.0,2.0,HARD,3.0,HARD,True,harvest_poor,False
8,Spielberg,Austrian Grand Prix,21,S3,HUL,Audi,BOR,Audi,0.205,298.0,295.0,3.0,21.0,MEDIUM,4.0,MEDIUM,True,harvest_poor,False
8,Spielberg,Austrian Grand Prix,21,S3,OCO,Haas F1 Team,ALO,Aston Martin,0.753,295.0,281.0,14.0,3.0,MEDIUM,21.0,MEDIUM,True,harvest_poor,False
8,Spielberg,Austrian Grand Prix,22,S1,VER,Red Bull Racing,HAM,Ferrari,0.199,286.0,303.0,-17.0,4.0,HARD,10.0,HARD,True,harvest_poor,True
8,Spielberg,Austrian Grand Prix,22,S1,HAD,Red Bull Racing,PIA,McLaren,0.685,300.0,300.0,0.0,4.0,MEDIUM,3.0,HARD,True,harvest_poor,False
8,Spielberg,Austrian Grand Prix,22,S1,LAW,Racing Bulls,LIN,Racing Bulls,0.463,305.0,311.0,-6.0,3.0,HARD,4.0,HARD,True,harvest_poor,False
8,Spielberg,Austrian Grand Prix,22,S1,OCO,Haas F1 Team,ALO,Aston Martin,0.097,291.0,286.0,5.0,4.0,MEDIUM,22.0,MEDIUM,True,harvest_poor,True
8,Spielberg,Austrian Grand Prix,22,S2,HAM,Ferrari,VER,Red Bull Racing,0.488,303.0,286.0,17.0,10.0,HARD,4.0,HARD,True,harvest_poor,False
8,Spielberg,Austrian Grand Prix,22,S2,HAD,Red Bull Racing,PIA,McLaren,0.88,300.0,300.0,0.0,4.0,MEDIUM,3.0,HARD,True,harvest_poor,False
8,Spielberg,Austrian Grand Prix,22,S2,LAW,Racing Bulls,LIN,Racing Bulls,0.74,305.0,311.0,-6.0,3.0,HARD,4.0,HARD,True,harvest_poor,False
8,Spielberg,Austrian Grand Prix,22,S2,ALB,Williams,ALO,Aston Martin,0.672,303.0,286.0,17.0,4.0,MEDIUM,22.0,MEDIUM,True,harvest_poor,False
8,Spielberg,Austrian Grand Prix,22,S2,COL,Alpine,STR,Aston Martin,0.464,307.0,288.0,19.0,2.0,HARD,22.0,MEDIUM,True,harvest_poor,True
8,Spielberg,Austrian Grand Prix,22,S3,ALB,Williams,ALO,Aston Martin,0.055,303.0,286.0,17.0,4.0,MEDIUM,22.0,MEDIUM,True,harvest_poor,True
8,Spielberg,Austrian Grand Prix,22,S3,STR,Aston Martin,COL,Alpine,0.739,288.0,307.0,-19.0,22.0,MEDIUM,2.0,HARD,True,harvest_poor,False
8,Spielberg,Austrian Grand Prix,23,S1,HAD,Red Bull Racing,PIA,McLaren,0.844,302.0,302.0,0.0,5.0,MEDIUM,4.0,HARD,True,harvest_poor,False
8,Spielberg,Austrian Grand Prix,23,S1,LAW,Racing Bulls,LIN,Racing Bulls,0.755,302.0,283.0,19.0,4.0,HARD,5.0,HARD,True,harvest_poor,False
8,Spielberg,Austrian Grand Prix,23,S1,GAS,Alpine,BEA,Haas F1 Team,0.749,311.0,294.0,17.0,10.0,HARD,23.0,MEDIUM,True,harvest_poor,False
8,Spielberg,Austrian Grand Prix,23,S1,HUL,Audi,SAI,Williams,0.732,303.0,301.0,2.0,2.0,MEDIUM,9.0,MEDIUM,True,harvest_poor,False
8,Spielberg,Austrian Grand Prix,23,S1,ALO,Aston Martin,ALB,Williams,0.778,292.0,307.0,-15.0,23.0,MEDIUM,5.0,MEDIUM,True,harvest_poor,False
8,Spielberg,Austrian Grand Prix,23,S2,LAW,Racing Bulls,LIN,Racing Bulls,0.817,302.0,283.0,19.0,4.0,HARD,5.0,HARD,True,harvest_poor,False
8,Spielberg,Austrian Grand Prix,23,S2,GAS,Alpine,BEA,Haas F1 Team,0.308,311.0,294.0,17.0,10.0,HARD,23.0,MEDIUM,True,harvest_poor,True
8,Spielberg,Austrian Grand Prix,23,S2,HUL,Audi,SAI,Williams,0.349,303.0,301.0,2.0,2.0,MEDIUM,9.0,MEDIUM,True,harvest_poor,True
8,Spielberg,Austrian Grand Prix,23,S2,COL,Alpine,ALO,Aston Martin,0.713,306.0,292.0,14.0,3.0,HARD,23.0,MEDIUM,True,harvest_poor,True
8,Spielberg,Austrian Grand Prix,23,S3,BEA,Haas F1 Team,GAS,Alpine,0.534,294.0,311.0,-17.0,23.0,MEDIUM,10.0,HARD,True,harvest_poor,False
8,Spielberg,Austrian Grand Prix,23,S3,ALO,Aston Martin,COL,Alpine,0.881,292.0,306.0,-14.0,23.0,MEDIUM,3.0,HARD,True,harvest_poor,False
8,Spielberg,Austrian Grand Prix,24,S1,HAD,Red Bull Racing,PIA,McLaren,0.981,303.0,303.0,0.0,6.0,MEDIUM,5.0,HARD,True,harvest_poor,False
8,Spielberg,Austrian Grand Prix,24,S1,LAW,Racing Bulls,LIN,Racing Bulls,0.884,303.0,290.0,13.0,5.0,HARD,6.0,HARD,True,harvest_poor,False
8,Spielberg,Austrian Grand Prix,24,S1,BEA,Haas F1 Team,GAS,Alpine,0.561,304.0,302.0,2.0,24.0,MEDIUM,11.0,HARD,True,harvest_poor,False
8,Spielberg,Austrian Grand Prix,24,S2,LAW,Racing Bulls,LIN,Racing Bulls,0.943,303.0,290.0,13.0,5.0,HARD,6.0,HARD,True,harvest_poor,False
8,Spielberg,Austrian Grand Prix,24,S3,ALO,Aston Martin,COL,Alpine,0.426,156.0,127.0,29.0,24.0,MEDIUM,4.0,HARD,True,harvest_poor,False
8,Spielberg,Austrian Grand Prix,26,S1,BEA,Haas F1 Team,HUL,Audi,0.984,315.0,298.0,17.0,2.0,HARD,5.0,MEDIUM,True,harvest_poor,False
8,Spielberg,Austrian Grand Prix,26,S3,HAD,Red Bull Racing,PIA,McLaren,0.643,189.0,248.0,-59.0,8.0,MEDIUM,7.0,HARD,True,harvest_poor,False
8,Spielberg,Austrian Grand Prix,26,S3,BEA,Haas F1 Team,HUL,Audi,0.977,315.0,298.0,17.0,2.0,HARD,5.0,MEDIUM,True,harvest_poor,False
8,Spielberg,Austrian Grand Prix,27,S1,HAD,Red Bull Racing,PIA,McLaren,0.647,319.0,305.0,14.0,9.0,MEDIUM,8.0,HARD,True,harvest_poor,False
8,Spielberg,Austrian Grand Prix,27,S1,BEA,Haas F1 Team,HUL,Audi,0.822,302.0,298.0,4.0,3.0,HARD,6.0,MEDIUM,True,harvest_poor,False
8,Spielberg,Austrian Grand Prix,27,S2,ANT,Mercedes,LEC,Ferrari,1.0,322.0,287.0,35.0,3.0,HARD,14.0,HARD,True,harvest_poor,False
8,Spielberg,Austrian Grand Prix,27,S2,HAD,Red Bull Racing,PIA,McLaren,0.612,319.0,305.0,14.0,9.0,MEDIUM,8.0,HARD,True,harvest_poor,False
8,Spielberg,Austrian Grand Prix,27,S3,ANT,Mercedes,LEC,Ferrari,0.849,322.0,287.0,35.0,3.0,HARD,14.0,HARD,True,harvest_poor,False
8,Spielberg,Austrian Grand Prix,27,S3,HAD,Red Bull Racing,PIA,McLaren,0.606,319.0,305.0,14.0,9.0,MEDIUM,8.0,HARD,True,harvest_poor,False
8,Spielberg,Austrian Grand Prix,28,S1,ANT,Mercedes,LEC,Ferrari,0.56,306.0,294.0,12.0,4.0,HARD,15.0,HARD,True,harvest_poor,False
8,Spielberg,Austrian Grand Prix,28,S1,HAD,Red Bull Racing,PIA,McLaren,0.741,302.0,303.0,-1.0,10.0,MEDIUM,9.0,HARD,True,harvest_poor,False
8,Spielberg,Austrian Grand Prix,28,S2,ANT,Mercedes,LEC,Ferrari,0.654,306.0,294.0,12.0,4.0,HARD,15.0,HARD,True,harvest_poor,False
8,Spielberg,Austrian Grand Prix,28,S2,HAM,Ferrari,HAD,Red Bull Racing,0.692,302.0,302.0,0.0,5.0,SOFT,10.0,MEDIUM,True,harvest_poor,False
8,Spielberg,Austrian Grand Prix,28,S3,ANT,Mercedes,LEC,Ferrari,0.507,306.0,294.0,12.0,4.0,HARD,15.0,HARD,True,harvest_poor,False
8,Spielberg,Austrian Grand Prix,28,S3,HAM,Ferrari,HAD,Red Bull Racing,0.654,302.0,302.0,0.0,5.0,SOFT,10.0,MEDIUM,True,harvest_poor,False
8,Spielberg,Austrian Grand Prix,28,S3,COL,Alpine,ALB,Williams,0.92,306.0,302.0,4.0,8.0,HARD,10.0,MEDIUM,True,harvest_poor,False
8,Spielberg,Austrian Grand Prix,29,S1,ANT,Mercedes,LEC,Ferrari,0.226,324.0,294.0,30.0,5.0,HARD,16.0,HARD,True,harvest_poor,False
8,Spielberg,Austrian Grand Prix,29,S1,HAM,Ferrari,HAD,Red Bull Racing,0.469,299.0,304.0,-5.0,6.0,SOFT,11.0,MEDIUM,True,harvest_poor,False
8,Spielberg,Austrian Grand Prix,29,S1,COL,Alpine,ALB,Williams,0.985,305.0,301.0,4.0,9.0,HARD,11.0,MEDIUM,True,harvest_poor,False
8,Spielberg,Austrian Grand Prix,29,S2,ANT,Mercedes,LEC,Ferrari,0.455,324.0,294.0,30.0,5.0,HARD,16.0,HARD,True,harvest_poor,False
8,Spielberg,Austrian Grand Prix,29,S2,HAM,Ferrari,HAD,Red Bull Racing,0.401,299.0,304.0,-5.0,6.0,SOFT,11.0,MEDIUM,True,harvest_poor,False
8,Spielberg,Austrian Grand Prix,29,S2,COL,Alpine,ALB,Williams,0.821,305.0,301.0,4.0,9.0,HARD,11.0,MEDIUM,True,harvest_poor,False
8,Spielberg,Austrian Grand Prix,29,S3,ANT,Mercedes,LEC,Ferrari,0.604,324.0,294.0,30.0,5.0,HARD,16.0,HARD,True,harvest_poor,False
8,Spielberg,Austrian Grand Prix,29,S3,HAD,Red Bull Racing,PIA,McLaren,0.926,304.0,305.0,-1.0,11.0,MEDIUM,10.0,HARD,True,harvest_poor,False
8,Spielberg,Austrian Grand Prix,29,S3,HAM,Ferrari,HAD,Red Bull Racing,0.387,299.0,304.0,-5.0,6.0,SOFT,11.0,MEDIUM,True,harvest_poor,False
8,Spielberg,Austrian Grand Prix,29,S3,COL,Alpine,ALB,Williams,0.62,305.0,301.0,4.0,9.0,HARD,11.0,MEDIUM,True,harvest_poor,False
8,Spielberg,Austrian Grand Prix,30,S1,ANT,Mercedes,LEC,Ferrari,0.306,320.0,288.0,32.0,6.0,HARD,17.0,HARD,True,harvest_poor,True
8,Spielberg,Austrian Grand Prix,30,S1,HAM,Ferrari,HAD,Red Bull Racing,0.2,319.0,308.0,11.0,7.0,SOFT,12.0,MEDIUM,True,harvest_poor,True
8,Spielberg,Austrian Grand Prix,30,S1,COL,Alpine,ALB,Williams,0.393,322.0,300.0,22.0,10.0,HARD,12.0,MEDIUM,True,harvest_poor,True
8,Spielberg,Austrian Grand Prix,30,S2,LEC,Ferrari,ANT,Mercedes,0.551,288.0,320.0,-32.0,17.0,HARD,6.0,HARD,True,harvest_poor,False
8,Spielberg,Austrian Grand Prix,30,S2,HAD,Red Bull Racing,HAM,Ferrari,0.289,308.0,319.0,-11.0,12.0,MEDIUM,7.0,SOFT,True,harvest_poor,False
8,Spielberg,Austrian Grand Prix,30,S2,ALB,Williams,COL,Alpine,0.571,300.0,322.0,-22.0,12.0,MEDIUM,10.0,HARD,True,harvest_poor,False
8,Spielberg,Austrian Grand Prix,30,S3,LEC,Ferrari,ANT,Mercedes,0.781,288.0,320.0,-32.0,17.0,HARD,6.0,HARD,True,harvest_poor,False
8,Spielberg,Austrian Grand Prix,30,S3,HAD,Red Bull Racing,HAM,Ferrari,0.587,308.0,319.0,-11.0,12.0,MEDIUM,7.0,SOFT,True,harvest_poor,False
8,Spielberg,Austrian Grand Prix,31,S1,LEC,Ferrari,ANT,Mercedes,0.676,294.0,298.0,-4.0,18.0,HARD,7.0,HARD,True,harvest_poor,False
8,Spielberg,Austrian Grand Prix,31,S1,HAD,Red Bull Racing,HAM,Ferrari,0.489,307.0,296.0,11.0,13.0,MEDIUM,8.0,SOFT,True,harvest_poor,False
8,Spielberg,Austrian Grand Prix,31,S2,LEC,Ferrari,ANT,Mercedes,0.932,294.0,298.0,-4.0,18.0,HARD,7.0,HARD,True,harvest_poor,False
8,Spielberg,Austrian Grand Prix,31,S2,HAD,Red Bull Racing,HAM,Ferrari,0.85,307.0,296.0,11.0,13.0,MEDIUM,8.0,SOFT,True,harvest_poor,False
8,Spielberg,Austrian Grand Prix,33,S1,LAW,Racing Bulls,LIN,Racing Bulls,0.969,304.0,299.0,5.0,14.0,HARD,15.0,HARD,True,harvest_poor,False
8,Spielberg,Austrian Grand Prix,33,S2,LAW,Racing Bulls,LIN,Racing Bulls,0.873,304.0,299.0,5.0,14.0,HARD,15.0,HARD,True,harvest_poor,False
8,Spielberg,Austrian Grand Prix,33,S3,OCO,Haas F1 Team,COL,Alpine,0.276,292.0,294.0,-2.0,15.0,MEDIUM,13.0,HARD,True,harvest_poor,False
8,Spielberg,Austrian Grand Prix,34,S1,LAW,Racing Bulls,LIN,Racing Bulls,0.967,303.0,298.0,5.0,15.0,HARD,16.0,HARD,True,harvest_poor,False
8,Spielberg,Austrian Grand Prix,34,S2,PIA,McLaren,LEC,Ferrari,0.974,307.0,292.0,15.0,15.0,HARD,21.0,HARD,True,harvest_poor,False
8,Spielberg,Austrian Grand Prix,34,S2,LAW,Racing Bulls,LIN,Racing Bulls,0.86,303.0,298.0,5.0,15.0,HARD,16.0,HARD,True,harvest_poor,False
8,Spielberg,Austrian Grand Prix,34,S3,PIA,McLaren,LEC,Ferrari,0.923,307.0,292.0,15.0,15.0,HARD,21.0,HARD,True,harvest_poor,False
8,Spielberg,Austrian Grand Prix,35,S1,PIA,McLaren,LEC,Ferrari,0.797,311.0,291.0,20.0,16.0,HARD,22.0,HARD,True,harvest_poor,False
8,Spielberg,Austrian Grand Prix,35,S1,HAM,Ferrari,PIA,McLaren,0.986,298.0,311.0,-13.0,12.0,SOFT,16.0,HARD,True,harvest_poor,False
8,Spielberg,Austrian Grand Prix,35,S1,LAW,Racing Bulls,LIN,Racing Bulls,0.995,304.0,300.0,4.0,16.0,HARD,17.0,HARD,True,harvest_poor,False
8,Spielberg,Austrian Grand Prix,35,S2,PIA,McLaren,LEC,Ferrari,0.677,311.0,291.0,20.0,16.0,HARD,22.0,HARD,True,harvest_poor,False
8,Spielberg,Austrian Grand Prix,35,S2,LAW,Racing Bulls,LIN,Racing Bulls,0.974,304.0,300.0,4.0,16.0,HARD,17.0,HARD,True,harvest_poor,False
8,Spielberg,Austrian Grand Prix,35,S3,PIA,McLaren,LEC,Ferrari,0.674,311.0,291.0,20.0,16.0,HARD,22.0,HARD,True,harvest_poor,False
8,Spielberg,Austrian Grand Prix,35,S3,HAM,Ferrari,PIA,McLaren,0.889,298.0,311.0,-13.0,12.0,SOFT,16.0,HARD,True,harvest_poor,False
8,Spielberg,Austrian Grand Prix,36,S1,PIA,McLaren,LEC,Ferrari,0.636,312.0,292.0,20.0,17.0,HARD,23.0,HARD,True,harvest_poor,False
8,Spielberg,Austrian Grand Prix,36,S1,HAM,Ferrari,PIA,McLaren,0.634,283.0,312.0,-29.0,13.0,SOFT,17.0,HARD,True,harvest_poor,False
8,Spielberg,Austrian Grand Prix,36,S2,PIA,McLaren,LEC,Ferrari,0.564,312.0,292.0,20.0,17.0,HARD,23.0,HARD,True,harvest_poor,False
8,Spielberg,Austrian Grand Prix,36,S2,HAM,Ferrari,PIA,McLaren,0.752,283.0,312.0,-29.0,13.0,SOFT,17.0,HARD,True,harvest_poor,False
8,Spielberg,Austrian Grand Prix,36,S2,STR,Aston Martin,ALO,Aston Martin,0.742,289.0,283.0,6.0,12.0,SOFT,12.0,SOFT,True,harvest_poor,False
8,Spielberg,Austrian Grand Prix,36,S3,PIA,McLaren,LEC,Ferrari,0.404,312.0,292.0,20.0,17.0,HARD,23.0,HARD,True,harvest_poor,False
8,Spielberg,Austrian Grand Prix,36,S3,HAM,Ferrari,PIA,McLaren,0.701,283.0,312.0,-29.0,13.0,SOFT,17.0,HARD,True,harvest_poor,False
8,Spielberg,Austrian Grand Prix,36,S3,STR,Aston Martin,ALO,Aston Martin,0.825,289.0,283.0,6.0,12.0,SOFT,12.0,SOFT,True,harvest_poor,False
8,Spielberg,Austrian Grand Prix,37,S1,PIA,McLaren,LEC,Ferrari,0.046,296.0,312.0,-16.0,18.0,HARD,24.0,HARD,True,harvest_poor,True
8,Spielberg,Austrian Grand Prix,37,S1,HAM,Ferrari,PIA,McLaren,0.688,277.0,296.0,-19.0,14.0,SOFT,18.0,HARD,True,harvest_poor,False
8,Spielberg,Austrian Grand Prix,37,S1,STR,Aston Martin,ALO,Aston Martin,0.31,282.0,283.0,-1.0,13.0,SOFT,13.0,SOFT,True,harvest_poor,True
8,Spielberg,Austrian Grand Prix,37,S2,HAM,Ferrari,PIA,McLaren,0.721,277.0,296.0,-19.0,14.0,SOFT,18.0,HARD,True,harvest_poor,False
8,Spielberg,Austrian Grand Prix,37,S2,LEC,Ferrari,HAM,Ferrari,0.144,312.0,277.0,35.0,24.0,HARD,14.0,SOFT,True,harvest_poor,False
8,Spielberg,Austrian Grand Prix,37,S2,ALO,Aston Martin,STR,Aston Martin,0.307,283.0,282.0,1.0,13.0,SOFT,13.0,SOFT,True,harvest_poor,False
8,Spielberg,Austrian Grand Prix,37,S3,HAM,Ferrari,PIA,McLaren,0.709,277.0,296.0,-19.0,14.0,SOFT,18.0,HARD,True,harvest_poor,False
8,Spielberg,Austrian Grand Prix,37,S3,LEC,Ferrari,HAD,Red Bull Racing,0.615,312.0,300.0,12.0,24.0,HARD,19.0,MEDIUM,True,harvest_poor,False
8,Spielberg,Austrian Grand Prix,38,S1,HAM,Ferrari,PIA,McLaren,0.505,285.0,299.0,-14.0,15.0,SOFT,19.0,HARD,True,harvest_poor,False
8,Spielberg,Austrian Grand Prix,38,S1,ALO,Aston Martin,STR,Aston Martin,0.57,286.0,260.0,26.0,14.0,SOFT,14.0,SOFT,True,harvest_poor,False
8,Spielberg,Austrian Grand Prix,38,S2,HAM,Ferrari,PIA,McLaren,0.587,285.0,299.0,-14.0,15.0,SOFT,19.0,HARD,True,harvest_poor,False
8,Spielberg,Austrian Grand Prix,38,S2,LAW,Racing Bulls,LIN,Racing Bulls,0.698,305.0,305.0,0.0,19.0,HARD,20.0,HARD,True,harvest_poor,False
8,Spielberg,Austrian Grand Prix,38,S2,ALO,Aston Martin,STR,Aston Martin,0.505,286.0,260.0,26.0,14.0,SOFT,14.0,SOFT,True,harvest_poor,False
8,Spielberg,Austrian Grand Prix,38,S3,HAM,Ferrari,PIA,McLaren,0.571,285.0,299.0,-14.0,15.0,SOFT,19.0,HARD,True,harvest_poor,False
8,Spielberg,Austrian Grand Prix,38,S3,LAW,Racing Bulls,LIN,Racing Bulls,0.819,305.0,305.0,0.0,19.0,HARD,20.0,HARD,True,harvest_poor,False
8,Spielberg,Austrian Grand Prix,38,S3,GAS,Alpine,HUL,Audi,0.807,315.0,297.0,18.0,25.0,HARD,17.0,MEDIUM,True,harvest_poor,False
8,Spielberg,Austrian Grand Prix,38,S3,ALO,Aston Martin,STR,Aston Martin,0.694,286.0,260.0,26.0,14.0,SOFT,14.0,SOFT,True,harvest_poor,False
8,Spielberg,Austrian Grand Prix,39,S1,HAM,Ferrari,PIA,McLaren,0.352,301.0,302.0,-1.0,16.0,SOFT,20.0,HARD,True,harvest_poor,False
8,Spielberg,Austrian Grand Prix,39,S1,LAW,Racing Bulls,LIN,Racing Bulls,0.859,302.0,304.0,-2.0,20.0,HARD,21.0,HARD,True,harvest_poor,False
8,Spielberg,Austrian Grand Prix,39,S1,COL,Alpine,GAS,Alpine,0.779,307.0,300.0,7.0,19.0,HARD,1.0,MEDIUM,True,harvest_poor,False
8,Spielberg,Austrian Grand Prix,39,S1,ALO,Aston Martin,STR,Aston Martin,0.52,293.0,284.0,9.0,15.0,SOFT,15.0,SOFT,True,harvest_poor,False
8,Spielberg,Austrian Grand Prix,39,S2,HAM,Ferrari,PIA,McLaren,0.669,301.0,302.0,-1.0,16.0,SOFT,20.0,HARD,True,harvest_poor,False
8,Spielberg,Austrian Grand Prix,39,S2,ALO,Aston Martin,STR,Aston Martin,0.662,293.0,284.0,9.0,15.0,SOFT,15.0,SOFT,True,harvest_poor,False
8,Spielberg,Austrian Grand Prix,39,S3,ALO,Aston Martin,STR,Aston Martin,0.782,293.0,284.0,9.0,15.0,SOFT,15.0,SOFT,True,harvest_poor,False
8,Spielberg,Austrian Grand Prix,40,S1,HAM,Ferrari,PIA,McLaren,0.946,283.0,303.0,-20.0,17.0,SOFT,21.0,HARD,True,harvest_poor,False
8,Spielberg,Austrian Grand Prix,40,S2,NOR,McLaren,HAD,Red Bull Racing,0.97,308.0,304.0,4.0,19.0,HARD,22.0,MEDIUM,True,harvest_poor,True
8,Spielberg,Austrian Grand Prix,41,S2,ALO,Aston Martin,STR,Aston Martin,0.454,292.0,286.0,6.0,17.0,SOFT,17.0,SOFT,True,harvest_poor,False
8,Spielberg,Austrian Grand Prix,41,S3,ALO,Aston Martin,STR,Aston Martin,0.537,292.0,286.0,6.0,17.0,SOFT,17.0,SOFT,True,harvest_poor,False
8,Spielberg,Austrian Grand Prix,42,S1,ALO,Aston Martin,STR,Aston Martin,0.524,287.0,288.0,-1.0,18.0,SOFT,18.0,SOFT,True,harvest_poor,False
8,Spielberg,Austrian Grand Prix,42,S2,GAS,Alpine,BEA,Haas F1 Team,0.734,307.0,295.0,12.0,4.0,MEDIUM,18.0,HARD,True,harvest_poor,False
8,Spielberg,Austrian Grand Prix,42,S2,ALO,Aston Martin,STR,Aston Martin,0.875,287.0,288.0,-1.0,18.0,SOFT,18.0,SOFT,True,harvest_poor,False
8,Spielberg,Austrian Grand Prix,42,S3,NOR,McLaren,HAM,Ferrari,0.491,303.0,289.0,14.0,21.0,HARD,19.0,SOFT,True,harvest_poor,True
8,Spielberg,Austrian Grand Prix,42,S3,GAS,Alpine,BEA,Haas F1 Team,0.484,307.0,295.0,12.0,4.0,MEDIUM,18.0,HARD,True,harvest_poor,False
8,Spielberg,Austrian Grand Prix,42,S3,ALO,Aston Martin,STR,Aston Martin,0.8,287.0,288.0,-1.0,18.0,SOFT,18.0,SOFT,True,harvest_poor,False
8,Spielberg,Austrian Grand Prix,43,S1,GAS,Alpine,BEA,Haas F1 Team,0.055,295.0,300.0,-5.0,5.0,MEDIUM,19.0,HARD,True,harvest_poor,True
8,Spielberg,Austrian Grand Prix,43,S1,ALO,Aston Martin,STR,Aston Martin,0.689,284.0,292.0,-8.0,19.0,SOFT,19.0,SOFT,True,harvest_poor,False
8,Spielberg,Austrian Grand Prix,43,S2,HAD,Red Bull Racing,HAM,Ferrari,0.911,308.0,299.0,9.0,3.0,HARD,1.0,HARD,True,harvest_poor,False
8,Spielberg,Austrian Grand Prix,43,S2,LAW,Racing Bulls,LIN,Racing Bulls,0.889,301.0,301.0,0.0,24.0,HARD,25.0,HARD,True,harvest_poor,False
8,Spielberg,Austrian Grand Prix,43,S2,ALO,Aston Martin,STR,Aston Martin,0.862,284.0,292.0,-8.0,19.0,SOFT,19.0,SOFT,True,harvest_poor,False
8,Spielberg,Austrian Grand Prix,43,S3,HAD,Red Bull Racing,HAM,Ferrari,0.97,308.0,299.0,9.0,3.0,HARD,1.0,HARD,True,harvest_poor,False
8,Spielberg,Austrian Grand Prix,43,S3,LAW,Racing Bulls,LIN,Racing Bulls,0.953,301.0,301.0,0.0,24.0,HARD,25.0,HARD,True,harvest_poor,False
8,Spielberg,Austrian Grand Prix,43,S3,ALO,Aston Martin,STR,Aston Martin,0.735,284.0,292.0,-8.0,19.0,SOFT,19.0,SOFT,True,harvest_poor,False
8,Spielberg,Austrian Grand Prix,44,S1,HAD,Red Bull Racing,HAM,Ferrari,0.753,312.0,298.0,14.0,4.0,HARD,2.0,HARD,True,harvest_poor,False
8,Spielberg,Austrian Grand Prix,44,S1,LAW,Racing Bulls,LIN,Racing Bulls,0.832,303.0,301.0,2.0,25.0,HARD,26.0,HARD,True,harvest_poor,False
8,Spielberg,Austrian Grand Prix,44,S1,ALO,Aston Martin,STR,Aston Martin,0.563,284.0,287.0,-3.0,20.0,SOFT,20.0,SOFT,True,harvest_poor,False
8,Spielberg,Austrian Grand Prix,44,S2,LAW,Racing Bulls,LIN,Racing Bulls,0.793,303.0,301.0,2.0,25.0,HARD,26.0,HARD,True,harvest_poor,False
8,Spielberg,Austrian Grand Prix,44,S2,ALO,Aston Martin,STR,Aston Martin,0.82,284.0,287.0,-3.0,20.0,SOFT,20.0,SOFT,True,harvest_poor,False
8,Spielberg,Austrian Grand Prix,44,S3,LAW,Racing Bulls,LIN,Racing Bulls,0.946,303.0,301.0,2.0,25.0,HARD,26.0,HARD,True,harvest_poor,False
8,Spielberg,Austrian Grand Prix,44,S3,ALO,Aston Martin,STR,Aston Martin,0.746,284.0,287.0,-3.0,20.0,SOFT,20.0,SOFT,True,harvest_poor,True
8,Spielberg,Austrian Grand Prix,45,S1,LAW,Racing Bulls,LIN,Racing Bulls,0.918,306.0,300.0,6.0,26.0,HARD,27.0,HARD,True,harvest_poor,False
8,Spielberg,Austrian Grand Prix,45,S2,LAW,Racing Bulls,LIN,Racing Bulls,0.843,306.0,300.0,6.0,26.0,HARD,27.0,HARD,True,harvest_poor,False
8,Spielberg,Austrian Grand Prix,46,S3,PIA,McLaren,LEC,Ferrari,0.919,309.0,292.0,17.0,4.0,HARD,9.0,HARD,True,harvest_poor,False
8,Spielberg,Austrian Grand Prix,47,S1,PIA,McLaren,LEC,Ferrari,0.698,311.0,293.0,18.0,5.0,HARD,10.0,HARD,True,harvest_poor,False
8,Spielberg,Austrian Grand Prix,47,S1,LIN,Racing Bulls,LAW,Racing Bulls,0.202,301.0,302.0,-1.0,1.0,MEDIUM,2.0,MEDIUM,True,harvest_poor,False
8,Spielberg,Austrian Grand Prix,47,S2,PIA,McLaren,LEC,Ferrari,0.637,311.0,293.0,18.0,5.0,HARD,10.0,HARD,True,harvest_poor,False
8,Spielberg,Austrian Grand Prix,47,S3,PIA,McLaren,LEC,Ferrari,0.356,311.0,293.0,18.0,5.0,HARD,10.0,HARD,True,harvest_poor,True
8,Spielberg,Austrian Grand Prix,48,S1,LEC,Ferrari,PIA,McLaren,0.053,301.0,302.0,-1.0,11.0,HARD,6.0,HARD,True,harvest_poor,False
8,Spielberg,Austrian Grand Prix,48,S2,LEC,Ferrari,PIA,McLaren,0.602,301.0,302.0,-1.0,11.0,HARD,6.0,HARD,True,harvest_poor,False
8,Spielberg,Austrian Grand Prix,48,S2,COL,Alpine,ALB,Williams,0.722,308.0,300.0,8.0,2.0,MEDIUM,11.0,HARD,True,harvest_poor,False
8,Spielberg,Austrian Grand Prix,48,S3,LEC,Ferrari,PIA,McLaren,0.852,301.0,302.0,-1.0,11.0,HARD,6.0,HARD,True,harvest_poor,False
8,Spielberg,Austrian Grand Prix,48,S3,COL,Alpine,ALB,Williams,0.33,308.0,300.0,8.0,2.0,MEDIUM,11.0,HARD,True,harvest_poor,False
8,Spielberg,Austrian Grand Prix,49,S1,LEC,Ferrari,PIA,McLaren,0.841,294.0,297.0,-3.0,12.0,HARD,7.0,HARD,True,harvest_poor,False
8,Spielberg,Austrian Grand Prix,49,S1,COL,Alpine,ALB,Williams,0.03,304.0,307.0,-3.0,3.0,MEDIUM,12.0,HARD,True,harvest_poor,True
8,Spielberg,Austrian Grand Prix,49,S2,LIN,Racing Bulls,LAW,Racing Bulls,0.994,306.0,305.0,1.0,3.0,MEDIUM,4.0,MEDIUM,True,harvest_poor,False
8,Spielberg,Austrian Grand Prix,50,S2,HAM,Ferrari,LEC,Ferrari,0.92,301.0,298.0,3.0,8.0,HARD,13.0,HARD,True,harvest_poor,False
8,Spielberg,Austrian Grand Prix,50,S3,HAM,Ferrari,LEC,Ferrari,0.65,301.0,298.0,3.0,8.0,HARD,13.0,HARD,True,harvest_poor,False
8,Spielberg,Austrian Grand Prix,51,S1,HAM,Ferrari,LEC,Ferrari,0.353,304.0,298.0,6.0,9.0,HARD,14.0,HARD,True,harvest_poor,False
8,Spielberg,Austrian Grand Prix,51,S2,HAM,Ferrari,LEC,Ferrari,0.63,304.0,298.0,6.0,9.0,HARD,14.0,HARD,True,harvest_poor,False
8,Spielberg,Austrian Grand Prix,51,S3,HAM,Ferrari,LEC,Ferrari,0.581,304.0,298.0,6.0,9.0,HARD,14.0,HARD,True,harvest_poor,True
8,Spielberg,Austrian Grand Prix,52,S1,LEC,Ferrari,HAM,Ferrari,0.029,284.0,278.0,6.0,15.0,HARD,10.0,HARD,True,harvest_poor,False
8,Spielberg,Austrian Grand Prix,52,S1,COL,Alpine,OCO,Haas F1 Team,0.974,309.0,295.0,14.0,6.0,MEDIUM,19.0,HARD,True,harvest_poor,False
8,Spielberg,Austrian Grand Prix,52,S2,LEC,Ferrari,HAM,Ferrari,0.728,284.0,278.0,6.0,15.0,HARD,10.0,HARD,True,harvest_poor,False
8,Spielberg,Austrian Grand Prix,52,S2,COL,Alpine,OCO,Haas F1 Team,0.721,309.0,295.0,14.0,6.0,MEDIUM,19.0,HARD,True,harvest_poor,False
8,Spielberg,Austrian Grand Prix,52,S3,LEC,Ferrari,HAM,Ferrari,0.91,284.0,278.0,6.0,15.0,HARD,10.0,HARD,True,harvest_poor,False
8,Spielberg,Austrian Grand Prix,52,S3,COL,Alpine,OCO,Haas F1 Team,0.437,309.0,295.0,14.0,6.0,MEDIUM,19.0,HARD,True,harvest_poor,False
8,Spielberg,Austrian Grand Prix,53,S1,LEC,Ferrari,HAM,Ferrari,0.2,297.0,306.0,-9.0,16.0,HARD,11.0,HARD,True,harvest_poor,False
8,Spielberg,Austrian Grand Prix,53,S1,COL,Alpine,OCO,Haas F1 Team,0.239,295.0,296.0,-1.0,7.0,MEDIUM,20.0,HARD,True,harvest_poor,False
8,Spielberg,Austrian Grand Prix,53,S2,LEC,Ferrari,HAM,Ferrari,0.77,297.0,306.0,-9.0,16.0,HARD,11.0,HARD,True,harvest_poor,False
8,Spielberg,Austrian Grand Prix,53,S2,COL,Alpine,OCO,Haas F1 Team,0.542,295.0,296.0,-1.0,7.0,MEDIUM,20.0,HARD,True,harvest_poor,False
8,Spielberg,Austrian Grand Prix,53,S3,COL,Alpine,OCO,Haas F1 Team,0.384,295.0,296.0,-1.0,7.0,MEDIUM,20.0,HARD,True,harvest_poor,False
8,Spielberg,Austrian Grand Prix,54,S1,COL,Alpine,OCO,Haas F1 Team,0.096,290.0,299.0,-9.0,8.0,MEDIUM,21.0,HARD,True,harvest_poor,True
8,Spielberg,Austrian Grand Prix,54,S2,OCO,Haas F1 Team,COL,Alpine,0.478,299.0,290.0,9.0,21.0,HARD,8.0,MEDIUM,True,harvest_poor,False
8,Spielberg,Austrian Grand Prix,55,S2,HAD,Red Bull Racing,LEC,Ferrari,0.972,312.0,286.0,26.0,15.0,HARD,18.0,HARD,True,harvest_poor,False
8,Spielberg,Austrian Grand Prix,55,S3,HAD,Red Bull Racing,LEC,Ferrari,0.713,312.0,286.0,26.0,15.0,HARD,18.0,HARD,True,harvest_poor,False
8,Spielberg,Austrian Grand Prix,56,S1,HAD,Red Bull Racing,LEC,Ferrari,0.275,322.0,317.0,5.0,16.0,HARD,19.0,HARD,True,harvest_poor,True
8,Spielberg,Austrian Grand Prix,56,S2,LEC,Ferrari,HAD,Red Bull Racing,0.377,317.0,322.0,-5.0,19.0,HARD,16.0,HARD,True,harvest_poor,False
8,Spielberg,Austrian Grand Prix,56,S3,LEC,Ferrari,HAD,Red Bull Racing,0.904,317.0,322.0,-5.0,19.0,HARD,16.0,HARD,True,harvest_poor,False
8,Spielberg,Austrian Grand Prix,58,S2,NOR,McLaren,LEC,Ferrari,0.588,315.0,300.0,15.0,11.0,HARD,21.0,HARD,True,harvest_poor,False
8,Spielberg,Austrian Grand Prix,58,S3,NOR,McLaren,LEC,Ferrari,0.291,315.0,300.0,15.0,11.0,HARD,21.0,HARD,True,harvest_poor,False
8,Spielberg,Austrian Grand Prix,59,S1,NOR,McLaren,LEC,Ferrari,0.038,306.0,303.0,3.0,12.0,HARD,22.0,HARD,True,harvest_poor,True
8,Spielberg,Austrian Grand Prix,59,S2,LEC,Ferrari,NOR,McLaren,0.899,303.0,306.0,-3.0,22.0,HARD,12.0,HARD,True,harvest_poor,False
8,Spielberg,Austrian Grand Prix,64,S1,GAS,Alpine,HUL,Audi,0.847,310.0,300.0,10.0,13.0,SOFT,19.0,HARD,True,harvest_poor,False
8,Spielberg,Austrian Grand Prix,65,S2,NOR,McLaren,HAD,Red Bull Racing,0.933,311.0,308.0,3.0,18.0,HARD,25.0,HARD,True,harvest_poor,False
8,Spielberg,Austrian Grand Prix,66,S1,NOR,McLaren,HAD,Red Bull Racing,0.997,312.0,308.0,4.0,19.0,HARD,26.0,HARD,True,harvest_poor,False
8,Spielberg,Austrian Grand Prix,66,S1,GAS,Alpine,HUL,Audi,0.969,310.0,300.0,10.0,15.0,SOFT,21.0,HARD,True,harvest_poor,False
8,Spielberg,Austrian Grand Prix,66,S2,NOR,McLaren,HAD,Red Bull Racing,0.849,312.0,308.0,4.0,19.0,HARD,26.0,HARD,True,harvest_poor,False
8,Spielberg,Austrian Grand Prix,66,S2,GAS,Alpine,HUL,Audi,0.893,310.0,300.0,10.0,15.0,SOFT,21.0,HARD,True,harvest_poor,False
8,Spielberg,Austrian Grand Prix,66,S3,NOR,McLaren,HAD,Red Bull Racing,0.88,312.0,308.0,4.0,19.0,HARD,26.0,HARD,True,harvest_poor,False
8,Spielberg,Austrian Grand Prix,66,S3,GAS,Alpine,HUL,Audi,0.868,310.0,300.0,10.0,15.0,SOFT,21.0,HARD,True,harvest_poor,False
8,Spielberg,Austrian Grand Prix,67,S1,NOR,McLaren,HAD,Red Bull Racing,0.93,312.0,306.0,6.0,20.0,HARD,27.0,HARD,True,harvest_poor,False
8,Spielberg,Austrian Grand Prix,67,S1,GAS,Alpine,HUL,Audi,0.676,308.0,301.0,7.0,16.0,SOFT,22.0,HARD,True,harvest_poor,False
8,Spielberg,Austrian Grand Prix,68,S1,GAS,Alpine,HUL,Audi,0.951,312.0,301.0,11.0,17.0,SOFT,23.0,HARD,True,harvest_poor,False
8,Spielberg,Austrian Grand Prix,68,S2,GAS,Alpine,HUL,Audi,0.806,312.0,301.0,11.0,17.0,SOFT,23.0,HARD,True,harvest_poor,False
8,Spielberg,Austrian Grand Prix,68,S3,GAS,Alpine,HUL,Audi,0.744,312.0,301.0,11.0,17.0,SOFT,23.0,HARD,True,harvest_poor,False
8,Spielberg,Austrian Grand Prix,69,S1,GAS,Alpine,HUL,Audi,0.604,313.0,319.0,-6.0,18.0,SOFT,24.0,HARD,True,harvest_poor,False
8,Spielberg,Austrian Grand Prix,69,S2,GAS,Alpine,HUL,Audi,0.621,313.0,319.0,-6.0,18.0,SOFT,24.0,HARD,True,harvest_poor,False
8,Spielberg,Austrian Grand Prix,69,S3,GAS,Alpine,HUL,Audi,0.692,313.0,319.0,-6.0,18.0,SOFT,24.0,HARD,True,harvest_poor,False
8,Spielberg,Austrian Grand Prix,70,S1,ANT,Mercedes,VER,Red Bull Racing,0.953,311.0,309.0,2.0,19.0,HARD,21.0,HARD,True,harvest_poor,False
8,Spielberg,Austrian Grand Prix,70,S1,GAS,Alpine,HUL,Audi,0.514,313.0,321.0,-8.0,19.0,SOFT,25.0,HARD,True,harvest_poor,False
8,Spielberg,Austrian Grand Prix,70,S2,ANT,Mercedes,VER,Red Bull Racing,0.804,311.0,309.0,2.0,19.0,HARD,21.0,HARD,True,harvest_poor,False
8,Spielberg,Austrian Grand Prix,70,S2,GAS,Alpine,HUL,Audi,0.681,313.0,321.0,-8.0,19.0,SOFT,25.0,HARD,True,harvest_poor,False
8,Spielberg,Austrian Grand Prix,70,S3,ANT,Mercedes,VER,Red Bull Racing,0.657,311.0,309.0,2.0,19.0,HARD,21.0,HARD,True,harvest_poor,False
8,Spielberg,Austrian Grand Prix,70,S3,GAS,Alpine,HUL,Audi,0.805,313.0,321.0,-8.0,19.0,SOFT,25.0,HARD,True,harvest_poor,False
8,Spielberg,Austrian Grand Prix,71,S1,ANT,Mercedes,VER,Red Bull Racing,0.523,334.0,321.0,13.0,20.0,HARD,22.0,HARD,True,harvest_poor,False
8,Spielberg,Austrian Grand Prix,71,S2,ANT,Mercedes,VER,Red Bull Racing,0.535,334.0,321.0,13.0,20.0,HARD,22.0,HARD,True,harvest_poor,False
8,Spielberg,Austrian Grand Prix,71,S3,ANT,Mercedes,VER,Red Bull Racing,0.344,334.0,321.0,13.0,20.0,HARD,22.0,HARD,True,harvest_poor,False
9,Silverstone,British Grand Prix,1,S2,HAM,Ferrari,LEC,Ferrari,0.691,311.0,298.0,13.0,1.0,MEDIUM,1.0,MEDIUM,True,standard,False
9,Silverstone,British Grand Prix,1,S2,ANT,Mercedes,HAM,Ferrari,0.585,316.0,311.0,5.0,1.0,MEDIUM,1.0,MEDIUM,True,standard,False
9,Silverstone,British Grand Prix,1,S2,RUS,Mercedes,ANT,Mercedes,0.508,332.0,316.0,16.0,1.0,MEDIUM,1.0,MEDIUM,True,standard,False
9,Silverstone,British Grand Prix,1,S2,HAD,Red Bull Racing,RUS,Mercedes,0.573,311.0,332.0,-21.0,1.0,MEDIUM,1.0,MEDIUM,True,standard,False
9,Silverstone,British Grand Prix,1,S2,VER,Red Bull Racing,HAD,Red Bull Racing,0.582,313.0,311.0,2.0,1.0,MEDIUM,1.0,MEDIUM,True,standard,False
9,Silverstone,British Grand Prix,1,S2,NOR,McLaren,VER,Red Bull Racing,0.635,307.0,313.0,-6.0,1.0,MEDIUM,1.0,MEDIUM,True,standard,False
9,Silverstone,British Grand Prix,1,S2,LAW,Racing Bulls,NOR,McLaren,0.989,317.0,307.0,10.0,1.0,MEDIUM,1.0,MEDIUM,True,standard,False
9,Silverstone,British Grand Prix,1,S2,LIN,Racing Bulls,PIA,McLaren,0.128,311.0,292.0,19.0,1.0,MEDIUM,1.0,MEDIUM,True,standard,True
9,Silverstone,British Grand Prix,1,S2,SAI,Williams,LIN,Racing Bulls,0.242,302.0,311.0,-9.0,1.0,MEDIUM,1.0,MEDIUM,True,standard,False
9,Silverstone,British Grand Prix,1,S2,BOR,Audi,SAI,Williams,0.378,308.0,302.0,6.0,1.0,MEDIUM,1.0,MEDIUM,True,standard,False
9,Silverstone,British Grand Prix,1,S2,OCO,Haas F1 Team,BOR,Audi,0.158,318.0,308.0,10.0,1.0,MEDIUM,1.0,MEDIUM,True,standard,True
9,Silverstone,British Grand Prix,1,S2,GAS,Alpine,OCO,Haas F1 Team,0.358,336.0,318.0,18.0,1.0,MEDIUM,1.0,MEDIUM,True,standard,False
9,Silverstone,British Grand Prix,1,S2,HUL,Audi,GAS,Alpine,0.337,316.0,336.0,-20.0,1.0,MEDIUM,1.0,MEDIUM,True,standard,False
9,Silverstone,British Grand Prix,1,S2,COL,Alpine,HUL,Audi,0.635,334.0,316.0,18.0,1.0,MEDIUM,1.0,MEDIUM,True,standard,False
9,Silverstone,British Grand Prix,1,S2,PER,Cadillac,COL,Alpine,0.399,311.0,334.0,-23.0,1.0,MEDIUM,1.0,MEDIUM,True,standard,False
9,Silverstone,British Grand Prix,1,S2,BOT,Cadillac,PER,Cadillac,0.863,312.0,311.0,1.0,1.0,MEDIUM,1.0,MEDIUM,True,standard,False
9,Silverstone,British Grand Prix,1,S2,STR,Aston Martin,BOT,Cadillac,0.796,309.0,312.0,-3.0,1.0,MEDIUM,1.0,MEDIUM,True,standard,False
9,Silverstone,British Grand Prix,1,S3,HAM,Ferrari,LEC,Ferrari,0.548,311.0,298.0,13.0,1.0,MEDIUM,1.0,MEDIUM,True,standard,False
9,Silverstone,British Grand Prix,1,S3,ANT,Mercedes,HAM,Ferrari,0.54,316.0,311.0,5.0,1.0,MEDIUM,1.0,MEDIUM,True,standard,False
9,Silverstone,British Grand Prix,1,S3,RUS,Mercedes,ANT,Mercedes,0.664,332.0,316.0,16.0,1.0,MEDIUM,1.0,MEDIUM,True,standard,False
9,Silverstone,British Grand Prix,1,S3,HAD,Red Bull Racing,RUS,Mercedes,0.761,311.0,332.0,-21.0,1.0,MEDIUM,1.0,MEDIUM,True,standard,False
9,Silverstone,British Grand Prix,1,S3,VER,Red Bull Racing,HAD,Red Bull Racing,0.471,313.0,311.0,2.0,1.0,MEDIUM,1.0,MEDIUM,True,standard,False
9,Silverstone,British Grand Prix,1,S3,LAW,Racing Bulls,NOR,McLaren,0.735,317.0,307.0,10.0,1.0,MEDIUM,1.0,MEDIUM,True,standard,False
9,Silverstone,British Grand Prix,1,S3,SAI,Williams,LIN,Racing Bulls,0.843,302.0,311.0,-9.0,1.0,MEDIUM,1.0,MEDIUM,True,standard,False
9,Silverstone,British Grand Prix,1,S3,OCO,Haas F1 Team,SAI,Williams,0.583,318.0,302.0,16.0,1.0,MEDIUM,1.0,MEDIUM,True,standard,False
9,Silverstone,British Grand Prix,1,S3,GAS,Alpine,OCO,Haas F1 Team,0.532,336.0,318.0,18.0,1.0,MEDIUM,1.0,MEDIUM,True,standard,False
9,Silverstone,British Grand Prix,1,S3,BOR,Audi,GAS,Alpine,0.082,308.0,336.0,-28.0,1.0,MEDIUM,1.0,MEDIUM,True,standard,True
9,Silverstone,British Grand Prix,1,S3,PIA,McLaren,BOR,Audi,0.336,292.0,308.0,-16.0,1.0,MEDIUM,1.0,MEDIUM,True,standard,False
9,Silverstone,British Grand Prix,1,S3,HUL,Audi,PIA,McLaren,0.176,316.0,292.0,24.0,1.0,MEDIUM,1.0,MEDIUM,True,standard,True
9,Silverstone,British Grand Prix,1,S3,COL,Alpine,HUL,Audi,0.55,334.0,316.0,18.0,1.0,MEDIUM,1.0,MEDIUM,True,standard,False
9,Silverstone,British Grand Prix,1,S3,PER,Cadillac,COL,Alpine,0.365,311.0,334.0,-23.0,1.0,MEDIUM,1.0,MEDIUM,True,standard,False
9,Silverstone,British Grand Prix,1,S3,BOT,Cadillac,PER,Cadillac,0.679,312.0,311.0,1.0,1.0,MEDIUM,1.0,MEDIUM,True,standard,False
9,Silverstone,British Grand Prix,1,S3,STR,Aston Martin,BOT,Cadillac,0.733,309.0,312.0,-3.0,1.0,MEDIUM,1.0,MEDIUM,True,standard,False
9,Silverstone,British Grand Prix,2,S1,HAM,Ferrari,LEC,Ferrari,0.576,316.0,300.0,16.0,2.0,MEDIUM,2.0,MEDIUM,True,standard,False
9,Silverstone,British Grand Prix,2,S1,ANT,Mercedes,HAM,Ferrari,0.373,310.0,316.0,-6.0,2.0,MEDIUM,2.0,MEDIUM,True,standard,False
9,Silverstone,British Grand Prix,2,S1,HAD,Red Bull Racing,RUS,Mercedes,0.047,328.0,312.0,16.0,2.0,MEDIUM,2.0,MEDIUM,True,standard,False
9,Silverstone,British Grand Prix,2,S1,VER,Red Bull Racing,HAD,Red Bull Racing,0.487,330.0,328.0,2.0,2.0,MEDIUM,2.0,MEDIUM,True,standard,False
9,Silverstone,British Grand Prix,2,S1,OCO,Haas F1 Team,SAI,Williams,0.362,308.0,308.0,0.0,2.0,MEDIUM,2.0,MEDIUM,True,standard,False
9,Silverstone,British Grand Prix,2,S1,BOR,Audi,OCO,Haas F1 Team,0.583,332.0,308.0,24.0,2.0,MEDIUM,2.0,MEDIUM,True,standard,False
9,Silverstone,British Grand Prix,2,S1,GAS,Alpine,BOR,Audi,0.227,336.0,332.0,4.0,2.0,MEDIUM,2.0,MEDIUM,True,standard,False
9,Silverstone,British Grand Prix,2,S1,HUL,Audi,GAS,Alpine,0.87,320.0,336.0,-16.0,2.0,MEDIUM,2.0,MEDIUM,True,standard,False
9,Silverstone,British Grand Prix,2,S1,COL,Alpine,HUL,Audi,0.148,328.0,320.0,8.0,2.0,MEDIUM,2.0,MEDIUM,True,standard,True
9,Silverstone,British Grand Prix,2,S1,PER,Cadillac,COL,Alpine,0.805,315.0,328.0,-13.0,2.0,MEDIUM,2.0,MEDIUM,True,standard,False
9,Silverstone,British Grand Prix,2,S1,BOT,Cadillac,PER,Cadillac,0.359,313.0,315.0,-2.0,2.0,MEDIUM,2.0,MEDIUM,True,standard,False
9,Silverstone,British Grand Prix,2,S1,PIA,McLaren,BEA,Haas F1 Team,0.971,222.0,319.0,-97.0,2.0,MEDIUM,2.0,MEDIUM,True,standard,False
9,Silverstone,British Grand Prix,2,S1,ALO,Aston Martin,PIA,McLaren,0.971,297.0,222.0,75.0,2.0,MEDIUM,2.0,MEDIUM,True,standard,True
9,Silverstone,British Grand Prix,2,S2,HAM,Ferrari,LEC,Ferrari,0.856,316.0,300.0,16.0,2.0,MEDIUM,2.0,MEDIUM,True,standard,False
9,Silverstone,British Grand Prix,2,S2,ANT,Mercedes,HAM,Ferrari,0.569,310.0,316.0,-6.0,2.0,MEDIUM,2.0,MEDIUM,True,standard,False
9,Silverstone,British Grand Prix,2,S2,HAD,Red Bull Racing,RUS,Mercedes,0.695,328.0,312.0,16.0,2.0,MEDIUM,2.0,MEDIUM,True,standard,False
9,Silverstone,British Grand Prix,2,S2,VER,Red Bull Racing,HAD,Red Bull Racing,0.36,330.0,328.0,2.0,2.0,MEDIUM,2.0,MEDIUM,True,standard,False
9,Silverstone,British Grand Prix,2,S2,NOR,McLaren,VER,Red Bull Racing,0.896,304.0,330.0,-26.0,2.0,MEDIUM,2.0,MEDIUM,True,standard,False
9,Silverstone,British Grand Prix,2,S2,OCO,Haas F1 Team,SAI,Williams,0.758,308.0,308.0,0.0,2.0,MEDIUM,2.0,MEDIUM,True,standard,False
9,Silverstone,British Grand Prix,2,S2,BOR,Audi,OCO,Haas F1 Team,0.389,332.0,308.0,24.0,2.0,MEDIUM,2.0,MEDIUM,True,standard,True
9,Silverstone,British Grand Prix,2,S2,GAS,Alpine,BOR,Audi,0.58,336.0,332.0,4.0,2.0,MEDIUM,2.0,MEDIUM,True,standard,False
9,Silverstone,British Grand Prix,2,S2,PER,Cadillac,COL,Alpine,0.791,315.0,328.0,-13.0,2.0,MEDIUM,2.0,MEDIUM,True,standard,False
9,Silverstone,British Grand Prix,2,S2,BEA,Haas F1 Team,STR,Aston Martin,0.526,319.0,307.0,12.0,2.0,MEDIUM,2.0,MEDIUM,True,standard,True
9,Silverstone,British Grand Prix,2,S2,HUL,Audi,ALO,Aston Martin,0.247,320.0,297.0,23.0,2.0,MEDIUM,2.0,MEDIUM,True,standard,True
9,Silverstone,British Grand Prix,2,S3,HAM,Ferrari,LEC,Ferrari,0.951,316.0,300.0,16.0,2.0,MEDIUM,2.0,MEDIUM,True,standard,False
9,Silverstone,British Grand Prix,2,S3,ANT,Mercedes,HAM,Ferrari,0.697,310.0,316.0,-6.0,2.0,MEDIUM,2.0,MEDIUM,True,standard,False
9,Silverstone,British Grand Prix,2,S3,HAD,Red Bull Racing,RUS,Mercedes,0.721,328.0,312.0,16.0,2.0,MEDIUM,2.0,MEDIUM,True,standard,False
9,Silverstone,British Grand Prix,2,S3,VER,Red Bull Racing,HAD,Red Bull Racing,0.476,330.0,328.0,2.0,2.0,MEDIUM,2.0,MEDIUM,True,standard,True
9,Silverstone,British Grand Prix,2,S3,BOR,Audi,SAI,Williams,0.828,332.0,308.0,24.0,2.0,MEDIUM,2.0,MEDIUM,True,standard,False
9,Silverstone,British Grand Prix,2,S3,OCO,Haas F1 Team,BOR,Audi,0.455,308.0,332.0,-24.0,2.0,MEDIUM,2.0,MEDIUM,True,standard,False
9,Silverstone,British Grand Prix,2,S3,GAS,Alpine,OCO,Haas F1 Team,0.63,336.0,308.0,28.0,2.0,MEDIUM,2.0,MEDIUM,True,standard,False
9,Silverstone,British Grand Prix,2,S3,COL,Alpine,GAS,Alpine,0.956,328.0,336.0,-8.0,2.0,MEDIUM,2.0,MEDIUM,True,standard,False
9,Silverstone,British Grand Prix,2,S3,PER,Cadillac,COL,Alpine,0.992,315.0,328.0,-13.0,2.0,MEDIUM,2.0,MEDIUM,True,standard,False
9,Silverstone,British Grand Prix,2,S3,STR,Aston Martin,BEA,Haas F1 Team,0.463,307.0,319.0,-12.0,2.0,MEDIUM,2.0,MEDIUM,True,standard,False
9,Silverstone,British Grand Prix,2,S3,ALO,Aston Martin,HUL,Audi,0.787,297.0,320.0,-23.0,2.0,MEDIUM,2.0,MEDIUM,True,standard,False
9,Silverstone,British Grand Prix,3,S1,HAM,Ferrari,LEC,Ferrari,0.738,312.0,297.0,15.0,3.0,MEDIUM,3.0,MEDIUM,True,standard,False
9,Silverstone,British Grand Prix,3,S1,ANT,Mercedes,HAM,Ferrari,0.648,312.0,312.0,0.0,3.0,MEDIUM,3.0,MEDIUM,True,standard,False
9,Silverstone,British Grand Prix,3,S1,HAD,Red Bull Racing,VER,Red Bull Racing,0.136,331.0,305.0,26.0,3.0,MEDIUM,3.0,MEDIUM,True,standard,False
9,Silverstone,British Grand Prix,3,S1,NOR,McLaren,HAD,Red Bull Racing,0.839,308.0,331.0,-23.0,3.0,MEDIUM,3.0,MEDIUM,True,standard,False
9,Silverstone,British Grand Prix,3,S1,BOR,Audi,SAI,Williams,0.931,308.0,304.0,4.0,3.0,MEDIUM,3.0,MEDIUM,True,standard,False
9,Silverstone,British Grand Prix,3,S1,OCO,Haas F1 Team,BOR,Audi,0.569,306.0,308.0,-2.0,3.0,MEDIUM,3.0,MEDIUM,True,standard,False
9,Silverstone,British Grand Prix,3,S1,GAS,Alpine,OCO,Haas F1 Team,0.711,344.0,306.0,38.0,3.0,MEDIUM,3.0,MEDIUM,True,standard,False
9,Silverstone,British Grand Prix,3,S1,PER,Cadillac,COL,Alpine,0.454,307.0,307.0,0.0,3.0,MEDIUM,3.0,MEDIUM,True,standard,False
9,Silverstone,British Grand Prix,3,S1,STR,Aston Martin,BEA,Haas F1 Team,0.764,302.0,298.0,4.0,3.0,MEDIUM,3.0,MEDIUM,True,standard,False
9,Silverstone,British Grand Prix,3,S2,ANT,Mercedes,HAM,Ferrari,0.544,312.0,312.0,0.0,3.0,MEDIUM,3.0,MEDIUM,True,standard,False
9,Silverstone,British Grand Prix,3,S2,HAD,Red Bull Racing,VER,Red Bull Racing,0.694,331.0,305.0,26.0,3.0,MEDIUM,3.0,MEDIUM,True,standard,False
9,Silverstone,British Grand Prix,3,S2,NOR,McLaren,HAD,Red Bull Racing,0.219,308.0,331.0,-23.0,3.0,MEDIUM,3.0,MEDIUM,True,standard,False
9,Silverstone,British Grand Prix,3,S2,BOR,Audi,SAI,Williams,0.577,308.0,304.0,4.0,3.0,MEDIUM,3.0,MEDIUM,True,standard,False
9,Silverstone,British Grand Prix,3,S2,OCO,Haas F1 Team,BOR,Audi,0.904,306.0,308.0,-2.0,3.0,MEDIUM,3.0,MEDIUM,True,standard,False
9,Silverstone,British Grand Prix,3,S2,GAS,Alpine,OCO,Haas F1 Team,0.576,344.0,306.0,38.0,3.0,MEDIUM,3.0,MEDIUM,True,standard,True
9,Silverstone,British Grand Prix,3,S2,PER,Cadillac,COL,Alpine,0.872,307.0,307.0,0.0,3.0,MEDIUM,3.0,MEDIUM,True,standard,False
9,Silverstone,British Grand Prix,3,S3,ANT,Mercedes,HAM,Ferrari,0.697,312.0,312.0,0.0,3.0,MEDIUM,3.0,MEDIUM,True,standard,False
9,Silverstone,British Grand Prix,3,S3,HAD,Red Bull Racing,VER,Red Bull Racing,0.769,331.0,305.0,26.0,3.0,MEDIUM,3.0,MEDIUM,True,standard,False
9,Silverstone,British Grand Prix,3,S3,NOR,McLaren,HAD,Red Bull Racing,0.384,308.0,331.0,-23.0,3.0,MEDIUM,3.0,MEDIUM,True,standard,False
9,Silverstone,British Grand Prix,3,S3,BOR,Audi,SAI,Williams,0.527,308.0,304.0,4.0,3.0,MEDIUM,3.0,MEDIUM,True,standard,False
9,Silverstone,British Grand Prix,3,S3,GAS,Alpine,BOR,Audi,0.938,344.0,308.0,36.0,3.0,MEDIUM,3.0,MEDIUM,True,standard,False
9,Silverstone,British Grand Prix,3,S3,OCO,Haas F1 Team,GAS,Alpine,0.47,306.0,344.0,-38.0,3.0,MEDIUM,3.0,MEDIUM,True,standard,False
9,Silverstone,British Grand Prix,3,S3,HUL,Audi,STR,Aston Martin,0.534,300.0,302.0,-2.0,3.0,MEDIUM,3.0,MEDIUM,True,standard,True
9,Silverstone,British Grand Prix,4,S1,HAM,Ferrari,LEC,Ferrari,0.752,309.0,303.0,6.0,4.0,MEDIUM,4.0,MEDIUM,True,standard,False
9,Silverstone,British Grand Prix,4,S1,ANT,Mercedes,HAM,Ferrari,0.79,311.0,309.0,2.0,4.0,MEDIUM,4.0,MEDIUM,True,standard,False
9,Silverstone,British Grand Prix,4,S1,HAD,Red Bull Racing,VER,Red Bull Racing,0.657,313.0,304.0,9.0,4.0,MEDIUM,4.0,MEDIUM,True,standard,False
9,Silverstone,British Grand Prix,4,S1,NOR,McLaren,HAD,Red Bull Racing,0.364,310.0,313.0,-3.0,4.0,MEDIUM,4.0,MEDIUM,True,standard,False
9,Silverstone,British Grand Prix,4,S1,BOR,Audi,SAI,Williams,0.67,310.0,308.0,2.0,4.0,MEDIUM,4.0,MEDIUM,True,standard,False
9,Silverstone,British Grand Prix,4,S1,OCO,Haas F1 Team,GAS,Alpine,0.363,308.0,326.0,-18.0,4.0,MEDIUM,4.0,MEDIUM,True,standard,False
9,Silverstone,British Grand Prix,4,S1,COL,Alpine,OCO,Haas F1 Team,0.712,337.0,308.0,29.0,4.0,MEDIUM,4.0,MEDIUM,True,standard,False
9,Silverstone,British Grand Prix,4,S1,STR,Aston Martin,HUL,Audi,0.055,297.0,299.0,-2.0,4.0,MEDIUM,4.0,MEDIUM,True,standard,False
9,Silverstone,British Grand Prix,4,S2,ANT,Mercedes,HAM,Ferrari,0.736,311.0,309.0,2.0,4.0,MEDIUM,4.0,MEDIUM,True,standard,False
9,Silverstone,British Grand Prix,4,S2,HAD,Red Bull Racing,VER,Red Bull Racing,0.844,313.0,304.0,9.0,4.0,MEDIUM,4.0,MEDIUM,True,standard,False
9,Silverstone,British Grand Prix,4,S2,NOR,McLaren,HAD,Red Bull Racing,0.439,310.0,313.0,-3.0,4.0,MEDIUM,4.0,MEDIUM,True,standard,False
9,Silverstone,British Grand Prix,4,S2,BOR,Audi,SAI,Williams,0.477,310.0,308.0,2.0,4.0,MEDIUM,4.0,MEDIUM,True,standard,False
9,Silverstone,British Grand Prix,4,S2,OCO,Haas F1 Team,GAS,Alpine,0.815,308.0,326.0,-18.0,4.0,MEDIUM,4.0,MEDIUM,True,standard,False
9,Silverstone,British Grand Prix,4,S2,COL,Alpine,OCO,Haas F1 Team,0.596,337.0,308.0,29.0,4.0,MEDIUM,4.0,MEDIUM,True,standard,False
9,Silverstone,British Grand Prix,4,S3,HAD,Red Bull Racing,VER,Red Bull Racing,0.889,313.0,304.0,9.0,4.0,MEDIUM,4.0,MEDIUM,True,standard,False
9,Silverstone,British Grand Prix,4,S3,NOR,McLaren,HAD,Red Bull Racing,0.654,310.0,313.0,-3.0,4.0,MEDIUM,4.0,MEDIUM,True,standard,False
9,Silverstone,British Grand Prix,4,S3,BOR,Audi,SAI,Williams,0.497,310.0,308.0,2.0,4.0,MEDIUM,4.0,MEDIUM,True,standard,False
9,Silverstone,British Grand Prix,4,S3,GAS,Alpine,BOR,Audi,0.97,326.0,310.0,16.0,4.0,MEDIUM,4.0,MEDIUM,True,standard,False
9,Silverstone,British Grand Prix,4,S3,OCO,Haas F1 Team,GAS,Alpine,0.973,308.0,326.0,-18.0,4.0,MEDIUM,4.0,MEDIUM,True,standard,False
9,Silverstone,British Grand Prix,4,S3,COL,Alpine,OCO,Haas F1 Team,0.655,337.0,308.0,29.0,4.0,MEDIUM,4.0,MEDIUM,True,standard,False
9,Silverstone,British Grand Prix,5,S1,HAD,Red Bull Racing,VER,Red Bull Racing,0.669,310.0,304.0,6.0,5.0,MEDIUM,5.0,MEDIUM,True,standard,False
9,Silverstone,British Grand Prix,5,S1,NOR,McLaren,HAD,Red Bull Racing,0.522,304.0,310.0,-6.0,5.0,MEDIUM,5.0,MEDIUM,True,standard,False
9,Silverstone,British Grand Prix,5,S1,BOR,Audi,SAI,Williams,0.022,296.0,295.0,1.0,5.0,MEDIUM,5.0,MEDIUM,True,standard,False
9,Silverstone,British Grand Prix,5,S1,OCO,Haas F1 Team,GAS,Alpine,0.928,304.0,325.0,-21.0,5.0,MEDIUM,5.0,MEDIUM,True,standard,False
9,Silverstone,British Grand Prix,5,S1,COL,Alpine,OCO,Haas F1 Team,0.585,343.0,304.0,39.0,5.0,MEDIUM,5.0,MEDIUM,True,standard,False
9,Silverstone,British Grand Prix,5,S1,BEA,Haas F1 Team,BOT,Cadillac,0.814,304.0,302.0,2.0,5.0,MEDIUM,5.0,MEDIUM,True,standard,False
9,Silverstone,British Grand Prix,5,S2,NOR,McLaren,HAD,Red Bull Racing,0.685,304.0,310.0,-6.0,5.0,MEDIUM,5.0,MEDIUM,True,standard,False
9,Silverstone,British Grand Prix,5,S2,BOR,Audi,SAI,Williams,0.224,296.0,295.0,1.0,5.0,MEDIUM,5.0,MEDIUM,True,standard,True
9,Silverstone,British Grand Prix,5,S2,GAS,Alpine,BOR,Audi,0.948,325.0,296.0,29.0,5.0,MEDIUM,5.0,MEDIUM,True,standard,False
9,Silverstone,British Grand Prix,5,S2,COL,Alpine,OCO,Haas F1 Team,0.545,343.0,304.0,39.0,5.0,MEDIUM,5.0,MEDIUM,True,standard,True
9,Silverstone,British Grand Prix,5,S2,BEA,Haas F1 Team,BOT,Cadillac,0.89,304.0,302.0,2.0,5.0,MEDIUM,5.0,MEDIUM,True,standard,False
9,Silverstone,British Grand Prix,5,S3,NOR,McLaren,HAD,Red Bull Racing,0.806,304.0,310.0,-6.0,5.0,MEDIUM,5.0,MEDIUM,True,standard,False
9,Silverstone,British Grand Prix,5,S3,GAS,Alpine,SAI,Williams,0.561,325.0,295.0,30.0,5.0,MEDIUM,5.0,MEDIUM,True,standard,False
9,Silverstone,British Grand Prix,5,S3,OCO,Haas F1 Team,COL,Alpine,0.324,304.0,343.0,-39.0,5.0,MEDIUM,5.0,MEDIUM,True,standard,False
9,Silverstone,British Grand Prix,5,S3,BEA,Haas F1 Team,BOT,Cadillac,0.867,304.0,302.0,2.0,5.0,MEDIUM,5.0,MEDIUM,True,standard,False
9,Silverstone,British Grand Prix,6,S1,HAD,Red Bull Racing,VER,Red Bull Racing,0.862,313.0,305.0,8.0,6.0,MEDIUM,6.0,MEDIUM,True,standard,False
9,Silverstone,British Grand Prix,6,S1,NOR,McLaren,HAD,Red Bull Racing,0.811,303.0,313.0,-10.0,6.0,MEDIUM,6.0,MEDIUM,True,standard,False
9,Silverstone,British Grand Prix,6,S1,SAI,Williams,BOR,Audi,0.793,309.0,294.0,15.0,6.0,MEDIUM,6.0,MEDIUM,True,standard,False
9,Silverstone,British Grand Prix,6,S1,GAS,Alpine,SAI,Williams,0.538,342.0,309.0,33.0,6.0,MEDIUM,6.0,MEDIUM,True,standard,False
9,Silverstone,British Grand Prix,6,S1,OCO,Haas F1 Team,COL,Alpine,0.552,316.0,302.0,14.0,6.0,MEDIUM,6.0,MEDIUM,True,standard,False
9,Silverstone,British Grand Prix,6,S1,BEA,Haas F1 Team,BOT,Cadillac,0.646,339.0,304.0,35.0,6.0,MEDIUM,6.0,MEDIUM,True,standard,False
9,Silverstone,British Grand Prix,6,S2,ANT,Mercedes,HAM,Ferrari,0.976,304.0,301.0,3.0,6.0,MEDIUM,6.0,MEDIUM,True,standard,False
9,Silverstone,British Grand Prix,6,S2,HAD,Red Bull Racing,VER,Red Bull Racing,0.982,313.0,305.0,8.0,6.0,MEDIUM,6.0,MEDIUM,True,standard,False
9,Silverstone,British Grand Prix,6,S2,NOR,McLaren,HAD,Red Bull Racing,0.948,303.0,313.0,-10.0,6.0,MEDIUM,6.0,MEDIUM,True,standard,False
9,Silverstone,British Grand Prix,6,S2,SAI,Williams,BOR,Audi,0.973,309.0,294.0,15.0,6.0,MEDIUM,6.0,MEDIUM,True,standard,False
9,Silverstone,British Grand Prix,6,S2,GAS,Alpine,SAI,Williams,0.552,342.0,309.0,33.0,6.0,MEDIUM,6.0,MEDIUM,True,standard,True
9,Silverstone,British Grand Prix,6,S2,OCO,Haas F1 Team,COL,Alpine,0.856,316.0,302.0,14.0,6.0,MEDIUM,6.0,MEDIUM,True,standard,False
9,Silverstone,British Grand Prix,6,S2,BEA,Haas F1 Team,BOT,Cadillac,0.617,339.0,304.0,35.0,6.0,MEDIUM,6.0,MEDIUM,True,standard,True
9,Silverstone,British Grand Prix,6,S3,ANT,Mercedes,HAM,Ferrari,0.915,304.0,301.0,3.0,6.0,MEDIUM,6.0,MEDIUM,True,standard,False
9,Silverstone,British Grand Prix,6,S3,SAI,Williams,GAS,Alpine,0.527,309.0,342.0,-33.0,6.0,MEDIUM,6.0,MEDIUM,True,standard,True
9,Silverstone,British Grand Prix,6,S3,OCO,Haas F1 Team,COL,Alpine,0.502,316.0,302.0,14.0,6.0,MEDIUM,6.0,MEDIUM,True,standard,False
9,Silverstone,British Grand Prix,6,S3,BOT,Cadillac,BEA,Haas F1 Team,0.682,304.0,339.0,-35.0,6.0,MEDIUM,6.0,MEDIUM,True,standard,False
9,Silverstone,British Grand Prix,7,S1,ANT,Mercedes,HAM,Ferrari,0.643,316.0,303.0,13.0,7.0,MEDIUM,7.0,MEDIUM,True,standard,False
9,Silverstone,British Grand Prix,7,S1,HAD,Red Bull Racing,VER,Red Bull Racing,0.794,306.0,304.0,2.0,7.0,MEDIUM,7.0,MEDIUM,True,standard,False
9,Silverstone,British Grand Prix,7,S1,GAS,Alpine,SAI,Williams,0.219,334.0,295.0,39.0,7.0,MEDIUM,7.0,MEDIUM,True,standard,False
9,Silverstone,British Grand Prix,7,S1,OCO,Haas F1 Team,COL,Alpine,0.694,309.0,323.0,-14.0,7.0,MEDIUM,7.0,MEDIUM,True,standard,False
9,Silverstone,British Grand Prix,7,S1,BOT,Cadillac,BEA,Haas F1 Team,0.882,306.0,292.0,14.0,7.0,MEDIUM,7.0,MEDIUM,True,standard,False
9,Silverstone,British Grand Prix,7,S1,HUL,Audi,BOT,Cadillac,0.924,334.0,306.0,28.0,7.0,MEDIUM,7.0,MEDIUM,True,standard,False
9,Silverstone,British Grand Prix,7,S2,ANT,Mercedes,HAM,Ferrari,0.519,316.0,303.0,13.0,7.0,MEDIUM,7.0,MEDIUM,True,standard,False
9,Silverstone,British Grand Prix,7,S2,GAS,Alpine,SAI,Williams,0.56,334.0,295.0,39.0,7.0,MEDIUM,7.0,MEDIUM,True,standard,True
9,Silverstone,British Grand Prix,7,S2,COL,Alpine,GAS,Alpine,0.914,323.0,334.0,-11.0,7.0,MEDIUM,7.0,MEDIUM,True,standard,False
9,Silverstone,British Grand Prix,7,S2,OCO,Haas F1 Team,COL,Alpine,0.944,309.0,323.0,-14.0,7.0,MEDIUM,7.0,MEDIUM,True,standard,False
9,Silverstone,British Grand Prix,7,S2,HUL,Audi,BOT,Cadillac,0.467,334.0,306.0,28.0,7.0,MEDIUM,7.0,MEDIUM,True,standard,True
9,Silverstone,British Grand Prix,7,S3,ANT,Mercedes,HAM,Ferrari,0.657,316.0,303.0,13.0,7.0,MEDIUM,7.0,MEDIUM,True,standard,False
9,Silverstone,British Grand Prix,7,S3,SAI,Williams,GAS,Alpine,0.626,295.0,334.0,-39.0,7.0,MEDIUM,7.0,MEDIUM,True,standard,True
9,Silverstone,British Grand Prix,7,S3,COL,Alpine,SAI,Williams,0.713,323.0,295.0,28.0,7.0,MEDIUM,7.0,MEDIUM,True,standard,False
9,Silverstone,British Grand Prix,7,S3,OCO,Haas F1 Team,COL,Alpine,0.74,309.0,323.0,-14.0,7.0,MEDIUM,7.0,MEDIUM,True,standard,False
9,Silverstone,British Grand Prix,7,S3,HUL,Audi,BEA,Haas F1 Team,0.971,334.0,292.0,42.0,7.0,MEDIUM,7.0,MEDIUM,True,standard,False
9,Silverstone,British Grand Prix,7,S3,BOT,Cadillac,HUL,Audi,0.794,306.0,334.0,-28.0,7.0,MEDIUM,7.0,MEDIUM,True,standard,False
9,Silverstone,British Grand Prix,8,S1,ANT,Mercedes,HAM,Ferrari,0.596,307.0,298.0,9.0,8.0,MEDIUM,8.0,MEDIUM,True,standard,False
9,Silverstone,British Grand Prix,8,S1,GAS,Alpine,SAI,Williams,0.121,322.0,294.0,28.0,8.0,MEDIUM,8.0,MEDIUM,True,standard,False
9,Silverstone,British Grand Prix,8,S1,OCO,Haas F1 Team,COL,Alpine,0.871,307.0,327.0,-20.0,8.0,MEDIUM,8.0,MEDIUM,True,standard,False
9,Silverstone,British Grand Prix,8,S1,HUL,Audi,BEA,Haas F1 Team,0.859,300.0,294.0,6.0,8.0,MEDIUM,8.0,MEDIUM,True,standard,False
9,Silverstone,British Grand Prix,8,S2,ANT,Mercedes,HAM,Ferrari,0.625,307.0,298.0,9.0,8.0,MEDIUM,8.0,MEDIUM,True,standard,False
9,Silverstone,British Grand Prix,8,S2,GAS,Alpine,SAI,Williams,0.476,322.0,294.0,28.0,8.0,MEDIUM,8.0,MEDIUM,True,standard,True
9,Silverstone,British Grand Prix,8,S2,COL,Alpine,GAS,Alpine,0.746,327.0,322.0,5.0,8.0,MEDIUM,8.0,MEDIUM,True,standard,False
9,Silverstone,British Grand Prix,8,S2,OCO,Haas F1 Team,COL,Alpine,0.858,307.0,327.0,-20.0,8.0,MEDIUM,8.0,MEDIUM,True,standard,False
9,Silverstone,British Grand Prix,8,S3,ANT,Mercedes,HAM,Ferrari,0.746,307.0,298.0,9.0,8.0,MEDIUM,8.0,MEDIUM,True,standard,False
9,Silverstone,British Grand Prix,8,S3,SAI,Williams,GAS,Alpine,0.547,294.0,322.0,-28.0,8.0,MEDIUM,8.0,MEDIUM,True,standard,False
9,Silverstone,British Grand Prix,8,S3,COL,Alpine,SAI,Williams,0.744,327.0,294.0,33.0,8.0,MEDIUM,8.0,MEDIUM,True,standard,False
9,Silverstone,British Grand Prix,8,S3,OCO,Haas F1 Team,COL,Alpine,0.537,307.0,327.0,-20.0,8.0,MEDIUM,8.0,MEDIUM,True,standard,False
9,Silverstone,British Grand Prix,8,S3,HUL,Audi,BEA,Haas F1 Team,0.983,300.0,294.0,6.0,8.0,MEDIUM,8.0,MEDIUM,True,standard,False
9,Silverstone,British Grand Prix,8,S3,ALO,Aston Martin,STR,Aston Martin,0.969,297.0,291.0,6.0,8.0,MEDIUM,8.0,MEDIUM,True,standard,False
9,Silverstone,British Grand Prix,9,S1,ANT,Mercedes,HAM,Ferrari,0.484,322.0,303.0,19.0,9.0,MEDIUM,9.0,MEDIUM,True,standard,False
9,Silverstone,British Grand Prix,9,S1,SAI,Williams,GAS,Alpine,0.619,316.0,297.0,19.0,9.0,MEDIUM,9.0,MEDIUM,True,standard,False
9,Silverstone,British Grand Prix,9,S1,COL,Alpine,SAI,Williams,0.62,340.0,316.0,24.0,9.0,MEDIUM,9.0,MEDIUM,True,standard,False
9,Silverstone,British Grand Prix,9,S1,OCO,Haas F1 Team,COL,Alpine,0.731,309.0,340.0,-31.0,9.0,MEDIUM,9.0,MEDIUM,True,standard,False
9,Silverstone,British Grand Prix,9,S1,HUL,Audi,BEA,Haas F1 Team,0.905,308.0,299.0,9.0,9.0,MEDIUM,9.0,MEDIUM,True,standard,False
9,Silverstone,British Grand Prix,9,S2,ANT,Mercedes,HAM,Ferrari,0.531,322.0,303.0,19.0,9.0,MEDIUM,9.0,MEDIUM,True,standard,False
9,Silverstone,British Grand Prix,9,S2,COL,Alpine,SAI,Williams,0.455,340.0,316.0,24.0,9.0,MEDIUM,9.0,MEDIUM,True,standard,True
9,Silverstone,British Grand Prix,9,S2,HUL,Audi,BEA,Haas F1 Team,0.794,308.0,299.0,9.0,9.0,MEDIUM,9.0,MEDIUM,True,standard,False
9,Silverstone,British Grand Prix,9,S3,ANT,Mercedes,HAM,Ferrari,0.702,322.0,303.0,19.0,9.0,MEDIUM,9.0,MEDIUM,True,standard,False
9,Silverstone,British Grand Prix,9,S3,COL,Alpine,GAS,Alpine,0.952,340.0,297.0,43.0,9.0,MEDIUM,9.0,MEDIUM,True,standard,False
9,Silverstone,British Grand Prix,9,S3,SAI,Williams,COL,Alpine,0.457,316.0,340.0,-24.0,9.0,MEDIUM,9.0,MEDIUM,True,standard,False
9,Silverstone,British Grand Prix,9,S3,OCO,Haas F1 Team,SAI,Williams,0.907,309.0,316.0,-7.0,9.0,MEDIUM,9.0,MEDIUM,True,standard,False
9,Silverstone,British Grand Prix,9,S3,HUL,Audi,BEA,Haas F1 Team,0.578,308.0,299.0,9.0,9.0,MEDIUM,9.0,MEDIUM,True,standard,True
9,Silverstone,British Grand Prix,10,S1,SAI,Williams,COL,Alpine,0.138,305.0,308.0,-3.0,10.0,MEDIUM,10.0,MEDIUM,True,standard,False
9,Silverstone,British Grand Prix,10,S1,OCO,Haas F1 Team,SAI,Williams,0.843,313.0,305.0,8.0,10.0,MEDIUM,10.0,MEDIUM,True,standard,False
9,Silverstone,British Grand Prix,10,S1,BEA,Haas F1 Team,HUL,Audi,0.189,311.0,299.0,12.0,10.0,MEDIUM,10.0,MEDIUM,True,standard,False
9,Silverstone,British Grand Prix,10,S2,ANT,Mercedes,HAM,Ferrari,0.515,308.0,304.0,4.0,10.0,MEDIUM,10.0,MEDIUM,True,standard,False
9,Silverstone,British Grand Prix,10,S2,SAI,Williams,COL,Alpine,0.782,305.0,308.0,-3.0,10.0,MEDIUM,10.0,MEDIUM,True,standard,False
9,Silverstone,British Grand Prix,10,S2,OCO,Haas F1 Team,SAI,Williams,0.765,313.0,305.0,8.0,10.0,MEDIUM,10.0,MEDIUM,True,standard,False
9,Silverstone,British Grand Prix,10,S2,BEA,Haas F1 Team,HUL,Audi,0.953,311.0,299.0,12.0,10.0,MEDIUM,10.0,MEDIUM,True,standard,False
9,Silverstone,British Grand Prix,10,S3,ANT,Mercedes,HAM,Ferrari,0.733,308.0,304.0,4.0,10.0,MEDIUM,10.0,MEDIUM,True,standard,False
9,Silverstone,British Grand Prix,10,S3,SAI,Williams,COL,Alpine,0.87,305.0,308.0,-3.0,10.0,MEDIUM,10.0,MEDIUM,True,standard,False
9,Silverstone,British Grand Prix,10,S3,OCO,Haas F1 Team,SAI,Williams,0.71,313.0,305.0,8.0,10.0,MEDIUM,10.0,MEDIUM,True,standard,False
9,Silverstone,British Grand Prix,10,S3,ALO,Aston Martin,STR,Aston Martin,0.947,301.0,292.0,9.0,10.0,MEDIUM,10.0,MEDIUM,True,standard,False
9,Silverstone,British Grand Prix,11,S1,ANT,Mercedes,HAM,Ferrari,0.311,305.0,315.0,-10.0,11.0,MEDIUM,11.0,MEDIUM,True,standard,True
9,Silverstone,British Grand Prix,11,S1,SAI,Williams,COL,Alpine,0.498,304.0,319.0,-15.0,11.0,MEDIUM,11.0,MEDIUM,True,standard,False
9,Silverstone,British Grand Prix,11,S1,OCO,Haas F1 Team,SAI,Williams,0.841,310.0,304.0,6.0,11.0,MEDIUM,11.0,MEDIUM,True,standard,False
9,Silverstone,British Grand Prix,11,S1,HUL,Audi,PER,Cadillac,0.935,303.0,293.0,10.0,11.0,MEDIUM,11.0,MEDIUM,True,standard,False
9,Silverstone,British Grand Prix,11,S1,ALO,Aston Martin,STR,Aston Martin,0.741,306.0,293.0,13.0,11.0,MEDIUM,11.0,MEDIUM,True,standard,False
9,Silverstone,British Grand Prix,11,S2,HAM,Ferrari,ANT,Mercedes,0.625,315.0,305.0,10.0,11.0,MEDIUM,11.0,MEDIUM,True,standard,False
9,Silverstone,British Grand Prix,11,S2,SAI,Williams,COL,Alpine,0.877,304.0,319.0,-15.0,11.0,MEDIUM,11.0,MEDIUM,True,standard,False
9,Silverstone,British Grand Prix,11,S2,HUL,Audi,PER,Cadillac,0.683,303.0,293.0,10.0,11.0,MEDIUM,11.0,MEDIUM,True,standard,False
9,Silverstone,British Grand Prix,11,S2,ALO,Aston Martin,STR,Aston Martin,0.842,306.0,293.0,13.0,11.0,MEDIUM,11.0,MEDIUM,True,standard,False
9,Silverstone,British Grand Prix,11,S3,HAM,Ferrari,ANT,Mercedes,0.732,315.0,305.0,10.0,11.0,MEDIUM,11.0,MEDIUM,True,standard,False
9,Silverstone,British Grand Prix,11,S3,OCO,Haas F1 Team,SAI,Williams,0.844,310.0,304.0,6.0,11.0,MEDIUM,11.0,MEDIUM,True,standard,False
9,Silverstone,British Grand Prix,11,S3,HUL,Audi,PER,Cadillac,0.493,303.0,293.0,10.0,11.0,MEDIUM,11.0,MEDIUM,True,standard,True
9,Silverstone,British Grand Prix,11,S3,ALO,Aston Martin,STR,Aston Martin,0.755,306.0,293.0,13.0,11.0,MEDIUM,11.0,MEDIUM,True,standard,False
9,Silverstone,British Grand Prix,12,S1,HAM,Ferrari,ANT,Mercedes,0.749,319.0,296.0,23.0,12.0,MEDIUM,12.0,MEDIUM,True,standard,False
9,Silverstone,British Grand Prix,12,S1,VER,Red Bull Racing,RUS,Mercedes,0.877,308.0,301.0,7.0,12.0,MEDIUM,12.0,MEDIUM,True,standard,False
9,Silverstone,British Grand Prix,12,S1,SAI,Williams,COL,Alpine,0.922,302.0,298.0,4.0,12.0,MEDIUM,12.0,MEDIUM,True,standard,False
9,Silverstone,British Grand Prix,12,S1,PER,Cadillac,HUL,Audi,0.13,302.0,295.0,7.0,12.0,MEDIUM,12.0,MEDIUM,True,standard,False
9,Silverstone,British Grand Prix,12,S1,ALO,Aston Martin,STR,Aston Martin,0.931,305.0,303.0,2.0,12.0,MEDIUM,12.0,MEDIUM,True,standard,False
9,Silverstone,British Grand Prix,12,S2,NOR,McLaren,HAD,Red Bull Racing,0.969,302.0,302.0,0.0,12.0,MEDIUM,12.0,MEDIUM,True,standard,False
9,Silverstone,British Grand Prix,12,S2,ALO,Aston Martin,STR,Aston Martin,0.894,305.0,303.0,2.0,12.0,MEDIUM,12.0,MEDIUM,True,standard,False
9,Silverstone,British Grand Prix,12,S3,HAM,Ferrari,ANT,Mercedes,0.885,319.0,296.0,23.0,12.0,MEDIUM,12.0,MEDIUM,True,standard,False
9,Silverstone,British Grand Prix,12,S3,OCO,Haas F1 Team,SAI,Williams,0.889,307.0,302.0,5.0,12.0,MEDIUM,12.0,MEDIUM,True,standard,False
9,Silverstone,British Grand Prix,12,S3,ALO,Aston Martin,STR,Aston Martin,0.908,305.0,303.0,2.0,12.0,MEDIUM,12.0,MEDIUM,True,standard,False
9,Silverstone,British Grand Prix,13,S1,HAM,Ferrari,ANT,Mercedes,0.753,316.0,298.0,18.0,13.0,MEDIUM,13.0,MEDIUM,True,standard,False
9,Silverstone,British Grand Prix,13,S1,VER,Red Bull Racing,RUS,Mercedes,0.827,307.0,297.0,10.0,13.0,MEDIUM,13.0,MEDIUM,True,standard,False
9,Silverstone,British Grand Prix,13,S1,ALO,Aston Martin,STR,Aston Martin,0.705,307.0,302.0,5.0,13.0,MEDIUM,13.0,MEDIUM,True,standard,False
9,Silverstone,British Grand Prix,13,S2,NOR,McLaren,HAD,Red Bull Racing,0.812,309.0,302.0,7.0,13.0,MEDIUM,13.0,MEDIUM,True,standard,False
9,Silverstone,British Grand Prix,13,S2,ALO,Aston Martin,STR,Aston Martin,0.695,307.0,302.0,5.0,13.0,MEDIUM,13.0,MEDIUM,True,standard,False
9,Silverstone,British Grand Prix,13,S3,VER,Red Bull Racing,RUS,Mercedes,0.937,307.0,297.0,10.0,13.0,MEDIUM,13.0,MEDIUM,True,standard,False
9,Silverstone,British Grand Prix,13,S3,NOR,McLaren,HAD,Red Bull Racing,0.847,309.0,302.0,7.0,13.0,MEDIUM,13.0,MEDIUM,True,standard,False
9,Silverstone,British Grand Prix,13,S3,OCO,Haas F1 Team,SAI,Williams,0.943,307.0,300.0,7.0,13.0,MEDIUM,13.0,MEDIUM,True,standard,False
9,Silverstone,British Grand Prix,13,S3,ALO,Aston Martin,STR,Aston Martin,0.78,307.0,302.0,5.0,13.0,MEDIUM,13.0,MEDIUM,True,standard,False
9,Silverstone,British Grand Prix,14,S1,VER,Red Bull Racing,RUS,Mercedes,0.699,312.0,306.0,6.0,14.0,MEDIUM,14.0,MEDIUM,True,standard,False
9,Silverstone,British Grand Prix,14,S1,NOR,McLaren,HAD,Red Bull Racing,0.722,303.0,313.0,-10.0,14.0,MEDIUM,14.0,MEDIUM,True,standard,False
9,Silverstone,British Grand Prix,14,S1,BEA,Haas F1 Team,PER,Cadillac,0.987,311.0,304.0,7.0,14.0,MEDIUM,14.0,MEDIUM,True,standard,False
9,Silverstone,British Grand Prix,14,S1,ALO,Aston Martin,STR,Aston Martin,0.395,309.0,301.0,8.0,14.0,MEDIUM,14.0,MEDIUM,True,standard,False
9,Silverstone,British Grand Prix,14,S2,VER,Red Bull Racing,RUS,Mercedes,0.709,312.0,306.0,6.0,14.0,MEDIUM,14.0,MEDIUM,True,standard,False
9,Silverstone,British Grand Prix,14,S2,NOR,McLaren,HAD,Red Bull Racing,0.637,303.0,313.0,-10.0,14.0,MEDIUM,14.0,MEDIUM,True,standard,False
9,Silverstone,British Grand Prix,14,S2,BEA,Haas F1 Team,PER,Cadillac,0.977,311.0,304.0,7.0,14.0,MEDIUM,14.0,MEDIUM,True,standard,False
9,Silverstone,British Grand Prix,14,S2,ALO,Aston Martin,STR,Aston Martin,0.649,309.0,301.0,8.0,14.0,MEDIUM,14.0,MEDIUM,True,standard,False
9,Silverstone,British Grand Prix,14,S3,VER,Red Bull Racing,RUS,Mercedes,0.779,312.0,306.0,6.0,14.0,MEDIUM,14.0,MEDIUM,True,standard,False
9,Silverstone,British Grand Prix,14,S3,NOR,McLaren,HAD,Red Bull Racing,0.908,303.0,313.0,-10.0,14.0,MEDIUM,14.0,MEDIUM,True,standard,False
9,Silverstone,British Grand Prix,14,S3,BEA,Haas F1 Team,PER,Cadillac,0.862,311.0,304.0,7.0,14.0,MEDIUM,14.0,MEDIUM,True,standard,False
9,Silverstone,British Grand Prix,14,S3,ALO,Aston Martin,STR,Aston Martin,0.832,309.0,301.0,8.0,14.0,MEDIUM,14.0,MEDIUM,True,standard,False
9,Silverstone,British Grand Prix,14,S3,PIA,McLaren,ALO,Aston Martin,0.981,306.0,309.0,-3.0,12.0,HARD,14.0,MEDIUM,True,standard,False
9,Silverstone,British Grand Prix,15,S1,VER,Red Bull Racing,RUS,Mercedes,0.347,313.0,306.0,7.0,15.0,MEDIUM,15.0,MEDIUM,True,standard,False
9,Silverstone,British Grand Prix,15,S1,NOR,McLaren,HAD,Red Bull Racing,0.747,305.0,298.0,7.0,15.0,MEDIUM,15.0,MEDIUM,True,standard,False
9,Silverstone,British Grand Prix,15,S1,BEA,Haas F1 Team,PER,Cadillac,0.55,299.0,303.0,-4.0,15.0,MEDIUM,15.0,MEDIUM,True,standard,False
9,Silverstone,British Grand Prix,15,S1,ALO,Aston Martin,STR,Aston Martin,0.672,334.0,307.0,27.0,15.0,MEDIUM,15.0,MEDIUM,True,standard,False
9,Silverstone,British Grand Prix,15,S1,PIA,McLaren,ALO,Aston Martin,0.004,296.0,334.0,-38.0,13.0,HARD,15.0,MEDIUM,True,standard,True
9,Silverstone,British Grand Prix,15,S2,VER,Red Bull Racing,RUS,Mercedes,0.639,313.0,306.0,7.0,15.0,MEDIUM,15.0,MEDIUM,True,standard,False
9,Silverstone,British Grand Prix,15,S2,NOR,McLaren,HAD,Red Bull Racing,0.676,305.0,298.0,7.0,15.0,MEDIUM,15.0,MEDIUM,True,standard,False
9,Silverstone,British Grand Prix,15,S2,BEA,Haas F1 Team,PER,Cadillac,0.706,299.0,303.0,-4.0,15.0,MEDIUM,15.0,MEDIUM,True,standard,False
9,Silverstone,British Grand Prix,15,S2,STR,Aston Martin,PIA,McLaren,0.858,307.0,296.0,11.0,15.0,MEDIUM,13.0,HARD,True,standard,False
9,Silverstone,British Grand Prix,15,S2,ALO,Aston Martin,STR,Aston Martin,0.581,334.0,307.0,27.0,15.0,MEDIUM,15.0,MEDIUM,True,standard,False
9,Silverstone,British Grand Prix,15,S3,VER,Red Bull Racing,RUS,Mercedes,0.785,313.0,306.0,7.0,15.0,MEDIUM,15.0,MEDIUM,True,standard,False
9,Silverstone,British Grand Prix,15,S3,NOR,McLaren,HAD,Red Bull Racing,0.743,305.0,298.0,7.0,15.0,MEDIUM,15.0,MEDIUM,True,standard,False
9,Silverstone,British Grand Prix,15,S3,ALO,Aston Martin,STR,Aston Martin,0.666,334.0,307.0,27.0,15.0,MEDIUM,15.0,MEDIUM,True,standard,False
9,Silverstone,British Grand Prix,16,S1,VER,Red Bull Racing,RUS,Mercedes,0.331,314.0,303.0,11.0,16.0,MEDIUM,16.0,MEDIUM,True,standard,False
9,Silverstone,British Grand Prix,16,S1,NOR,McLaren,HAD,Red Bull Racing,0.623,302.0,300.0,2.0,16.0,MEDIUM,16.0,MEDIUM,True,standard,False
9,Silverstone,British Grand Prix,16,S1,BEA,Haas F1 Team,PER,Cadillac,0.834,317.0,297.0,20.0,16.0,MEDIUM,16.0,MEDIUM,True,standard,False
9,Silverstone,British Grand Prix,16,S1,ALO,Aston Martin,STR,Aston Martin,0.364,307.0,296.0,11.0,16.0,MEDIUM,16.0,MEDIUM,True,standard,False
9,Silverstone,British Grand Prix,16,S2,VER,Red Bull Racing,RUS,Mercedes,0.569,314.0,303.0,11.0,16.0,MEDIUM,16.0,MEDIUM,True,standard,False
9,Silverstone,British Grand Prix,16,S2,NOR,McLaren,HAD,Red Bull Racing,0.598,302.0,300.0,2.0,16.0,MEDIUM,16.0,MEDIUM,True,standard,False
9,Silverstone,British Grand Prix,16,S2,BEA,Haas F1 Team,PER,Cadillac,0.821,317.0,297.0,20.0,16.0,MEDIUM,16.0,MEDIUM,True,standard,False
9,Silverstone,British Grand Prix,16,S2,ALO,Aston Martin,STR,Aston Martin,0.689,307.0,296.0,11.0,16.0,MEDIUM,16.0,MEDIUM,True,standard,False
9,Silverstone,British Grand Prix,16,S3,VER,Red Bull Racing,RUS,Mercedes,0.676,314.0,303.0,11.0,16.0,MEDIUM,16.0,MEDIUM,True,standard,False
9,Silverstone,British Grand Prix,16,S3,NOR,McLaren,HAD,Red Bull Racing,0.837,302.0,300.0,2.0,16.0,MEDIUM,16.0,MEDIUM,True,standard,False
9,Silverstone,British Grand Prix,16,S3,HUL,Audi,OCO,Haas F1 Team,0.903,302.0,296.0,6.0,16.0,MEDIUM,16.0,MEDIUM,True,standard,False
9,Silverstone,British Grand Prix,16,S3,BEA,Haas F1 Team,PER,Cadillac,0.753,317.0,297.0,20.0,16.0,MEDIUM,16.0,MEDIUM,True,standard,False
9,Silverstone,British Grand Prix,16,S3,ALO,Aston Martin,STR,Aston Martin,0.747,307.0,296.0,11.0,16.0,MEDIUM,16.0,MEDIUM,True,standard,False
9,Silverstone,British Grand Prix,17,S1,VER,Red Bull Racing,RUS,Mercedes,0.195,300.0,321.0,-21.0,17.0,MEDIUM,17.0,MEDIUM,True,standard,True
9,Silverstone,British Grand Prix,17,S1,NOR,McLaren,HAD,Red Bull Racing,0.72,298.0,298.0,0.0,17.0,MEDIUM,17.0,MEDIUM,True,standard,False
9,Silverstone,British Grand Prix,17,S1,HUL,Audi,OCO,Haas F1 Team,0.304,325.0,298.0,27.0,17.0,MEDIUM,17.0,MEDIUM,True,standard,False
9,Silverstone,British Grand Prix,17,S1,BEA,Haas F1 Team,PER,Cadillac,0.762,317.0,296.0,21.0,17.0,MEDIUM,17.0,MEDIUM,True,standard,False
9,Silverstone,British Grand Prix,17,S1,ALO,Aston Martin,STR,Aston Martin,0.742,310.0,301.0,9.0,17.0,MEDIUM,17.0,MEDIUM,True,standard,False
9,Silverstone,British Grand Prix,17,S2,RUS,Mercedes,VER,Red Bull Racing,0.545,321.0,300.0,21.0,17.0,MEDIUM,17.0,MEDIUM,True,standard,False
9,Silverstone,British Grand Prix,17,S2,HUL,Audi,OCO,Haas F1 Team,0.471,325.0,298.0,27.0,17.0,MEDIUM,17.0,MEDIUM,True,standard,True
9,Silverstone,British Grand Prix,17,S2,BEA,Haas F1 Team,PER,Cadillac,0.774,317.0,296.0,21.0,17.0,MEDIUM,17.0,MEDIUM,True,standard,False
9,Silverstone,British Grand Prix,17,S2,ALO,Aston Martin,STR,Aston Martin,0.509,310.0,301.0,9.0,17.0,MEDIUM,17.0,MEDIUM,True,standard,False
9,Silverstone,British Grand Prix,17,S3,BEA,Haas F1 Team,PER,Cadillac,0.814,317.0,296.0,21.0,17.0,MEDIUM,17.0,MEDIUM,True,standard,False
9,Silverstone,British Grand Prix,17,S3,ALO,Aston Martin,STR,Aston Martin,0.754,310.0,301.0,9.0,17.0,MEDIUM,17.0,MEDIUM,True,standard,False
9,Silverstone,British Grand Prix,18,S1,BEA,Haas F1 Team,PER,Cadillac,0.727,320.0,297.0,23.0,18.0,MEDIUM,18.0,MEDIUM,True,standard,False
9,Silverstone,British Grand Prix,18,S1,ALO,Aston Martin,STR,Aston Martin,0.589,309.0,292.0,17.0,18.0,MEDIUM,18.0,MEDIUM,True,standard,False
9,Silverstone,British Grand Prix,18,S2,NOR,McLaren,HAD,Red Bull Racing,0.839,299.0,299.0,0.0,18.0,MEDIUM,18.0,MEDIUM,True,standard,False
9,Silverstone,British Grand Prix,18,S2,BEA,Haas F1 Team,PER,Cadillac,0.645,320.0,297.0,23.0,18.0,MEDIUM,18.0,MEDIUM,True,standard,False
9,Silverstone,British Grand Prix,18,S2,ALO,Aston Martin,STR,Aston Martin,0.974,309.0,292.0,17.0,18.0,MEDIUM,18.0,MEDIUM,True,standard,False
9,Silverstone,British Grand Prix,18,S3,NOR,McLaren,HAD,Red Bull Racing,0.888,299.0,299.0,0.0,18.0,MEDIUM,18.0,MEDIUM,True,standard,False
9,Silverstone,British Grand Prix,18,S3,BEA,Haas F1 Team,PER,Cadillac,0.69,320.0,297.0,23.0,18.0,MEDIUM,18.0,MEDIUM,True,standard,False
9,Silverstone,British Grand Prix,19,S1,NOR,McLaren,HAD,Red Bull Racing,0.776,301.0,310.0,-9.0,19.0,MEDIUM,19.0,MEDIUM,True,standard,False
9,Silverstone,British Grand Prix,19,S1,BEA,Haas F1 Team,PER,Cadillac,0.784,314.0,298.0,16.0,19.0,MEDIUM,19.0,MEDIUM,True,standard,False
9,Silverstone,British Grand Prix,19,S2,NOR,McLaren,HAD,Red Bull Racing,0.644,301.0,310.0,-9.0,19.0,MEDIUM,19.0,MEDIUM,True,standard,False
9,Silverstone,British Grand Prix,19,S2,BEA,Haas F1 Team,PER,Cadillac,0.86,314.0,298.0,16.0,19.0,MEDIUM,19.0,MEDIUM,True,standard,False
9,Silverstone,British Grand Prix,19,S3,BEA,Haas F1 Team,PER,Cadillac,0.753,314.0,298.0,16.0,19.0,MEDIUM,19.0,MEDIUM,True,standard,False
9,Silverstone,British Grand Prix,20,S1,HAD,Red Bull Racing,BOR,Audi,0.17,301.0,306.0,-5.0,1.0,HARD,20.0,MEDIUM,True,standard,True
9,Silverstone,British Grand Prix,20,S1,BEA,Haas F1 Team,PER,Cadillac,0.822,317.0,297.0,20.0,20.0,MEDIUM,20.0,MEDIUM,True,standard,False
9,Silverstone,British Grand Prix,20,S2,BOR,Audi,HAD,Red Bull Racing,0.741,306.0,301.0,5.0,20.0,MEDIUM,1.0,HARD,True,standard,False
9,Silverstone,British Grand Prix,20,S2,BEA,Haas F1 Team,PER,Cadillac,0.837,317.0,297.0,20.0,20.0,MEDIUM,20.0,MEDIUM,True,standard,False
9,Silverstone,British Grand Prix,20,S2,HUL,Audi,BOT,Cadillac,0.218,310.0,307.0,3.0,3.0,HARD,20.0,MEDIUM,True,standard,True
9,Silverstone,British Grand Prix,20,S3,BEA,Haas F1 Team,PER,Cadillac,0.761,317.0,297.0,20.0,20.0,MEDIUM,20.0,MEDIUM,True,standard,False
9,Silverstone,British Grand Prix,21,S1,BEA,Haas F1 Team,PER,Cadillac,0.11,244.0,249.0,-5.0,21.0,MEDIUM,21.0,MEDIUM,True,standard,False
9,Silverstone,British Grand Prix,21,S2,BEA,Haas F1 Team,PER,Cadillac,0.983,244.0,249.0,-5.0,21.0,MEDIUM,21.0,MEDIUM,True,standard,False
9,Silverstone,British Grand Prix,21,S2,ALO,Aston Martin,STR,Aston Martin,0.743,305.0,304.0,1.0,1.0,HARD,3.0,HARD,True,standard,False
9,Silverstone,British Grand Prix,21,S3,ALO,Aston Martin,STR,Aston Martin,0.609,305.0,304.0,1.0,1.0,HARD,3.0,HARD,True,standard,True
9,Silverstone,British Grand Prix,22,S1,PIA,McLaren,BOT,Cadillac,0.031,296.0,307.0,-11.0,20.0,HARD,22.0,MEDIUM,True,standard,True
9,Silverstone,British Grand Prix,22,S1,STR,Aston Martin,ALO,Aston Martin,0.326,296.0,287.0,9.0,4.0,HARD,2.0,HARD,True,standard,False
9,Silverstone,British Grand Prix,22,S2,HAD,Red Bull Racing,LIN,Racing Bulls,0.696,327.0,299.0,28.0,3.0,HARD,22.0,MEDIUM,True,standard,False
9,Silverstone,British Grand Prix,22,S3,HAD,Red Bull Racing,LIN,Racing Bulls,0.508,327.0,299.0,28.0,3.0,HARD,22.0,MEDIUM,True,standard,False
9,Silverstone,British Grand Prix,23,S1,HAD,Red Bull Racing,LIN,Racing Bulls,0.253,302.0,305.0,-3.0,4.0,HARD,23.0,MEDIUM,True,standard,True
9,Silverstone,British Grand Prix,23,S2,LIN,Racing Bulls,HAD,Red Bull Racing,0.955,305.0,302.0,3.0,23.0,MEDIUM,4.0,HARD,True,standard,False
9,Silverstone,British Grand Prix,23,S2,COL,Alpine,BEA,Haas F1 Team,0.498,325.0,299.0,26.0,1.0,HARD,23.0,MEDIUM,True,standard,False
9,Silverstone,British Grand Prix,23,S3,COL,Alpine,BEA,Haas F1 Team,0.379,325.0,299.0,26.0,1.0,HARD,23.0,MEDIUM,True,standard,True
9,Silverstone,British Grand Prix,24,S1,BEA,Haas F1 Team,COL,Alpine,0.153,306.0,295.0,11.0,24.0,MEDIUM,2.0,HARD,True,standard,False
9,Silverstone,British Grand Prix,24,S1,SAI,Williams,GAS,Alpine,0.005,298.0,309.0,-11.0,4.0,HARD,1.0,HARD,True,standard,True
9,Silverstone,British Grand Prix,24,S1,OCO,Haas F1 Team,PER,Cadillac,0.83,304.0,303.0,1.0,3.0,HARD,3.0,HARD,True,standard,False
9,Silverstone,British Grand Prix,24,S2,GAS,Alpine,SAI,Williams,0.343,309.0,298.0,11.0,1.0,HARD,4.0,HARD,True,standard,False
9,Silverstone,British Grand Prix,24,S2,HUL,Audi,GAS,Alpine,0.374,318.0,309.0,9.0,7.0,HARD,1.0,HARD,True,standard,False
9,Silverstone,British Grand Prix,24,S2,OCO,Haas F1 Team,PER,Cadillac,0.717,304.0,303.0,1.0,3.0,HARD,3.0,HARD,True,standard,False
9,Silverstone,British Grand Prix,24,S3,GAS,Alpine,SAI,Williams,0.505,309.0,298.0,11.0,1.0,HARD,4.0,HARD,True,standard,True
9,Silverstone,British Grand Prix,24,S3,HUL,Audi,GAS,Alpine,0.45,318.0,309.0,9.0,7.0,HARD,1.0,HARD,True,standard,False
9,Silverstone,British Grand Prix,24,S3,OCO,Haas F1 Team,PER,Cadillac,0.496,304.0,303.0,1.0,3.0,HARD,3.0,HARD,True,standard,False
9,Silverstone,British Grand Prix,25,S1,HAM,Ferrari,RUS,Mercedes,0.634,307.0,304.0,3.0,2.0,HARD,2.0,HARD,True,standard,False
9,Silverstone,British Grand Prix,25,S1,HAD,Red Bull Racing,LAW,Racing Bulls,0.874,326.0,306.0,20.0,6.0,HARD,25.0,MEDIUM,True,standard,False
9,Silverstone,British Grand Prix,25,S1,SAI,Williams,GAS,Alpine,0.067,309.0,301.0,8.0,5.0,HARD,2.0,HARD,True,standard,False
9,Silverstone,British Grand Prix,25,S1,HUL,Audi,SAI,Williams,0.769,339.0,309.0,30.0,8.0,HARD,5.0,HARD,True,standard,False
9,Silverstone,British Grand Prix,25,S1,OCO,Haas F1 Team,PER,Cadillac,0.406,332.0,306.0,26.0,4.0,HARD,4.0,HARD,True,standard,False
9,Silverstone,British Grand Prix,25,S2,HAM,Ferrari,RUS,Mercedes,0.798,307.0,304.0,3.0,2.0,HARD,2.0,HARD,True,standard,False
9,Silverstone,British Grand Prix,25,S2,HAD,Red Bull Racing,LAW,Racing Bulls,0.447,326.0,306.0,20.0,6.0,HARD,25.0,MEDIUM,True,standard,True
9,Silverstone,British Grand Prix,25,S2,SAI,Williams,GAS,Alpine,0.769,309.0,301.0,8.0,5.0,HARD,2.0,HARD,True,standard,False
9,Silverstone,British Grand Prix,25,S2,HUL,Audi,SAI,Williams,0.458,339.0,309.0,30.0,8.0,HARD,5.0,HARD,True,standard,True
9,Silverstone,British Grand Prix,25,S2,PER,Cadillac,BOT,Cadillac,0.414,306.0,275.0,31.0,4.0,HARD,25.0,MEDIUM,True,standard,True
9,Silverstone,British Grand Prix,25,S2,OCO,Haas F1 Team,PER,Cadillac,0.363,332.0,306.0,26.0,4.0,HARD,4.0,HARD,True,standard,False
9,Silverstone,British Grand Prix,25,S3,HAM,Ferrari,RUS,Mercedes,0.888,307.0,304.0,3.0,2.0,HARD,2.0,HARD,True,standard,False
9,Silverstone,British Grand Prix,25,S3,LAW,Racing Bulls,HAD,Red Bull Racing,0.857,306.0,326.0,-20.0,25.0,MEDIUM,6.0,HARD,True,standard,False
9,Silverstone,British Grand Prix,25,S3,HUL,Audi,GAS,Alpine,0.914,339.0,301.0,38.0,8.0,HARD,2.0,HARD,True,standard,False
9,Silverstone,British Grand Prix,25,S3,SAI,Williams,HUL,Audi,0.747,309.0,339.0,-30.0,5.0,HARD,8.0,HARD,True,standard,False
9,Silverstone,British Grand Prix,25,S3,OCO,Haas F1 Team,PER,Cadillac,0.408,332.0,306.0,26.0,4.0,HARD,4.0,HARD,True,standard,False
9,Silverstone,British Grand Prix,25,S3,BOT,Cadillac,OCO,Haas F1 Team,0.748,275.0,332.0,-57.0,25.0,MEDIUM,4.0,HARD,True,standard,False
9,Silverstone,British Grand Prix,26,S1,HAM,Ferrari,RUS,Mercedes,0.732,322.0,311.0,11.0,3.0,HARD,3.0,HARD,True,standard,False
9,Silverstone,British Grand Prix,26,S1,LAW,Racing Bulls,HAD,Red Bull Racing,0.883,307.0,301.0,6.0,26.0,MEDIUM,7.0,HARD,True,standard,False
9,Silverstone,British Grand Prix,26,S1,GAS,Alpine,BEA,Haas F1 Team,0.638,308.0,303.0,5.0,3.0,HARD,26.0,MEDIUM,True,standard,False
9,Silverstone,British Grand Prix,26,S1,SAI,Williams,HUL,Audi,0.641,314.0,311.0,3.0,6.0,HARD,9.0,HARD,True,standard,False
9,Silverstone,British Grand Prix,26,S1,OCO,Haas F1 Team,PER,Cadillac,0.449,313.0,298.0,15.0,5.0,HARD,5.0,HARD,True,standard,False
9,Silverstone,British Grand Prix,26,S2,HAM,Ferrari,RUS,Mercedes,0.76,322.0,311.0,11.0,3.0,HARD,3.0,HARD,True,standard,False
9,Silverstone,British Grand Prix,26,S2,GAS,Alpine,BEA,Haas F1 Team,0.549,308.0,303.0,5.0,3.0,HARD,26.0,MEDIUM,True,standard,False
9,Silverstone,British Grand Prix,26,S2,HUL,Audi,GAS,Alpine,0.526,311.0,308.0,3.0,9.0,HARD,3.0,HARD,True,standard,False
9,Silverstone,British Grand Prix,26,S2,OCO,Haas F1 Team,PER,Cadillac,0.392,313.0,298.0,15.0,5.0,HARD,5.0,HARD,True,standard,False
9,Silverstone,British Grand Prix,26,S3,HAM,Ferrari,RUS,Mercedes,0.748,322.0,311.0,11.0,3.0,HARD,3.0,HARD,True,standard,False
9,Silverstone,British Grand Prix,26,S3,GAS,Alpine,BEA,Haas F1 Team,0.434,308.0,303.0,5.0,3.0,HARD,26.0,MEDIUM,True,standard,True
9,Silverstone,British Grand Prix,26,S3,HUL,Audi,GAS,Alpine,0.373,311.0,308.0,3.0,9.0,HARD,3.0,HARD,True,standard,False
9,Silverstone,British Grand Prix,26,S3,OCO,Haas F1 Team,PER,Cadillac,0.458,313.0,298.0,15.0,5.0,HARD,5.0,HARD,True,standard,False
9,Silverstone,British Grand Prix,27,S1,HAM,Ferrari,RUS,Mercedes,0.409,326.0,314.0,12.0,4.0,HARD,4.0,HARD,True,standard,False
9,Silverstone,British Grand Prix,27,S1,BEA,Haas F1 Team,GAS,Alpine,0.055,315.0,300.0,15.0,27.0,MEDIUM,4.0,HARD,True,standard,False
9,Silverstone,British Grand Prix,27,S1,HUL,Audi,BEA,Haas F1 Team,0.522,306.0,315.0,-9.0,10.0,HARD,27.0,MEDIUM,True,standard,True
9,Silverstone,British Grand Prix,27,S1,SAI,Williams,HUL,Audi,0.911,338.0,306.0,32.0,7.0,HARD,10.0,HARD,True,standard,False
9,Silverstone,British Grand Prix,27,S1,OCO,Haas F1 Team,PER,Cadillac,0.339,324.0,290.0,34.0,6.0,HARD,6.0,HARD,True,standard,False
9,Silverstone,British Grand Prix,27,S2,HAM,Ferrari,RUS,Mercedes,0.763,326.0,314.0,12.0,4.0,HARD,4.0,HARD,True,standard,False
9,Silverstone,British Grand Prix,27,S2,HUL,Audi,GAS,Alpine,0.823,306.0,300.0,6.0,10.0,HARD,4.0,HARD,True,standard,False
9,Silverstone,British Grand Prix,27,S2,BEA,Haas F1 Team,HUL,Audi,0.945,315.0,306.0,9.0,27.0,MEDIUM,10.0,HARD,True,standard,False
9,Silverstone,British Grand Prix,27,S2,SAI,Williams,BEA,Haas F1 Team,0.449,338.0,315.0,23.0,7.0,HARD,27.0,MEDIUM,True,standard,False
9,Silverstone,British Grand Prix,27,S2,OCO,Haas F1 Team,PER,Cadillac,0.503,324.0,290.0,34.0,6.0,HARD,6.0,HARD,True,standard,True
9,Silverstone,British Grand Prix,27,S3,HAM,Ferrari,RUS,Mercedes,0.711,326.0,314.0,12.0,4.0,HARD,4.0,HARD,True,standard,False
9,Silverstone,British Grand Prix,27,S3,HUL,Audi,GAS,Alpine,0.661,306.0,300.0,6.0,10.0,HARD,4.0,HARD,True,standard,False
9,Silverstone,British Grand Prix,27,S3,SAI,Williams,BEA,Haas F1 Team,0.417,338.0,315.0,23.0,7.0,HARD,27.0,MEDIUM,True,standard,False
9,Silverstone,British Grand Prix,27,S3,PER,Cadillac,OCO,Haas F1 Team,0.522,290.0,324.0,-34.0,6.0,HARD,6.0,HARD,True,standard,False
9,Silverstone,British Grand Prix,28,S1,HAM,Ferrari,RUS,Mercedes,0.572,327.0,317.0,10.0,5.0,HARD,5.0,HARD,True,standard,False
9,Silverstone,British Grand Prix,28,S1,BOR,Audi,LIN,Racing Bulls,0.597,310.0,302.0,8.0,2.0,HARD,1.0,HARD,True,standard,False
9,Silverstone,British Grand Prix,28,S1,HUL,Audi,GAS,Alpine,0.7,306.0,297.0,9.0,11.0,HARD,5.0,HARD,True,standard,False
9,Silverstone,British Grand Prix,28,S1,SAI,Williams,BEA,Haas F1 Team,0.12,296.0,309.0,-13.0,8.0,HARD,28.0,MEDIUM,True,standard,True
9,Silverstone,British Grand Prix,28,S1,PER,Cadillac,OCO,Haas F1 Team,0.519,324.0,295.0,29.0,7.0,HARD,7.0,HARD,True,standard,False
9,Silverstone,British Grand Prix,28,S2,RUS,Mercedes,VER,Red Bull Racing,0.858,317.0,304.0,13.0,5.0,HARD,11.0,HARD,True,standard,False
9,Silverstone,British Grand Prix,28,S2,HAM,Ferrari,RUS,Mercedes,0.487,327.0,317.0,10.0,5.0,HARD,5.0,HARD,True,standard,False
9,Silverstone,British Grand Prix,28,S2,BOR,Audi,LIN,Racing Bulls,0.684,310.0,302.0,8.0,2.0,HARD,1.0,HARD,True,standard,False
9,Silverstone,British Grand Prix,28,S2,HUL,Audi,GAS,Alpine,0.755,306.0,297.0,9.0,11.0,HARD,5.0,HARD,True,standard,False
9,Silverstone,British Grand Prix,28,S2,BEA,Haas F1 Team,SAI,Williams,0.909,309.0,296.0,13.0,28.0,MEDIUM,8.0,HARD,True,standard,False
9,Silverstone,British Grand Prix,28,S2,PIA,McLaren,BEA,Haas F1 Team,0.492,313.0,309.0,4.0,26.0,HARD,28.0,MEDIUM,True,standard,False
9,Silverstone,British Grand Prix,28,S2,PER,Cadillac,OCO,Haas F1 Team,0.981,324.0,295.0,29.0,7.0,HARD,7.0,HARD,True,standard,False
9,Silverstone,British Grand Prix,28,S3,RUS,Mercedes,VER,Red Bull Racing,0.648,317.0,304.0,13.0,5.0,HARD,11.0,HARD,True,standard,False
9,Silverstone,British Grand Prix,28,S3,HAM,Ferrari,RUS,Mercedes,0.525,327.0,317.0,10.0,5.0,HARD,5.0,HARD,True,standard,False
9,Silverstone,British Grand Prix,28,S3,HUL,Audi,GAS,Alpine,0.627,306.0,297.0,9.0,11.0,HARD,5.0,HARD,True,standard,False
9,Silverstone,British Grand Prix,28,S3,BEA,Haas F1 Team,SAI,Williams,0.999,309.0,296.0,13.0,28.0,MEDIUM,8.0,HARD,True,standard,False
9,Silverstone,British Grand Prix,28,S3,PIA,McLaren,BEA,Haas F1 Team,0.533,313.0,309.0,4.0,26.0,HARD,28.0,MEDIUM,True,standard,False
9,Silverstone,British Grand Prix,29,S1,RUS,Mercedes,VER,Red Bull Racing,0.3,310.0,301.0,9.0,6.0,HARD,12.0,HARD,True,standard,False
9,Silverstone,British Grand Prix,29,S1,HAM,Ferrari,RUS,Mercedes,0.529,300.0,310.0,-10.0,6.0,HARD,6.0,HARD,True,standard,True
9,Silverstone,British Grand Prix,29,S1,NOR,McLaren,HAD,Red Bull Racing,0.508,304.0,315.0,-11.0,1.0,HARD,10.0,HARD,True,standard,False
9,Silverstone,British Grand Prix,29,S1,HUL,Audi,GAS,Alpine,0.653,330.0,297.0,33.0,12.0,HARD,6.0,HARD,True,standard,False
9,Silverstone,British Grand Prix,29,S1,PIA,McLaren,BEA,Haas F1 Team,0.158,300.0,317.0,-17.0,27.0,HARD,29.0,MEDIUM,True,standard,True
9,Silverstone,British Grand Prix,29,S2,RUS,Mercedes,HAM,Ferrari,0.1,310.0,300.0,10.0,6.0,HARD,6.0,HARD,True,standard,True
9,Silverstone,British Grand Prix,29,S2,NOR,McLaren,HAD,Red Bull Racing,0.483,304.0,315.0,-11.0,1.0,HARD,10.0,HARD,True,standard,False
9,Silverstone,British Grand Prix,29,S2,BOR,Audi,LIN,Racing Bulls,0.821,310.0,304.0,6.0,3.0,HARD,2.0,HARD,True,standard,False
9,Silverstone,British Grand Prix,29,S2,HUL,Audi,GAS,Alpine,0.609,330.0,297.0,33.0,12.0,HARD,6.0,HARD,True,standard,False
9,Silverstone,British Grand Prix,29,S3,HAM,Ferrari,RUS,Mercedes,0.775,300.0,310.0,-10.0,6.0,HARD,6.0,HARD,True,standard,False
9,Silverstone,British Grand Prix,29,S3,NOR,McLaren,HAD,Red Bull Racing,0.548,304.0,315.0,-11.0,1.0,HARD,10.0,HARD,True,standard,True
9,Silverstone,British Grand Prix,29,S3,HUL,Audi,GAS,Alpine,0.744,330.0,297.0,33.0,12.0,HARD,6.0,HARD,True,standard,False
9,Silverstone,British Grand Prix,29,S3,BEA,Haas F1 Team,PIA,McLaren,0.425,317.0,300.0,17.0,29.0,MEDIUM,27.0,HARD,True,standard,False
9,Silverstone,British Grand Prix,30,S1,HAM,Ferrari,RUS,Mercedes,0.497,339.0,316.0,23.0,7.0,HARD,7.0,HARD,True,standard,False
9,Silverstone,British Grand Prix,30,S1,HAD,Red Bull Racing,NOR,McLaren,0.099,316.0,307.0,9.0,11.0,HARD,2.0,HARD,True,standard,False
9,Silverstone,British Grand Prix,30,S1,HUL,Audi,GAS,Alpine,0.946,304.0,298.0,6.0,13.0,HARD,7.0,HARD,True,standard,False
9,Silverstone,British Grand Prix,30,S1,PER,Cadillac,OCO,Haas F1 Team,0.9,325.0,299.0,26.0,9.0,HARD,9.0,HARD,True,standard,False
9,Silverstone,British Grand Prix,30,S2,RUS,Mercedes,VER,Red Bull Racing,0.717,316.0,302.0,14.0,7.0,HARD,13.0,HARD,True,standard,False
9,Silverstone,British Grand Prix,30,S2,HAM,Ferrari,RUS,Mercedes,0.593,339.0,316.0,23.0,7.0,HARD,7.0,HARD,True,standard,False
9,Silverstone,British Grand Prix,30,S2,BOR,Audi,LIN,Racing Bulls,0.963,309.0,307.0,2.0,4.0,HARD,3.0,HARD,True,standard,False
9,Silverstone,British Grand Prix,30,S2,HUL,Audi,GAS,Alpine,0.941,304.0,298.0,6.0,13.0,HARD,7.0,HARD,True,standard,False
9,Silverstone,British Grand Prix,30,S3,RUS,Mercedes,VER,Red Bull Racing,0.856,316.0,302.0,14.0,7.0,HARD,13.0,HARD,True,standard,False
9,Silverstone,British Grand Prix,30,S3,HAM,Ferrari,RUS,Mercedes,0.248,339.0,316.0,23.0,7.0,HARD,7.0,HARD,True,standard,False
9,Silverstone,British Grand Prix,30,S3,BOR,Audi,LIN,Racing Bulls,0.888,309.0,307.0,2.0,4.0,HARD,3.0,HARD,True,standard,False
9,Silverstone,British Grand Prix,30,S3,HUL,Audi,GAS,Alpine,0.883,304.0,298.0,6.0,13.0,HARD,7.0,HARD,True,standard,False
9,Silverstone,British Grand Prix,31,S1,RUS,Mercedes,VER,Red Bull Racing,0.859,308.0,304.0,4.0,8.0,HARD,14.0,HARD,True,standard,False
9,Silverstone,British Grand Prix,31,S1,HAM,Ferrari,RUS,Mercedes,0.019,301.0,308.0,-7.0,8.0,HARD,8.0,HARD,True,standard,False
9,Silverstone,British Grand Prix,31,S2,RUS,Mercedes,VER,Red Bull Racing,0.754,308.0,304.0,4.0,8.0,HARD,14.0,HARD,True,standard,False
9,Silverstone,British Grand Prix,31,S2,HAM,Ferrari,RUS,Mercedes,0.625,301.0,308.0,-7.0,8.0,HARD,8.0,HARD,True,standard,False
9,Silverstone,British Grand Prix,31,S2,BOR,Audi,LIN,Racing Bulls,0.989,308.0,311.0,-3.0,5.0,HARD,4.0,HARD,True,standard,False
9,Silverstone,British Grand Prix,31,S2,PIA,McLaren,SAI,Williams,0.898,222.0,298.0,-76.0,29.0,HARD,11.0,HARD,True,standard,False
9,Silverstone,British Grand Prix,31,S2,BEA,Haas F1 Team,PER,Cadillac,0.623,319.0,304.0,15.0,2.0,HARD,10.0,HARD,True,standard,True
9,Silverstone,British Grand Prix,31,S3,RUS,Mercedes,VER,Red Bull Racing,0.793,308.0,304.0,4.0,8.0,HARD,14.0,HARD,True,standard,False
9,Silverstone,British Grand Prix,31,S3,LIN,Racing Bulls,LAW,Racing Bulls,0.896,311.0,303.0,8.0,4.0,HARD,3.0,HARD,True,standard,False
9,Silverstone,British Grand Prix,31,S3,HUL,Audi,GAS,Alpine,0.945,303.0,298.0,5.0,14.0,HARD,8.0,HARD,True,standard,False
9,Silverstone,British Grand Prix,31,S3,PER,Cadillac,BEA,Haas F1 Team,0.565,304.0,319.0,-15.0,10.0,HARD,2.0,HARD,True,standard,False
9,Silverstone,British Grand Prix,32,S1,RUS,Mercedes,VER,Red Bull Racing,0.794,320.0,301.0,19.0,9.0,HARD,15.0,HARD,True,standard,False
9,Silverstone,British Grand Prix,32,S1,HAM,Ferrari,RUS,Mercedes,0.829,313.0,320.0,-7.0,9.0,HARD,9.0,HARD,True,standard,False
9,Silverstone,British Grand Prix,32,S1,LIN,Racing Bulls,LAW,Racing Bulls,0.651,307.0,305.0,2.0,5.0,HARD,4.0,HARD,True,standard,False
9,Silverstone,British Grand Prix,32,S1,HUL,Audi,GAS,Alpine,0.839,304.0,297.0,7.0,15.0,HARD,9.0,HARD,True,standard,False
9,Silverstone,British Grand Prix,32,S1,PER,Cadillac,BEA,Haas F1 Team,0.947,311.0,298.0,13.0,11.0,HARD,3.0,HARD,True,standard,False
9,Silverstone,British Grand Prix,32,S2,RUS,Mercedes,VER,Red Bull Racing,0.559,320.0,301.0,19.0,9.0,HARD,15.0,HARD,True,standard,False
9,Silverstone,British Grand Prix,32,S2,HAM,Ferrari,RUS,Mercedes,0.929,313.0,320.0,-7.0,9.0,HARD,9.0,HARD,True,standard,False
9,Silverstone,British Grand Prix,32,S2,LIN,Racing Bulls,LAW,Racing Bulls,0.82,307.0,305.0,2.0,5.0,HARD,4.0,HARD,True,standard,False
9,Silverstone,British Grand Prix,32,S3,RUS,Mercedes,VER,Red Bull Racing,0.599,320.0,301.0,19.0,9.0,HARD,15.0,HARD,True,standard,False
9,Silverstone,British Grand Prix,32,S3,HAM,Ferrari,RUS,Mercedes,0.822,313.0,320.0,-7.0,9.0,HARD,9.0,HARD,True,standard,False
9,Silverstone,British Grand Prix,32,S3,LIN,Racing Bulls,LAW,Racing Bulls,0.877,307.0,305.0,2.0,5.0,HARD,4.0,HARD,True,standard,False
9,Silverstone,British Grand Prix,32,S3,HUL,Audi,GAS,Alpine,0.962,304.0,297.0,7.0,15.0,HARD,9.0,HARD,True,standard,False
9,Silverstone,British Grand Prix,32,S3,PIA,McLaren,SAI,Williams,0.835,303.0,303.0,0.0,30.0,HARD,12.0,HARD,True,standard,False
9,Silverstone,British Grand Prix,33,S1,RUS,Mercedes,VER,Red Bull Racing,0.404,330.0,318.0,12.0,10.0,HARD,16.0,HARD,True,standard,False
9,Silverstone,British Grand Prix,33,S1,HAM,Ferrari,RUS,Mercedes,0.857,317.0,330.0,-13.0,10.0,HARD,10.0,HARD,True,standard,False
9,Silverstone,British Grand Prix,33,S1,LIN,Racing Bulls,LAW,Racing Bulls,0.736,331.0,300.0,31.0,6.0,HARD,5.0,HARD,True,standard,False
9,Silverstone,British Grand Prix,33,S1,HUL,Audi,GAS,Alpine,0.884,302.0,299.0,3.0,16.0,HARD,10.0,HARD,True,standard,False
9,Silverstone,British Grand Prix,33,S1,PIA,McLaren,SAI,Williams,0.352,338.0,308.0,30.0,31.0,HARD,13.0,HARD,True,standard,False
9,Silverstone,British Grand Prix,33,S2,RUS,Mercedes,VER,Red Bull Racing,0.459,330.0,318.0,12.0,10.0,HARD,16.0,HARD,True,standard,False
9,Silverstone,British Grand Prix,33,S2,HAM,Ferrari,RUS,Mercedes,0.832,317.0,330.0,-13.0,10.0,HARD,10.0,HARD,True,standard,False
9,Silverstone,British Grand Prix,33,S2,LIN,Racing Bulls,LAW,Racing Bulls,0.901,331.0,300.0,31.0,6.0,HARD,5.0,HARD,True,standard,False
9,Silverstone,British Grand Prix,33,S2,HUL,Audi,GAS,Alpine,0.987,302.0,299.0,3.0,16.0,HARD,10.0,HARD,True,standard,False
9,Silverstone,British Grand Prix,33,S2,PIA,McLaren,SAI,Williams,0.558,338.0,308.0,30.0,31.0,HARD,13.0,HARD,True,standard,True
9,Silverstone,British Grand Prix,33,S3,RUS,Mercedes,VER,Red Bull Racing,0.466,330.0,318.0,12.0,10.0,HARD,16.0,HARD,True,standard,False
9,Silverstone,British Grand Prix,33,S3,HAM,Ferrari,RUS,Mercedes,0.524,317.0,330.0,-13.0,10.0,HARD,10.0,HARD,True,standard,False
9,Silverstone,British Grand Prix,33,S3,LIN,Racing Bulls,LAW,Racing Bulls,0.873,331.0,300.0,31.0,6.0,HARD,5.0,HARD,True,standard,False
9,Silverstone,British Grand Prix,33,S3,HUL,Audi,GAS,Alpine,0.946,302.0,299.0,3.0,16.0,HARD,10.0,HARD,True,standard,False
9,Silverstone,British Grand Prix,33,S3,SAI,Williams,PIA,McLaren,0.428,308.0,338.0,-30.0,13.0,HARD,31.0,HARD,True,standard,False
9,Silverstone,British Grand Prix,34,S1,RUS,Mercedes,VER,Red Bull Racing,0.518,325.0,302.0,23.0,11.0,HARD,17.0,HARD,True,standard,False
9,Silverstone,British Grand Prix,34,S1,HAM,Ferrari,RUS,Mercedes,0.313,351.0,325.0,26.0,11.0,HARD,11.0,HARD,True,standard,False
9,Silverstone,British Grand Prix,34,S1,HUL,Audi,GAS,Alpine,0.854,305.0,300.0,5.0,17.0,HARD,11.0,HARD,True,standard,False
9,Silverstone,British Grand Prix,34,S1,SAI,Williams,PIA,McLaren,0.039,301.0,290.0,11.0,14.0,HARD,32.0,HARD,True,standard,False
9,Silverstone,British Grand Prix,34,S1,BEA,Haas F1 Team,OCO,Haas F1 Team,0.435,322.0,295.0,27.0,5.0,HARD,13.0,HARD,True,standard,False
9,Silverstone,British Grand Prix,34,S2,RUS,Mercedes,VER,Red Bull Racing,0.492,325.0,302.0,23.0,11.0,HARD,17.0,HARD,True,standard,True
9,Silverstone,British Grand Prix,34,S2,HAM,Ferrari,RUS,Mercedes,0.447,351.0,325.0,26.0,11.0,HARD,11.0,HARD,True,standard,False
9,Silverstone,British Grand Prix,34,S2,HUL,Audi,GAS,Alpine,0.912,305.0,300.0,5.0,17.0,HARD,11.0,HARD,True,standard,False
9,Silverstone,British Grand Prix,34,S2,SAI,Williams,PIA,McLaren,0.752,301.0,290.0,11.0,14.0,HARD,32.0,HARD,True,standard,False
9,Silverstone,British Grand Prix,34,S2,BEA,Haas F1 Team,OCO,Haas F1 Team,0.638,322.0,295.0,27.0,5.0,HARD,13.0,HARD,True,standard,True
9,Silverstone,British Grand Prix,34,S3,VER,Red Bull Racing,RUS,Mercedes,0.548,302.0,325.0,-23.0,17.0,HARD,11.0,HARD,True,standard,True
9,Silverstone,British Grand Prix,34,S3,HAM,Ferrari,VER,Red Bull Racing,0.442,351.0,302.0,49.0,11.0,HARD,17.0,HARD,True,standard,False
9,Silverstone,British Grand Prix,34,S3,SAI,Williams,PIA,McLaren,0.97,301.0,290.0,11.0,14.0,HARD,32.0,HARD,True,standard,False
9,Silverstone,British Grand Prix,34,S3,OCO,Haas F1 Team,BEA,Haas F1 Team,0.679,295.0,322.0,-27.0,13.0,HARD,5.0,HARD,True,standard,False
9,Silverstone,British Grand Prix,35,S1,HAM,Ferrari,VER,Red Bull Racing,0.295,328.0,308.0,20.0,12.0,HARD,18.0,HARD,True,standard,False
9,Silverstone,British Grand Prix,35,S1,SAI,Williams,PIA,McLaren,0.858,310.0,295.0,15.0,15.0,HARD,33.0,HARD,True,standard,False
9,Silverstone,British Grand Prix,35,S1,OCO,Haas F1 Team,BEA,Haas F1 Team,0.68,312.0,303.0,9.0,14.0,HARD,6.0,HARD,True,standard,False
9,Silverstone,British Grand Prix,35,S2,HAM,Ferrari,VER,Red Bull Racing,0.511,328.0,308.0,20.0,12.0,HARD,18.0,HARD,True,standard,False
9,Silverstone,British Grand Prix,35,S2,RUS,Mercedes,HAD,Red Bull Racing,0.53,310.0,301.0,9.0,7.0,MEDIUM,16.0,HARD,True,standard,False
9,Silverstone,British Grand Prix,35,S2,OCO,Haas F1 Team,BEA,Haas F1 Team,0.887,312.0,303.0,9.0,14.0,HARD,6.0,HARD,True,standard,False
9,Silverstone,British Grand Prix,35,S3,HAM,Ferrari,VER,Red Bull Racing,0.737,328.0,308.0,20.0,12.0,HARD,18.0,HARD,True,standard,False
9,Silverstone,British Grand Prix,35,S3,RUS,Mercedes,HAD,Red Bull Racing,0.389,310.0,301.0,9.0,7.0,MEDIUM,16.0,HARD,True,standard,True
9,Silverstone,British Grand Prix,35,S3,SAI,Williams,PIA,McLaren,0.816,310.0,295.0,15.0,15.0,HARD,33.0,HARD,True,standard,False
9,Silverstone,British Grand Prix,35,S3,OCO,Haas F1 Team,BEA,Haas F1 Team,0.782,312.0,303.0,9.0,14.0,HARD,6.0,HARD,True,standard,False
9,Silverstone,British Grand Prix,36,S1,HAM,Ferrari,VER,Red Bull Racing,0.554,321.0,304.0,17.0,13.0,HARD,19.0,HARD,True,standard,False
9,Silverstone,British Grand Prix,36,S1,HAD,Red Bull Racing,RUS,Mercedes,0.034,306.0,305.0,1.0,17.0,HARD,8.0,MEDIUM,True,standard,False
9,Silverstone,British Grand Prix,36,S1,SAI,Williams,PIA,McLaren,0.715,313.0,297.0,16.0,16.0,HARD,34.0,HARD,True,standard,False
9,Silverstone,British Grand Prix,36,S1,OCO,Haas F1 Team,BEA,Haas F1 Team,0.737,314.0,295.0,19.0,15.0,HARD,7.0,HARD,True,standard,False
9,Silverstone,British Grand Prix,36,S2,HAM,Ferrari,VER,Red Bull Racing,0.834,321.0,304.0,17.0,13.0,HARD,19.0,HARD,True,standard,False
9,Silverstone,British Grand Prix,36,S3,HAM,Ferrari,VER,Red Bull Racing,0.779,321.0,304.0,17.0,13.0,HARD,19.0,HARD,True,standard,False
9,Silverstone,British Grand Prix,36,S3,OCO,Haas F1 Team,BEA,Haas F1 Team,0.92,314.0,295.0,19.0,15.0,HARD,7.0,HARD,True,standard,False
9,Silverstone,British Grand Prix,37,S1,HAM,Ferrari,VER,Red Bull Racing,0.479,333.0,305.0,28.0,14.0,HARD,20.0,HARD,True,standard,False
9,Silverstone,British Grand Prix,37,S1,OCO,Haas F1 Team,BEA,Haas F1 Team,0.882,295.0,297.0,-2.0,16.0,HARD,8.0,HARD,True,standard,False
9,Silverstone,British Grand Prix,37,S2,HAM,Ferrari,VER,Red Bull Racing,0.611,333.0,305.0,28.0,14.0,HARD,20.0,HARD,True,standard,False
9,Silverstone,British Grand Prix,37,S3,HAM,Ferrari,VER,Red Bull Racing,0.245,333.0,305.0,28.0,14.0,HARD,20.0,HARD,True,standard,True
9,Silverstone,British Grand Prix,38,S1,VER,Red Bull Racing,HAM,Ferrari,0.075,311.0,316.0,-5.0,21.0,HARD,15.0,HARD,True,standard,False
9,Silverstone,British Grand Prix,38,S1,OCO,Haas F1 Team,BEA,Haas F1 Team,0.802,322.0,319.0,3.0,17.0,HARD,9.0,HARD,True,standard,False
9,Silverstone,British Grand Prix,38,S2,VER,Red Bull Racing,HAM,Ferrari,0.918,311.0,316.0,-5.0,21.0,HARD,15.0,HARD,True,standard,True
9,Silverstone,British Grand Prix,39,S1,PIA,McLaren,OCO,Haas F1 Team,0.184,314.0,322.0,-8.0,6.0,MEDIUM,18.0,HARD,True,standard,True
9,Silverstone,British Grand Prix,39,S2,PIA,McLaren,BEA,Haas F1 Team,0.434,314.0,323.0,-9.0,6.0,MEDIUM,10.0,HARD,True,standard,False
9,Silverstone,British Grand Prix,39,S3,PIA,McLaren,BEA,Haas F1 Team,0.266,314.0,323.0,-9.0,6.0,MEDIUM,10.0,HARD,True,standard,True
9,Silverstone,British Grand Prix,40,S1,BEA,Haas F1 Team,PIA,McLaren,0.02,307.0,303.0,4.0,11.0,HARD,7.0,MEDIUM,True,standard,False
9,Silverstone,British Grand Prix,42,S1,ANT,Mercedes,NOR,McLaren,0.035,283.0,299.0,-16.0,7.0,MEDIUM,10.0,MEDIUM,True,standard,False
9,Silverstone,British Grand Prix,42,S3,HAD,Red Bull Racing,ANT,Mercedes,0.981,304.0,283.0,21.0,4.0,MEDIUM,7.0,MEDIUM,True,standard,True
9,Silverstone,British Grand Prix,43,S1,ANT,Mercedes,HAD,Red Bull Racing,0.77,290.0,303.0,-13.0,8.0,MEDIUM,5.0,MEDIUM,True,standard,False
9,Silverstone,British Grand Prix,44,S2,PIA,McLaren,SAI,Williams,0.342,325.0,326.0,-1.0,11.0,MEDIUM,24.0,HARD,True,standard,True
9,Silverstone,British Grand Prix,44,S3,SAI,Williams,PIA,McLaren,0.666,326.0,325.0,1.0,24.0,HARD,11.0,MEDIUM,True,standard,False
9,Silverstone,British Grand Prix,49,S1,HAM,Ferrari,RUS,Mercedes,0.607,252.0,241.0,11.0,4.0,SOFT,21.0,MEDIUM,True,standard,False
9,Silverstone,British Grand Prix,49,S1,ANT,Mercedes,BOR,Audi,0.348,234.0,295.0,-61.0,14.0,MEDIUM,2.0,SOFT,True,standard,False
9,Silverstone,British Grand Prix,49,S1,SAI,Williams,PIA,McLaren,0.574,115.0,89.0,26.0,1.0,SOFT,5.0,SOFT,True,standard,False
9,Silverstone,British Grand Prix,49,S2,ANT,Mercedes,BOR,Audi,0.932,234.0,295.0,-61.0,14.0,MEDIUM,2.0,SOFT,True,standard,False
9,Silverstone,British Grand Prix,49,S3,HAM,Ferrari,RUS,Mercedes,0.805,252.0,241.0,11.0,4.0,SOFT,21.0,MEDIUM,True,standard,False
9,Silverstone,British Grand Prix,49,S3,SAI,Williams,PIA,McLaren,0.794,115.0,89.0,26.0,1.0,SOFT,5.0,SOFT,True,standard,False
9,Silverstone,British Grand Prix,50,S1,HAM,Ferrari,RUS,Mercedes,0.805,80.0,97.0,-17.0,5.0,SOFT,22.0,MEDIUM,True,standard,False
9,Silverstone,British Grand Prix,50,S1,ANT,Mercedes,BOR,Audi,0.547,203.0,196.0,7.0,15.0,MEDIUM,3.0,SOFT,True,standard,False
9,Silverstone,British Grand Prix,50,S1,OCO,Haas F1 Team,BEA,Haas F1 Team,0.482,296.0,280.0,16.0,3.0,SOFT,6.0,SOFT,True,standard,False
9,Silverstone,British Grand Prix,50,S1,BOT,Cadillac,PER,Cadillac,0.68,316.0,312.0,4.0,4.0,SOFT,4.0,SOFT,True,standard,False
9,Silverstone,British Grand Prix,50,S2,HAM,Ferrari,RUS,Mercedes,0.974,80.0,97.0,-17.0,5.0,SOFT,22.0,MEDIUM,True,standard,False
9,Silverstone,British Grand Prix,50,S2,LIN,Racing Bulls,LAW,Racing Bulls,0.649,225.0,221.0,4.0,6.0,SOFT,6.0,SOFT,True,standard,False
9,Silverstone,British Grand Prix,50,S2,ANT,Mercedes,BOR,Audi,0.418,203.0,196.0,7.0,15.0,MEDIUM,3.0,SOFT,True,standard,False
9,Silverstone,British Grand Prix,50,S2,OCO,Haas F1 Team,BEA,Haas F1 Team,0.69,296.0,280.0,16.0,3.0,SOFT,6.0,SOFT,True,standard,False
9,Silverstone,British Grand Prix,50,S2,BOT,Cadillac,PER,Cadillac,0.761,316.0,312.0,4.0,4.0,SOFT,4.0,SOFT,True,standard,False
9,Silverstone,British Grand Prix,50,S3,LIN,Racing Bulls,LAW,Racing Bulls,0.909,225.0,221.0,4.0,6.0,SOFT,6.0,SOFT,True,standard,False
9,Silverstone,British Grand Prix,50,S3,ANT,Mercedes,BOR,Audi,0.754,203.0,196.0,7.0,15.0,MEDIUM,3.0,SOFT,True,standard,False
9,Silverstone,British Grand Prix,50,S3,OCO,Haas F1 Team,BEA,Haas F1 Team,0.8,296.0,280.0,16.0,3.0,SOFT,6.0,SOFT,True,standard,False
9,Silverstone,British Grand Prix,50,S3,BOT,Cadillac,PER,Cadillac,0.912,316.0,312.0,4.0,4.0,SOFT,4.0,SOFT,True,standard,False
9,Silverstone,British Grand Prix,51,S1,HAD,Red Bull Racing,NOR,McLaren,0.648,177.0,142.0,35.0,7.0,SOFT,6.0,SOFT,True,standard,False
9,Silverstone,British Grand Prix,51,S1,LAW,Racing Bulls,HAD,Red Bull Racing,0.496,156.0,177.0,-21.0,7.0,SOFT,7.0,SOFT,True,standard,False
9,Silverstone,British Grand Prix,51,S1,LIN,Racing Bulls,LAW,Racing Bulls,0.933,152.0,156.0,-4.0,7.0,SOFT,7.0,SOFT,True,standard,False
9,Silverstone,British Grand Prix,51,S1,BOR,Audi,LIN,Racing Bulls,0.443,155.0,152.0,3.0,4.0,SOFT,7.0,SOFT,True,standard,False
9,Silverstone,British Grand Prix,51,S1,ANT,Mercedes,BOR,Audi,0.688,157.0,155.0,2.0,16.0,MEDIUM,4.0,SOFT,True,standard,False
9,Silverstone,British Grand Prix,51,S1,BOT,Cadillac,PER,Cadillac,0.483,311.0,292.0,19.0,5.0,SOFT,5.0,SOFT,True,standard,False
9,Silverstone,British Grand Prix,51,S2,RUS,Mercedes,LEC,Ferrari,0.764,143.0,150.0,-7.0,23.0,MEDIUM,6.0,SOFT,True,standard,False
9,Silverstone,British Grand Prix,51,S2,HAM,Ferrari,RUS,Mercedes,0.851,141.0,143.0,-2.0,6.0,SOFT,23.0,MEDIUM,True,standard,False
9,Silverstone,British Grand Prix,51,S2,NOR,McLaren,HAM,Ferrari,0.979,142.0,141.0,1.0,6.0,SOFT,6.0,SOFT,True,standard,False
9,Silverstone,British Grand Prix,51,S2,LIN,Racing Bulls,LAW,Racing Bulls,0.533,152.0,156.0,-4.0,7.0,SOFT,7.0,SOFT,True,standard,False
9,Silverstone,British Grand Prix,51,S2,ANT,Mercedes,BOR,Audi,0.726,157.0,155.0,2.0,16.0,MEDIUM,4.0,SOFT,True,standard,False
9,Silverstone,British Grand Prix,51,S2,COL,Alpine,ANT,Mercedes,0.415,153.0,157.0,-4.0,4.0,SOFT,16.0,MEDIUM,True,standard,False
9,Silverstone,British Grand Prix,51,S2,GAS,Alpine,COL,Alpine,0.783,169.0,153.0,16.0,3.0,SOFT,4.0,SOFT,True,standard,False
9,Silverstone,British Grand Prix,51,S2,OCO,Haas F1 Team,BEA,Haas F1 Team,0.523,293.0,273.0,20.0,4.0,SOFT,7.0,SOFT,True,standard,False
9,Silverstone,British Grand Prix,51,S2,BOT,Cadillac,PER,Cadillac,0.888,311.0,292.0,19.0,5.0,SOFT,5.0,SOFT,True,standard,False
9,Silverstone,British Grand Prix,51,S3,RUS,Mercedes,LEC,Ferrari,0.883,143.0,150.0,-7.0,23.0,MEDIUM,6.0,SOFT,True,standard,False
9,Silverstone,British Grand Prix,51,S3,HAM,Ferrari,RUS,Mercedes,0.489,141.0,143.0,-2.0,6.0,SOFT,23.0,MEDIUM,True,standard,False
9,Silverstone,British Grand Prix,51,S3,NOR,McLaren,HAM,Ferrari,0.749,142.0,141.0,1.0,6.0,SOFT,6.0,SOFT,True,standard,False
9,Silverstone,British Grand Prix,51,S3,HAD,Red Bull Racing,NOR,McLaren,0.936,177.0,142.0,35.0,7.0,SOFT,6.0,SOFT,True,standard,False
9,Silverstone,British Grand Prix,51,S3,LAW,Racing Bulls,HAD,Red Bull Racing,0.809,156.0,177.0,-21.0,7.0,SOFT,7.0,SOFT,True,standard,False
9,Silverstone,British Grand Prix,51,S3,LIN,Racing Bulls,LAW,Racing Bulls,0.656,152.0,156.0,-4.0,7.0,SOFT,7.0,SOFT,True,standard,False
9,Silverstone,British Grand Prix,51,S3,BOR,Audi,LIN,Racing Bulls,0.942,155.0,152.0,3.0,4.0,SOFT,7.0,SOFT,True,standard,False
9,Silverstone,British Grand Prix,51,S3,COL,Alpine,ANT,Mercedes,0.536,153.0,157.0,-4.0,4.0,SOFT,16.0,MEDIUM,True,standard,False
9,Silverstone,British Grand Prix,51,S3,GAS,Alpine,COL,Alpine,0.597,169.0,153.0,16.0,3.0,SOFT,4.0,SOFT,True,standard,False
9,Silverstone,British Grand Prix,51,S3,OCO,Haas F1 Team,BEA,Haas F1 Team,0.485,293.0,273.0,20.0,4.0,SOFT,7.0,SOFT,True,standard,False
9,Silverstone,British Grand Prix,51,S3,BOT,Cadillac,PER,Cadillac,0.782,311.0,292.0,19.0,5.0,SOFT,5.0,SOFT,True,standard,False
9,Silverstone,British Grand Prix,52,S1,RUS,Mercedes,LEC,Ferrari,0.972,186.0,210.0,-24.0,24.0,MEDIUM,7.0,SOFT,True,standard,False
9,Silverstone,British Grand Prix,52,S1,NOR,McLaren,HAM,Ferrari,0.719,208.0,186.0,22.0,7.0,SOFT,7.0,SOFT,True,standard,False
9,Silverstone,British Grand Prix,52,S1,HAD,Red Bull Racing,NOR,McLaren,0.635,231.0,208.0,23.0,8.0,SOFT,7.0,SOFT,True,standard,False
9,Silverstone,British Grand Prix,52,S1,LAW,Racing Bulls,HAD,Red Bull Racing,0.685,241.0,231.0,10.0,8.0,SOFT,8.0,SOFT,True,standard,False
9,Silverstone,British Grand Prix,52,S1,LIN,Racing Bulls,LAW,Racing Bulls,0.58,234.0,241.0,-7.0,8.0,SOFT,8.0,SOFT,True,standard,False
9,Silverstone,British Grand Prix,52,S1,BOR,Audi,LIN,Racing Bulls,0.58,222.0,234.0,-12.0,5.0,SOFT,8.0,SOFT,True,standard,False
9,Silverstone,British Grand Prix,52,S1,COL,Alpine,ANT,Mercedes,0.89,243.0,255.0,-12.0,5.0,SOFT,17.0,MEDIUM,True,standard,False
9,Silverstone,British Grand Prix,52,S1,PIA,McLaren,GAS,Alpine,0.766,238.0,251.0,-13.0,8.0,SOFT,4.0,SOFT,True,standard,False
9,Silverstone,British Grand Prix,52,S1,OCO,Haas F1 Team,BEA,Haas F1 Team,0.79,243.0,245.0,-2.0,5.0,SOFT,8.0,SOFT,True,standard,False
9,Silverstone,British Grand Prix,52,S2,RUS,Mercedes,LEC,Ferrari,0.572,186.0,210.0,-24.0,24.0,MEDIUM,7.0,SOFT,True,standard,False
9,Silverstone,British Grand Prix,52,S2,HAM,Ferrari,RUS,Mercedes,0.553,186.0,186.0,0.0,7.0,SOFT,24.0,MEDIUM,True,standard,False
9,Silverstone,British Grand Prix,52,S2,NOR,McLaren,HAM,Ferrari,0.499,208.0,186.0,22.0,7.0,SOFT,7.0,SOFT,True,standard,False
9,Silverstone,British Grand Prix,52,S2,LAW,Racing Bulls,HAD,Red Bull Racing,0.771,241.0,231.0,10.0,8.0,SOFT,8.0,SOFT,True,standard,False
9,Silverstone,British Grand Prix,52,S2,LIN,Racing Bulls,LAW,Racing Bulls,0.304,234.0,241.0,-7.0,8.0,SOFT,8.0,SOFT,True,standard,False
9,Silverstone,British Grand Prix,52,S2,BOR,Audi,LIN,Racing Bulls,0.729,222.0,234.0,-12.0,5.0,SOFT,8.0,SOFT,True,standard,False
9,Silverstone,British Grand Prix,52,S2,ANT,Mercedes,BOR,Audi,0.91,255.0,222.0,33.0,17.0,MEDIUM,5.0,SOFT,True,standard,False
9,Silverstone,British Grand Prix,52,S2,COL,Alpine,ANT,Mercedes,0.302,243.0,255.0,-12.0,5.0,SOFT,17.0,MEDIUM,True,standard,False
9,Silverstone,British Grand Prix,52,S2,GAS,Alpine,COL,Alpine,0.355,251.0,243.0,8.0,4.0,SOFT,5.0,SOFT,True,standard,False
9,Silverstone,British Grand Prix,52,S2,PIA,McLaren,GAS,Alpine,0.777,238.0,251.0,-13.0,8.0,SOFT,4.0,SOFT,True,standard,False
9,Silverstone,British Grand Prix,52,S2,SAI,Williams,PIA,McLaren,0.4,265.0,238.0,27.0,4.0,SOFT,8.0,SOFT,True,standard,False
9,Silverstone,British Grand Prix,52,S2,OCO,Haas F1 Team,BEA,Haas F1 Team,0.844,243.0,245.0,-2.0,5.0,SOFT,8.0,SOFT,True,standard,False
9,Silverstone,British Grand Prix,52,S2,BOT,Cadillac,PER,Cadillac,0.733,254.0,264.0,-10.0,6.0,SOFT,6.0,SOFT,True,standard,False
9,Silverstone,British Grand Prix,52,S3,RUS,Mercedes,LEC,Ferrari,0.424,186.0,210.0,-24.0,24.0,MEDIUM,7.0,SOFT,True,standard,False
9,Silverstone,British Grand Prix,52,S3,HAM,Ferrari,RUS,Mercedes,0.386,186.0,186.0,0.0,7.0,SOFT,24.0,MEDIUM,True,standard,False
9,Silverstone,British Grand Prix,52,S3,NOR,McLaren,HAM,Ferrari,0.353,208.0,186.0,22.0,7.0,SOFT,7.0,SOFT,True,standard,False
9,Silverstone,British Grand Prix,52,S3,HAD,Red Bull Racing,NOR,McLaren,0.443,231.0,208.0,23.0,8.0,SOFT,7.0,SOFT,True,standard,False
9,Silverstone,British Grand Prix,52,S3,LAW,Racing Bulls,HAD,Red Bull Racing,0.411,241.0,231.0,10.0,8.0,SOFT,8.0,SOFT,True,standard,False
9,Silverstone,British Grand Prix,52,S3,LIN,Racing Bulls,LAW,Racing Bulls,0.207,234.0,241.0,-7.0,8.0,SOFT,8.0,SOFT,True,standard,False
9,Silverstone,British Grand Prix,52,S3,BOR,Audi,LIN,Racing Bulls,0.197,222.0,234.0,-12.0,5.0,SOFT,8.0,SOFT,True,standard,False
9,Silverstone,British Grand Prix,52,S3,ANT,Mercedes,BOR,Audi,0.625,255.0,222.0,33.0,17.0,MEDIUM,5.0,SOFT,True,standard,False
9,Silverstone,British Grand Prix,52,S3,COL,Alpine,ANT,Mercedes,0.2,243.0,255.0,-12.0,5.0,SOFT,17.0,MEDIUM,True,standard,False
9,Silverstone,British Grand Prix,52,S3,GAS,Alpine,COL,Alpine,0.251,251.0,243.0,8.0,4.0,SOFT,5.0,SOFT,True,standard,False
9,Silverstone,British Grand Prix,52,S3,PIA,McLaren,GAS,Alpine,0.512,238.0,251.0,-13.0,8.0,SOFT,4.0,SOFT,True,standard,False
9,Silverstone,British Grand Prix,52,S3,SAI,Williams,PIA,McLaren,0.376,265.0,238.0,27.0,4.0,SOFT,8.0,SOFT,True,standard,False
9,Silverstone,British Grand Prix,52,S3,BEA,Haas F1 Team,SAI,Williams,0.825,245.0,265.0,-20.0,8.0,SOFT,4.0,SOFT,True,standard,False
9,Silverstone,British Grand Prix,52,S3,OCO,Haas F1 Team,BEA,Haas F1 Team,0.169,243.0,245.0,-2.0,5.0,SOFT,8.0,SOFT,True,standard,False
9,Silverstone,British Grand Prix,52,S3,BOT,Cadillac,PER,Cadillac,0.685,254.0,264.0,-10.0,6.0,SOFT,6.0,SOFT,True,standard,False
10,Spa-Francorchamps,Belgian Grand Prix,1,S2,LEC,Ferrari,ANT,Mercedes,0.956,295.0,287.0,8.0,1.0,MEDIUM,1.0,MEDIUM,True,standard,False
10,Spa-Francorchamps,Belgian Grand Prix,1,S2,VER,Red Bull Racing,LEC,Ferrari,0.581,288.0,295.0,-7.0,1.0,MEDIUM,1.0,MEDIUM,True,standard,False
10,Spa-Francorchamps,Belgian Grand Prix,1,S2,LAW,Racing Bulls,HAM,Ferrari,0.82,302.0,293.0,9.0,1.0,MEDIUM,1.0,MEDIUM,True,standard,False
10,Spa-Francorchamps,Belgian Grand Prix,1,S2,LIN,Racing Bulls,LAW,Racing Bulls,0.652,303.0,302.0,1.0,1.0,MEDIUM,1.0,MEDIUM,True,standard,False
10,Spa-Francorchamps,Belgian Grand Prix,1,S2,COL,Alpine,LIN,Racing Bulls,0.554,297.0,303.0,-6.0,1.0,MEDIUM,1.0,MEDIUM,True,standard,False
10,Spa-Francorchamps,Belgian Grand Prix,1,S2,BOR,Audi,COL,Alpine,0.334,293.0,297.0,-4.0,1.0,MEDIUM,1.0,MEDIUM,True,standard,False
10,Spa-Francorchamps,Belgian Grand Prix,1,S2,NOR,McLaren,BOR,Audi,0.545,290.0,293.0,-3.0,1.0,HARD,1.0,MEDIUM,True,standard,False
10,Spa-Francorchamps,Belgian Grand Prix,1,S2,GAS,Alpine,NOR,McLaren,0.422,284.0,290.0,-6.0,1.0,MEDIUM,1.0,HARD,True,standard,False
10,Spa-Francorchamps,Belgian Grand Prix,1,S2,ALB,Williams,GAS,Alpine,0.594,280.0,284.0,-4.0,1.0,MEDIUM,1.0,MEDIUM,True,standard,False
10,Spa-Francorchamps,Belgian Grand Prix,1,S2,HUL,Audi,ALB,Williams,0.375,284.0,280.0,4.0,1.0,MEDIUM,1.0,MEDIUM,True,standard,False
10,Spa-Francorchamps,Belgian Grand Prix,1,S2,BEA,Haas F1 Team,HUL,Audi,0.921,282.0,284.0,-2.0,1.0,MEDIUM,1.0,MEDIUM,True,standard,False
10,Spa-Francorchamps,Belgian Grand Prix,1,S2,HAD,Red Bull Racing,BEA,Haas F1 Team,0.61,280.0,282.0,-2.0,1.0,HARD,1.0,MEDIUM,True,standard,False
10,Spa-Francorchamps,Belgian Grand Prix,1,S2,SAI,Williams,HAD,Red Bull Racing,0.538,292.0,280.0,12.0,1.0,SOFT,1.0,HARD,True,standard,True
10,Spa-Francorchamps,Belgian Grand Prix,1,S2,PER,Cadillac,SAI,Williams,0.269,278.0,292.0,-14.0,1.0,HARD,1.0,SOFT,True,standard,False
10,Spa-Francorchamps,Belgian Grand Prix,1,S2,BOT,Cadillac,PER,Cadillac,0.464,273.0,278.0,-5.0,1.0,SOFT,1.0,HARD,True,standard,False
10,Spa-Francorchamps,Belgian Grand Prix,1,S2,ALO,Aston Martin,BOT,Cadillac,0.328,275.0,273.0,2.0,1.0,HARD,1.0,SOFT,True,standard,True
10,Spa-Francorchamps,Belgian Grand Prix,1,S2,STR,Aston Martin,ALO,Aston Martin,0.562,274.0,275.0,-1.0,1.0,HARD,1.0,HARD,True,standard,False
10,Spa-Francorchamps,Belgian Grand Prix,1,S3,HUL,Audi,ALB,Williams,0.654,284.0,280.0,4.0,1.0,MEDIUM,1.0,MEDIUM,True,standard,False
10,Spa-Francorchamps,Belgian Grand Prix,1,S3,HAD,Red Bull Racing,BEA,Haas F1 Team,0.472,280.0,282.0,-2.0,1.0,HARD,1.0,MEDIUM,True,standard,True
10,Spa-Francorchamps,Belgian Grand Prix,1,S3,ALO,Aston Martin,HAD,Red Bull Racing,0.84,275.0,280.0,-5.0,1.0,HARD,1.0,HARD,True,standard,True
10,Spa-Francorchamps,Belgian Grand Prix,1,S3,PER,Cadillac,ALO,Aston Martin,0.696,278.0,275.0,3.0,1.0,HARD,1.0,HARD,True,standard,False
10,Spa-Francorchamps,Belgian Grand Prix,1,S3,STR,Aston Martin,PER,Cadillac,0.678,274.0,278.0,-4.0,1.0,HARD,1.0,HARD,True,standard,True
10,Spa-Francorchamps,Belgian Grand Prix,2,S1,LEC,Ferrari,ANT,Mercedes,0.609,165.0,186.0,-21.0,2.0,MEDIUM,2.0,MEDIUM,True,standard,False
10,Spa-Francorchamps,Belgian Grand Prix,2,S1,HAM,Ferrari,PIA,McLaren,0.632,267.0,245.0,22.0,2.0,MEDIUM,2.0,MEDIUM,True,standard,False
10,Spa-Francorchamps,Belgian Grand Prix,2,S1,COL,Alpine,LIN,Racing Bulls,0.913,252.0,268.0,-16.0,2.0,MEDIUM,2.0,MEDIUM,True,standard,False
10,Spa-Francorchamps,Belgian Grand Prix,2,S2,PIA,McLaren,VER,Red Bull Racing,0.712,245.0,240.0,5.0,2.0,MEDIUM,2.0,MEDIUM,True,standard,False
10,Spa-Francorchamps,Belgian Grand Prix,2,S2,HAM,Ferrari,PIA,McLaren,0.489,267.0,245.0,22.0,2.0,MEDIUM,2.0,MEDIUM,True,standard,False
10,Spa-Francorchamps,Belgian Grand Prix,2,S2,LAW,Racing Bulls,HAM,Ferrari,0.837,273.0,267.0,6.0,2.0,MEDIUM,2.0,MEDIUM,True,standard,False
10,Spa-Francorchamps,Belgian Grand Prix,2,S2,LIN,Racing Bulls,LAW,Racing Bulls,0.75,268.0,273.0,-5.0,2.0,MEDIUM,2.0,MEDIUM,True,standard,False
10,Spa-Francorchamps,Belgian Grand Prix,2,S2,COL,Alpine,LIN,Racing Bulls,0.913,252.0,268.0,-16.0,2.0,MEDIUM,2.0,MEDIUM,True,standard,False
10,Spa-Francorchamps,Belgian Grand Prix,2,S2,NOR,McLaren,BOR,Audi,0.957,237.0,243.0,-6.0,2.0,HARD,2.0,MEDIUM,True,standard,False
10,Spa-Francorchamps,Belgian Grand Prix,2,S3,COL,Alpine,LIN,Racing Bulls,0.615,252.0,268.0,-16.0,2.0,MEDIUM,2.0,MEDIUM,True,standard,False
10,Spa-Francorchamps,Belgian Grand Prix,2,S3,HAD,Red Bull Racing,BEA,Haas F1 Team,0.689,263.0,264.0,-1.0,1.0,MEDIUM,1.0,HARD,True,standard,False
10,Spa-Francorchamps,Belgian Grand Prix,2,S3,PER,Cadillac,HAD,Red Bull Racing,0.669,229.0,263.0,-34.0,1.0,SOFT,1.0,MEDIUM,True,standard,True
10,Spa-Francorchamps,Belgian Grand Prix,2,S3,OCO,Haas F1 Team,BOT,Cadillac,0.935,258.0,245.0,13.0,1.0,HARD,1.0,HARD,True,standard,False
10,Spa-Francorchamps,Belgian Grand Prix,3,S1,LEC,Ferrari,ANT,Mercedes,0.65,161.0,176.0,-15.0,3.0,MEDIUM,3.0,MEDIUM,True,standard,False
10,Spa-Francorchamps,Belgian Grand Prix,3,S1,HAM,Ferrari,PIA,McLaren,0.49,233.0,246.0,-13.0,3.0,MEDIUM,3.0,MEDIUM,True,standard,False
10,Spa-Francorchamps,Belgian Grand Prix,3,S1,LIN,Racing Bulls,LAW,Racing Bulls,0.737,291.0,293.0,-2.0,3.0,MEDIUM,3.0,MEDIUM,True,standard,False
10,Spa-Francorchamps,Belgian Grand Prix,3,S1,COL,Alpine,LIN,Racing Bulls,0.669,265.0,291.0,-26.0,3.0,MEDIUM,3.0,MEDIUM,True,standard,False
10,Spa-Francorchamps,Belgian Grand Prix,3,S1,PER,Cadillac,BEA,Haas F1 Team,0.529,252.0,266.0,-14.0,2.0,SOFT,2.0,HARD,True,standard,False
10,Spa-Francorchamps,Belgian Grand Prix,3,S2,LEC,Ferrari,ANT,Mercedes,0.921,161.0,176.0,-15.0,3.0,MEDIUM,3.0,MEDIUM,True,standard,False
10,Spa-Francorchamps,Belgian Grand Prix,3,S2,HAM,Ferrari,PIA,McLaren,0.652,233.0,246.0,-13.0,3.0,MEDIUM,3.0,MEDIUM,True,standard,False
10,Spa-Francorchamps,Belgian Grand Prix,3,S2,LAW,Racing Bulls,HAM,Ferrari,0.976,293.0,233.0,60.0,3.0,MEDIUM,3.0,MEDIUM,True,standard,False
10,Spa-Francorchamps,Belgian Grand Prix,3,S2,LIN,Racing Bulls,LAW,Racing Bulls,0.888,291.0,293.0,-2.0,3.0,MEDIUM,3.0,MEDIUM,True,standard,False
10,Spa-Francorchamps,Belgian Grand Prix,3,S2,COL,Alpine,LIN,Racing Bulls,0.685,265.0,291.0,-26.0,3.0,MEDIUM,3.0,MEDIUM,True,standard,False
10,Spa-Francorchamps,Belgian Grand Prix,3,S2,HUL,Audi,ALB,Williams,0.999,268.0,259.0,9.0,3.0,MEDIUM,3.0,MEDIUM,True,standard,False
10,Spa-Francorchamps,Belgian Grand Prix,3,S2,SAI,Williams,HUL,Audi,0.934,259.0,268.0,-9.0,3.0,SOFT,3.0,MEDIUM,True,standard,False
10,Spa-Francorchamps,Belgian Grand Prix,3,S2,ALO,Aston Martin,SAI,Williams,0.885,267.0,259.0,8.0,3.0,HARD,3.0,SOFT,True,standard,False
10,Spa-Francorchamps,Belgian Grand Prix,3,S2,BEA,Haas F1 Team,STR,Aston Martin,0.958,266.0,260.0,6.0,2.0,HARD,3.0,HARD,True,standard,False
10,Spa-Francorchamps,Belgian Grand Prix,3,S2,OCO,Haas F1 Team,BOT,Cadillac,0.784,250.0,231.0,19.0,2.0,HARD,2.0,HARD,True,standard,False
10,Spa-Francorchamps,Belgian Grand Prix,3,S3,HAM,Ferrari,PIA,McLaren,0.684,233.0,246.0,-13.0,3.0,MEDIUM,3.0,MEDIUM,True,standard,False
10,Spa-Francorchamps,Belgian Grand Prix,3,S3,LIN,Racing Bulls,LAW,Racing Bulls,0.938,291.0,293.0,-2.0,3.0,MEDIUM,3.0,MEDIUM,True,standard,False
10,Spa-Francorchamps,Belgian Grand Prix,3,S3,COL,Alpine,LIN,Racing Bulls,0.969,265.0,291.0,-26.0,3.0,MEDIUM,3.0,MEDIUM,True,standard,False
10,Spa-Francorchamps,Belgian Grand Prix,3,S3,BOR,Audi,COL,Alpine,0.55,255.0,265.0,-10.0,3.0,MEDIUM,3.0,MEDIUM,True,standard,False
10,Spa-Francorchamps,Belgian Grand Prix,3,S3,NOR,McLaren,BOR,Audi,0.982,265.0,255.0,10.0,3.0,HARD,3.0,MEDIUM,True,standard,False
10,Spa-Francorchamps,Belgian Grand Prix,3,S3,HUL,Audi,ALB,Williams,0.516,268.0,259.0,9.0,3.0,MEDIUM,3.0,MEDIUM,True,standard,False
10,Spa-Francorchamps,Belgian Grand Prix,3,S3,BEA,Haas F1 Team,STR,Aston Martin,0.882,266.0,260.0,6.0,2.0,HARD,3.0,HARD,True,standard,False
10,Spa-Francorchamps,Belgian Grand Prix,3,S3,OCO,Haas F1 Team,BOT,Cadillac,0.793,250.0,231.0,19.0,2.0,HARD,2.0,HARD,True,standard,False
10,Spa-Francorchamps,Belgian Grand Prix,4,S1,HAM,Ferrari,PIA,McLaren,0.962,264.0,238.0,26.0,4.0,MEDIUM,4.0,MEDIUM,True,standard,False
10,Spa-Francorchamps,Belgian Grand Prix,4,S1,COL,Alpine,LIN,Racing Bulls,0.463,258.0,284.0,-26.0,4.0,MEDIUM,4.0,MEDIUM,True,standard,False
10,Spa-Francorchamps,Belgian Grand Prix,4,S1,BOR,Audi,COL,Alpine,0.831,245.0,258.0,-13.0,4.0,MEDIUM,4.0,MEDIUM,True,standard,False
10,Spa-Francorchamps,Belgian Grand Prix,4,S1,PER,Cadillac,BEA,Haas F1 Team,0.459,264.0,274.0,-10.0,3.0,SOFT,3.0,HARD,True,standard,False
10,Spa-Francorchamps,Belgian Grand Prix,4,S1,OCO,Haas F1 Team,BOT,Cadillac,0.706,273.0,277.0,-4.0,3.0,HARD,3.0,HARD,True,standard,False
10,Spa-Francorchamps,Belgian Grand Prix,4,S2,LEC,Ferrari,ANT,Mercedes,0.956,261.0,175.0,86.0,4.0,MEDIUM,4.0,MEDIUM,True,standard,False
10,Spa-Francorchamps,Belgian Grand Prix,4,S2,VER,Red Bull Racing,LEC,Ferrari,0.974,269.0,261.0,8.0,4.0,MEDIUM,4.0,MEDIUM,True,standard,False
10,Spa-Francorchamps,Belgian Grand Prix,4,S2,PIA,McLaren,VER,Red Bull Racing,0.986,238.0,269.0,-31.0,4.0,MEDIUM,4.0,MEDIUM,True,standard,False
10,Spa-Francorchamps,Belgian Grand Prix,4,S2,HAM,Ferrari,PIA,McLaren,0.946,264.0,238.0,26.0,4.0,MEDIUM,4.0,MEDIUM,True,standard,False
10,Spa-Francorchamps,Belgian Grand Prix,4,S2,LAW,Racing Bulls,HAM,Ferrari,0.751,236.0,264.0,-28.0,4.0,MEDIUM,4.0,MEDIUM,True,standard,False
10,Spa-Francorchamps,Belgian Grand Prix,4,S2,LIN,Racing Bulls,LAW,Racing Bulls,0.996,284.0,236.0,48.0,4.0,MEDIUM,4.0,MEDIUM,True,standard,False
10,Spa-Francorchamps,Belgian Grand Prix,4,S2,COL,Alpine,LIN,Racing Bulls,0.705,258.0,284.0,-26.0,4.0,MEDIUM,4.0,MEDIUM,True,standard,False
10,Spa-Francorchamps,Belgian Grand Prix,4,S2,BOR,Audi,COL,Alpine,0.911,245.0,258.0,-13.0,4.0,MEDIUM,4.0,MEDIUM,True,standard,False
10,Spa-Francorchamps,Belgian Grand Prix,4,S2,NOR,McLaren,BOR,Audi,0.484,252.0,245.0,7.0,4.0,HARD,4.0,MEDIUM,True,standard,False
10,Spa-Francorchamps,Belgian Grand Prix,4,S2,ALB,Williams,GAS,Alpine,0.766,254.0,254.0,0.0,4.0,MEDIUM,4.0,MEDIUM,True,standard,False
10,Spa-Francorchamps,Belgian Grand Prix,4,S2,SAI,Williams,HUL,Audi,0.912,246.0,265.0,-19.0,4.0,SOFT,4.0,MEDIUM,True,standard,False
10,Spa-Francorchamps,Belgian Grand Prix,4,S2,STR,Aston Martin,ALO,Aston Martin,0.639,266.0,253.0,13.0,4.0,HARD,4.0,HARD,True,standard,False
10,Spa-Francorchamps,Belgian Grand Prix,4,S2,BEA,Haas F1 Team,STR,Aston Martin,0.456,274.0,266.0,8.0,3.0,HARD,4.0,HARD,True,standard,False
10,Spa-Francorchamps,Belgian Grand Prix,4,S2,OCO,Haas F1 Team,BOT,Cadillac,0.799,273.0,277.0,-4.0,3.0,HARD,3.0,HARD,True,standard,False
10,Spa-Francorchamps,Belgian Grand Prix,4,S2,HAD,Red Bull Racing,OCO,Haas F1 Team,0.928,245.0,273.0,-28.0,2.0,HARD,3.0,HARD,True,standard,False
10,Spa-Francorchamps,Belgian Grand Prix,4,S3,LEC,Ferrari,ANT,Mercedes,0.909,261.0,175.0,86.0,4.0,MEDIUM,4.0,MEDIUM,True,standard,False
10,Spa-Francorchamps,Belgian Grand Prix,4,S3,VER,Red Bull Racing,LEC,Ferrari,0.821,269.0,261.0,8.0,4.0,MEDIUM,4.0,MEDIUM,True,standard,False
10,Spa-Francorchamps,Belgian Grand Prix,4,S3,PIA,McLaren,VER,Red Bull Racing,0.741,238.0,269.0,-31.0,4.0,MEDIUM,4.0,MEDIUM,True,standard,False
10,Spa-Francorchamps,Belgian Grand Prix,4,S3,HAM,Ferrari,PIA,McLaren,0.132,264.0,238.0,26.0,4.0,MEDIUM,4.0,MEDIUM,True,standard,False
10,Spa-Francorchamps,Belgian Grand Prix,4,S3,LAW,Racing Bulls,HAM,Ferrari,0.625,236.0,264.0,-28.0,4.0,MEDIUM,4.0,MEDIUM,True,standard,False
10,Spa-Francorchamps,Belgian Grand Prix,4,S3,LIN,Racing Bulls,LAW,Racing Bulls,0.503,284.0,236.0,48.0,4.0,MEDIUM,4.0,MEDIUM,True,standard,False
10,Spa-Francorchamps,Belgian Grand Prix,4,S3,COL,Alpine,LIN,Racing Bulls,0.47,258.0,284.0,-26.0,4.0,MEDIUM,4.0,MEDIUM,True,standard,False
10,Spa-Francorchamps,Belgian Grand Prix,4,S3,BOR,Audi,COL,Alpine,0.22,245.0,258.0,-13.0,4.0,MEDIUM,4.0,MEDIUM,True,standard,False
10,Spa-Francorchamps,Belgian Grand Prix,4,S3,NOR,McLaren,BOR,Audi,0.431,252.0,245.0,7.0,4.0,HARD,4.0,MEDIUM,True,standard,False
10,Spa-Francorchamps,Belgian Grand Prix,4,S3,GAS,Alpine,NOR,McLaren,0.289,254.0,252.0,2.0,4.0,MEDIUM,4.0,HARD,True,standard,False
10,Spa-Francorchamps,Belgian Grand Prix,4,S3,ALB,Williams,GAS,Alpine,0.757,254.0,254.0,0.0,4.0,MEDIUM,4.0,MEDIUM,True,standard,False
10,Spa-Francorchamps,Belgian Grand Prix,4,S3,HUL,Audi,ALB,Williams,0.412,265.0,254.0,11.0,4.0,MEDIUM,4.0,MEDIUM,True,standard,False
10,Spa-Francorchamps,Belgian Grand Prix,4,S3,SAI,Williams,HUL,Audi,0.293,246.0,265.0,-19.0,4.0,SOFT,4.0,MEDIUM,True,standard,False
10,Spa-Francorchamps,Belgian Grand Prix,4,S3,STR,Aston Martin,ALO,Aston Martin,0.683,266.0,253.0,13.0,4.0,HARD,4.0,HARD,True,standard,True
10,Spa-Francorchamps,Belgian Grand Prix,4,S3,BEA,Haas F1 Team,STR,Aston Martin,0.357,274.0,266.0,8.0,3.0,HARD,4.0,HARD,True,standard,True
10,Spa-Francorchamps,Belgian Grand Prix,4,S3,PER,Cadillac,BEA,Haas F1 Team,0.464,264.0,274.0,-10.0,3.0,SOFT,3.0,HARD,True,standard,False
10,Spa-Francorchamps,Belgian Grand Prix,4,S3,BOT,Cadillac,PER,Cadillac,0.558,277.0,264.0,13.0,3.0,HARD,3.0,SOFT,True,standard,False
10,Spa-Francorchamps,Belgian Grand Prix,4,S3,OCO,Haas F1 Team,BOT,Cadillac,0.471,273.0,277.0,-4.0,3.0,HARD,3.0,HARD,True,standard,False
10,Spa-Francorchamps,Belgian Grand Prix,4,S3,HAD,Red Bull Racing,OCO,Haas F1 Team,0.372,245.0,273.0,-28.0,2.0,HARD,3.0,HARD,True,standard,True
10,Spa-Francorchamps,Belgian Grand Prix,5,S1,VER,Red Bull Racing,LEC,Ferrari,0.303,288.0,285.0,3.0,5.0,MEDIUM,5.0,MEDIUM,True,standard,False
10,Spa-Francorchamps,Belgian Grand Prix,5,S1,PIA,McLaren,VER,Red Bull Racing,0.248,302.0,288.0,14.0,5.0,MEDIUM,5.0,MEDIUM,True,standard,False
10,Spa-Francorchamps,Belgian Grand Prix,5,S1,HAM,Ferrari,PIA,McLaren,0.979,288.0,302.0,-14.0,5.0,MEDIUM,5.0,MEDIUM,True,standard,False
10,Spa-Francorchamps,Belgian Grand Prix,5,S1,LAW,Racing Bulls,HAM,Ferrari,0.208,300.0,288.0,12.0,5.0,MEDIUM,5.0,MEDIUM,True,standard,False
10,Spa-Francorchamps,Belgian Grand Prix,5,S1,LIN,Racing Bulls,LAW,Racing Bulls,0.278,302.0,300.0,2.0,5.0,MEDIUM,5.0,MEDIUM,True,standard,False
10,Spa-Francorchamps,Belgian Grand Prix,5,S1,COL,Alpine,LIN,Racing Bulls,0.229,305.0,302.0,3.0,5.0,MEDIUM,5.0,MEDIUM,True,standard,False
10,Spa-Francorchamps,Belgian Grand Prix,5,S1,BOR,Audi,COL,Alpine,0.565,298.0,305.0,-7.0,5.0,MEDIUM,5.0,MEDIUM,True,standard,False
10,Spa-Francorchamps,Belgian Grand Prix,5,S1,NOR,McLaren,BOR,Audi,0.092,310.0,298.0,12.0,5.0,HARD,5.0,MEDIUM,True,standard,False
10,Spa-Francorchamps,Belgian Grand Prix,5,S1,GAS,Alpine,NOR,McLaren,0.471,304.0,310.0,-6.0,5.0,MEDIUM,5.0,HARD,True,standard,False
10,Spa-Francorchamps,Belgian Grand Prix,5,S1,ALB,Williams,GAS,Alpine,0.812,302.0,304.0,-2.0,5.0,MEDIUM,5.0,MEDIUM,True,standard,False
10,Spa-Francorchamps,Belgian Grand Prix,5,S1,HUL,Audi,ALB,Williams,0.424,300.0,302.0,-2.0,5.0,MEDIUM,5.0,MEDIUM,True,standard,False
10,Spa-Francorchamps,Belgian Grand Prix,5,S1,SAI,Williams,HUL,Audi,0.073,308.0,300.0,8.0,5.0,SOFT,5.0,MEDIUM,True,standard,False
10,Spa-Francorchamps,Belgian Grand Prix,5,S1,STR,Aston Martin,BEA,Haas F1 Team,0.454,294.0,296.0,-2.0,5.0,HARD,4.0,HARD,True,standard,False
10,Spa-Francorchamps,Belgian Grand Prix,5,S1,ALO,Aston Martin,STR,Aston Martin,0.043,285.0,294.0,-9.0,5.0,HARD,5.0,HARD,True,standard,False
10,Spa-Francorchamps,Belgian Grand Prix,5,S1,PER,Cadillac,ALO,Aston Martin,0.713,288.0,285.0,3.0,4.0,SOFT,5.0,HARD,True,standard,False
10,Spa-Francorchamps,Belgian Grand Prix,5,S1,HAD,Red Bull Racing,PER,Cadillac,0.053,300.0,288.0,12.0,3.0,HARD,4.0,SOFT,True,standard,True
10,Spa-Francorchamps,Belgian Grand Prix,5,S1,BOT,Cadillac,HAD,Red Bull Racing,0.039,296.0,300.0,-4.0,4.0,HARD,3.0,HARD,True,standard,False
10,Spa-Francorchamps,Belgian Grand Prix,5,S1,OCO,Haas F1 Team,BOT,Cadillac,0.703,299.0,296.0,3.0,4.0,HARD,4.0,HARD,True,standard,False
10,Spa-Francorchamps,Belgian Grand Prix,5,S2,VER,Red Bull Racing,LEC,Ferrari,0.631,288.0,285.0,3.0,5.0,MEDIUM,5.0,MEDIUM,True,standard,False
10,Spa-Francorchamps,Belgian Grand Prix,5,S2,PIA,McLaren,VER,Red Bull Racing,0.873,302.0,288.0,14.0,5.0,MEDIUM,5.0,MEDIUM,True,standard,False
10,Spa-Francorchamps,Belgian Grand Prix,5,S2,HAM,Ferrari,PIA,McLaren,0.805,288.0,302.0,-14.0,5.0,MEDIUM,5.0,MEDIUM,True,standard,False
10,Spa-Francorchamps,Belgian Grand Prix,5,S2,LAW,Racing Bulls,HAM,Ferrari,0.858,300.0,288.0,12.0,5.0,MEDIUM,5.0,MEDIUM,True,standard,False
10,Spa-Francorchamps,Belgian Grand Prix,5,S2,LIN,Racing Bulls,LAW,Racing Bulls,0.717,302.0,300.0,2.0,5.0,MEDIUM,5.0,MEDIUM,True,standard,False
10,Spa-Francorchamps,Belgian Grand Prix,5,S2,COL,Alpine,LIN,Racing Bulls,0.65,305.0,302.0,3.0,5.0,MEDIUM,5.0,MEDIUM,True,standard,False
10,Spa-Francorchamps,Belgian Grand Prix,5,S2,BOR,Audi,COL,Alpine,0.367,298.0,305.0,-7.0,5.0,MEDIUM,5.0,MEDIUM,True,standard,False
10,Spa-Francorchamps,Belgian Grand Prix,5,S2,NOR,McLaren,BOR,Audi,0.625,310.0,298.0,12.0,5.0,HARD,5.0,MEDIUM,True,standard,True
10,Spa-Francorchamps,Belgian Grand Prix,5,S2,GAS,Alpine,NOR,McLaren,0.574,304.0,310.0,-6.0,5.0,MEDIUM,5.0,HARD,True,standard,False
10,Spa-Francorchamps,Belgian Grand Prix,5,S2,ALB,Williams,GAS,Alpine,0.501,302.0,304.0,-2.0,5.0,MEDIUM,5.0,MEDIUM,True,standard,False
10,Spa-Francorchamps,Belgian Grand Prix,5,S2,HUL,Audi,ALB,Williams,0.528,300.0,302.0,-2.0,5.0,MEDIUM,5.0,MEDIUM,True,standard,False
10,Spa-Francorchamps,Belgian Grand Prix,5,S2,SAI,Williams,HUL,Audi,0.604,308.0,300.0,8.0,5.0,SOFT,5.0,MEDIUM,True,standard,False
10,Spa-Francorchamps,Belgian Grand Prix,5,S2,HAD,Red Bull Racing,STR,Aston Martin,0.554,300.0,294.0,6.0,3.0,HARD,5.0,HARD,True,standard,True
10,Spa-Francorchamps,Belgian Grand Prix,5,S2,ALO,Aston Martin,HAD,Red Bull Racing,0.595,285.0,300.0,-15.0,5.0,HARD,3.0,HARD,True,standard,False
10,Spa-Francorchamps,Belgian Grand Prix,5,S2,PER,Cadillac,ALO,Aston Martin,0.452,288.0,285.0,3.0,4.0,SOFT,5.0,HARD,True,standard,False
10,Spa-Francorchamps,Belgian Grand Prix,5,S2,BOT,Cadillac,PER,Cadillac,0.288,296.0,288.0,8.0,4.0,HARD,4.0,SOFT,True,standard,False
10,Spa-Francorchamps,Belgian Grand Prix,5,S2,OCO,Haas F1 Team,BOT,Cadillac,0.251,299.0,296.0,3.0,4.0,HARD,4.0,HARD,True,standard,True
10,Spa-Francorchamps,Belgian Grand Prix,5,S3,LEC,Ferrari,ANT,Mercedes,0.994,285.0,293.0,-8.0,5.0,MEDIUM,5.0,MEDIUM,True,standard,False
10,Spa-Francorchamps,Belgian Grand Prix,5,S3,VER,Red Bull Racing,LEC,Ferrari,0.557,288.0,285.0,3.0,5.0,MEDIUM,5.0,MEDIUM,True,standard,True
10,Spa-Francorchamps,Belgian Grand Prix,5,S3,PIA,McLaren,VER,Red Bull Racing,0.604,302.0,288.0,14.0,5.0,MEDIUM,5.0,MEDIUM,True,standard,False
10,Spa-Francorchamps,Belgian Grand Prix,5,S3,HAM,Ferrari,PIA,McLaren,0.887,288.0,302.0,-14.0,5.0,MEDIUM,5.0,MEDIUM,True,standard,False
10,Spa-Francorchamps,Belgian Grand Prix,5,S3,LIN,Racing Bulls,LAW,Racing Bulls,0.834,302.0,300.0,2.0,5.0,MEDIUM,5.0,MEDIUM,True,standard,False
10,Spa-Francorchamps,Belgian Grand Prix,5,S3,COL,Alpine,LIN,Racing Bulls,0.807,305.0,302.0,3.0,5.0,MEDIUM,5.0,MEDIUM,True,standard,False
10,Spa-Francorchamps,Belgian Grand Prix,5,S3,NOR,McLaren,COL,Alpine,0.544,310.0,305.0,5.0,5.0,HARD,5.0,MEDIUM,True,standard,False
10,Spa-Francorchamps,Belgian Grand Prix,5,S3,BOR,Audi,NOR,McLaren,0.475,298.0,310.0,-12.0,5.0,MEDIUM,5.0,HARD,True,standard,False
10,Spa-Francorchamps,Belgian Grand Prix,5,S3,GAS,Alpine,BOR,Audi,0.358,304.0,298.0,6.0,5.0,MEDIUM,5.0,MEDIUM,True,standard,False
10,Spa-Francorchamps,Belgian Grand Prix,5,S3,ALB,Williams,GAS,Alpine,0.666,302.0,304.0,-2.0,5.0,MEDIUM,5.0,MEDIUM,True,standard,False
10,Spa-Francorchamps,Belgian Grand Prix,5,S3,HUL,Audi,ALB,Williams,0.718,300.0,302.0,-2.0,5.0,MEDIUM,5.0,MEDIUM,True,standard,False
10,Spa-Francorchamps,Belgian Grand Prix,5,S3,SAI,Williams,HUL,Audi,0.458,308.0,300.0,8.0,5.0,SOFT,5.0,MEDIUM,True,standard,False
10,Spa-Francorchamps,Belgian Grand Prix,5,S3,STR,Aston Martin,HAD,Red Bull Racing,0.657,294.0,300.0,-6.0,5.0,HARD,3.0,HARD,True,standard,False
10,Spa-Francorchamps,Belgian Grand Prix,5,S3,ALO,Aston Martin,STR,Aston Martin,0.76,285.0,294.0,-9.0,5.0,HARD,5.0,HARD,True,standard,False
10,Spa-Francorchamps,Belgian Grand Prix,5,S3,PER,Cadillac,ALO,Aston Martin,0.285,288.0,285.0,3.0,4.0,SOFT,5.0,HARD,True,standard,True
10,Spa-Francorchamps,Belgian Grand Prix,5,S3,OCO,Haas F1 Team,PER,Cadillac,0.016,299.0,288.0,11.0,4.0,HARD,4.0,SOFT,True,standard,False
10,Spa-Francorchamps,Belgian Grand Prix,5,S3,BOT,Cadillac,OCO,Haas F1 Team,0.494,296.0,299.0,-3.0,4.0,HARD,4.0,HARD,True,standard,False
10,Spa-Francorchamps,Belgian Grand Prix,6,S1,LEC,Ferrari,VER,Red Bull Racing,0.078,297.0,293.0,4.0,6.0,MEDIUM,6.0,MEDIUM,True,standard,False
10,Spa-Francorchamps,Belgian Grand Prix,6,S1,PIA,McLaren,LEC,Ferrari,0.776,301.0,297.0,4.0,6.0,MEDIUM,6.0,MEDIUM,True,standard,False
10,Spa-Francorchamps,Belgian Grand Prix,6,S1,HAM,Ferrari,PIA,McLaren,0.738,302.0,301.0,1.0,6.0,MEDIUM,6.0,MEDIUM,True,standard,False
10,Spa-Francorchamps,Belgian Grand Prix,6,S1,LIN,Racing Bulls,LAW,Racing Bulls,0.906,305.0,300.0,5.0,6.0,MEDIUM,6.0,MEDIUM,True,standard,False
10,Spa-Francorchamps,Belgian Grand Prix,6,S1,NOR,McLaren,COL,Alpine,0.243,302.0,298.0,4.0,6.0,HARD,6.0,MEDIUM,True,standard,False
10,Spa-Francorchamps,Belgian Grand Prix,6,S1,BOR,Audi,NOR,McLaren,0.528,309.0,302.0,7.0,6.0,MEDIUM,6.0,HARD,True,standard,False
10,Spa-Francorchamps,Belgian Grand Prix,6,S1,GAS,Alpine,BOR,Audi,0.121,304.0,309.0,-5.0,6.0,MEDIUM,6.0,MEDIUM,True,standard,False
10,Spa-Francorchamps,Belgian Grand Prix,6,S1,ALB,Williams,GAS,Alpine,0.607,303.0,304.0,-1.0,6.0,MEDIUM,6.0,MEDIUM,True,standard,False
10,Spa-Francorchamps,Belgian Grand Prix,6,S1,HUL,Audi,ALB,Williams,1.0,303.0,303.0,0.0,6.0,MEDIUM,6.0,MEDIUM,True,standard,False
10,Spa-Francorchamps,Belgian Grand Prix,6,S1,SAI,Williams,HUL,Audi,0.752,296.0,303.0,-7.0,6.0,SOFT,6.0,MEDIUM,True,standard,False
10,Spa-Francorchamps,Belgian Grand Prix,6,S1,PER,Cadillac,STR,Aston Martin,0.396,295.0,290.0,5.0,5.0,SOFT,6.0,HARD,True,standard,False
10,Spa-Francorchamps,Belgian Grand Prix,6,S1,OCO,Haas F1 Team,PER,Cadillac,0.013,299.0,295.0,4.0,5.0,HARD,5.0,SOFT,True,standard,False
10,Spa-Francorchamps,Belgian Grand Prix,6,S1,ALO,Aston Martin,OCO,Haas F1 Team,0.252,293.0,299.0,-6.0,6.0,HARD,5.0,HARD,True,standard,False
10,Spa-Francorchamps,Belgian Grand Prix,6,S1,BOT,Cadillac,ALO,Aston Martin,0.379,298.0,293.0,5.0,5.0,HARD,6.0,HARD,True,standard,False
10,Spa-Francorchamps,Belgian Grand Prix,6,S2,LEC,Ferrari,VER,Red Bull Racing,0.769,297.0,293.0,4.0,6.0,MEDIUM,6.0,MEDIUM,True,standard,False
10,Spa-Francorchamps,Belgian Grand Prix,6,S2,PIA,McLaren,LEC,Ferrari,0.727,301.0,297.0,4.0,6.0,MEDIUM,6.0,MEDIUM,True,standard,False
10,Spa-Francorchamps,Belgian Grand Prix,6,S2,HAM,Ferrari,PIA,McLaren,0.774,302.0,301.0,1.0,6.0,MEDIUM,6.0,MEDIUM,True,standard,False
10,Spa-Francorchamps,Belgian Grand Prix,6,S2,LIN,Racing Bulls,LAW,Racing Bulls,0.977,305.0,300.0,5.0,6.0,MEDIUM,6.0,MEDIUM,True,standard,False
10,Spa-Francorchamps,Belgian Grand Prix,6,S2,NOR,McLaren,COL,Alpine,0.639,302.0,298.0,4.0,6.0,HARD,6.0,MEDIUM,True,standard,False
10,Spa-Francorchamps,Belgian Grand Prix,6,S2,BOR,Audi,NOR,McLaren,0.485,309.0,302.0,7.0,6.0,MEDIUM,6.0,HARD,True,standard,False
10,Spa-Francorchamps,Belgian Grand Prix,6,S2,GAS,Alpine,BOR,Audi,0.676,304.0,309.0,-5.0,6.0,MEDIUM,6.0,MEDIUM,True,standard,False
10,Spa-Francorchamps,Belgian Grand Prix,6,S2,ALB,Williams,GAS,Alpine,0.808,303.0,304.0,-1.0,6.0,MEDIUM,6.0,MEDIUM,True,standard,False
10,Spa-Francorchamps,Belgian Grand Prix,6,S2,HUL,Audi,ALB,Williams,0.594,303.0,303.0,0.0,6.0,MEDIUM,6.0,MEDIUM,True,standard,False
10,Spa-Francorchamps,Belgian Grand Prix,6,S2,SAI,Williams,HUL,Audi,0.965,296.0,303.0,-7.0,6.0,SOFT,6.0,MEDIUM,True,standard,False
10,Spa-Francorchamps,Belgian Grand Prix,6,S2,BEA,Haas F1 Team,SAI,Williams,0.598,294.0,296.0,-2.0,5.0,HARD,6.0,SOFT,True,standard,False
10,Spa-Francorchamps,Belgian Grand Prix,6,S2,PER,Cadillac,STR,Aston Martin,0.653,295.0,290.0,5.0,5.0,SOFT,6.0,HARD,True,standard,True
10,Spa-Francorchamps,Belgian Grand Prix,6,S2,OCO,Haas F1 Team,PER,Cadillac,0.479,299.0,295.0,4.0,5.0,HARD,5.0,SOFT,True,standard,False
10,Spa-Francorchamps,Belgian Grand Prix,6,S2,ALO,Aston Martin,OCO,Haas F1 Team,0.965,293.0,299.0,-6.0,6.0,HARD,5.0,HARD,True,standard,False
10,Spa-Francorchamps,Belgian Grand Prix,6,S2,BOT,Cadillac,ALO,Aston Martin,0.713,298.0,293.0,5.0,5.0,HARD,6.0,HARD,True,standard,False
10,Spa-Francorchamps,Belgian Grand Prix,6,S3,VER,Red Bull Racing,ANT,Mercedes,0.823,293.0,296.0,-3.0,6.0,MEDIUM,6.0,MEDIUM,True,standard,False
10,Spa-Francorchamps,Belgian Grand Prix,6,S3,LEC,Ferrari,VER,Red Bull Racing,0.836,297.0,293.0,4.0,6.0,MEDIUM,6.0,MEDIUM,True,standard,False
10,Spa-Francorchamps,Belgian Grand Prix,6,S3,PIA,McLaren,LEC,Ferrari,0.612,301.0,297.0,4.0,6.0,MEDIUM,6.0,MEDIUM,True,standard,False
10,Spa-Francorchamps,Belgian Grand Prix,6,S3,HAM,Ferrari,PIA,McLaren,0.713,302.0,301.0,1.0,6.0,MEDIUM,6.0,MEDIUM,True,standard,False
10,Spa-Francorchamps,Belgian Grand Prix,6,S3,NOR,McLaren,COL,Alpine,0.69,302.0,298.0,4.0,6.0,HARD,6.0,MEDIUM,True,standard,False
10,Spa-Francorchamps,Belgian Grand Prix,6,S3,BOR,Audi,NOR,McLaren,0.713,309.0,302.0,7.0,6.0,MEDIUM,6.0,HARD,True,standard,False
10,Spa-Francorchamps,Belgian Grand Prix,6,S3,GAS,Alpine,BOR,Audi,0.365,304.0,309.0,-5.0,6.0,MEDIUM,6.0,MEDIUM,True,standard,True
10,Spa-Francorchamps,Belgian Grand Prix,6,S3,HUL,Audi,ALB,Williams,0.625,303.0,303.0,0.0,6.0,MEDIUM,6.0,MEDIUM,True,standard,False
10,Spa-Francorchamps,Belgian Grand Prix,6,S3,SAI,Williams,HUL,Audi,0.764,296.0,303.0,-7.0,6.0,SOFT,6.0,MEDIUM,True,standard,False
10,Spa-Francorchamps,Belgian Grand Prix,6,S3,BEA,Haas F1 Team,SAI,Williams,0.586,294.0,296.0,-2.0,5.0,HARD,6.0,SOFT,True,standard,False
10,Spa-Francorchamps,Belgian Grand Prix,6,S3,OCO,Haas F1 Team,PER,Cadillac,0.238,299.0,295.0,4.0,5.0,HARD,5.0,SOFT,True,standard,True
10,Spa-Francorchamps,Belgian Grand Prix,6,S3,STR,Aston Martin,OCO,Haas F1 Team,0.763,290.0,299.0,-9.0,6.0,HARD,5.0,HARD,True,standard,False
10,Spa-Francorchamps,Belgian Grand Prix,6,S3,ALO,Aston Martin,STR,Aston Martin,0.951,293.0,290.0,3.0,6.0,HARD,6.0,HARD,True,standard,False
10,Spa-Francorchamps,Belgian Grand Prix,6,S3,BOT,Cadillac,ALO,Aston Martin,0.265,298.0,293.0,5.0,5.0,HARD,6.0,HARD,True,standard,True
10,Spa-Francorchamps,Belgian Grand Prix,7,S1,VER,Red Bull Racing,ANT,Mercedes,0.84,289.0,295.0,-6.0,7.0,MEDIUM,7.0,MEDIUM,True,standard,False
10,Spa-Francorchamps,Belgian Grand Prix,7,S1,LEC,Ferrari,VER,Red Bull Racing,0.82,300.0,289.0,11.0,7.0,MEDIUM,7.0,MEDIUM,True,standard,False
10,Spa-Francorchamps,Belgian Grand Prix,7,S1,PIA,McLaren,LEC,Ferrari,0.24,306.0,300.0,6.0,7.0,MEDIUM,7.0,MEDIUM,True,standard,False
10,Spa-Francorchamps,Belgian Grand Prix,7,S1,HAM,Ferrari,PIA,McLaren,0.537,304.0,306.0,-2.0,7.0,MEDIUM,7.0,MEDIUM,True,standard,False
10,Spa-Francorchamps,Belgian Grand Prix,7,S1,LIN,Racing Bulls,LAW,Racing Bulls,0.725,312.0,299.0,13.0,7.0,MEDIUM,7.0,MEDIUM,True,standard,False
10,Spa-Francorchamps,Belgian Grand Prix,7,S1,NOR,McLaren,COL,Alpine,0.654,302.0,300.0,2.0,7.0,HARD,7.0,MEDIUM,True,standard,False
10,Spa-Francorchamps,Belgian Grand Prix,7,S1,GAS,Alpine,NOR,McLaren,0.966,297.0,302.0,-5.0,7.0,MEDIUM,7.0,HARD,True,standard,False
10,Spa-Francorchamps,Belgian Grand Prix,7,S1,BOR,Audi,GAS,Alpine,0.186,298.0,297.0,1.0,7.0,MEDIUM,7.0,MEDIUM,True,standard,False
10,Spa-Francorchamps,Belgian Grand Prix,7,S1,HUL,Audi,ALB,Williams,0.737,303.0,300.0,3.0,7.0,MEDIUM,7.0,MEDIUM,True,standard,False
10,Spa-Francorchamps,Belgian Grand Prix,7,S1,SAI,Williams,HUL,Audi,0.578,300.0,303.0,-3.0,7.0,SOFT,7.0,MEDIUM,True,standard,False
10,Spa-Francorchamps,Belgian Grand Prix,7,S1,BEA,Haas F1 Team,SAI,Williams,0.706,296.0,300.0,-4.0,6.0,HARD,7.0,SOFT,True,standard,False
10,Spa-Francorchamps,Belgian Grand Prix,7,S1,PER,Cadillac,OCO,Haas F1 Team,0.048,289.0,289.0,0.0,6.0,SOFT,6.0,HARD,True,standard,False
10,Spa-Francorchamps,Belgian Grand Prix,7,S1,STR,Aston Martin,PER,Cadillac,0.796,293.0,289.0,4.0,7.0,HARD,6.0,SOFT,True,standard,False
10,Spa-Francorchamps,Belgian Grand Prix,7,S1,BOT,Cadillac,STR,Aston Martin,0.417,297.0,293.0,4.0,6.0,HARD,7.0,HARD,True,standard,False
10,Spa-Francorchamps,Belgian Grand Prix,7,S1,ALO,Aston Martin,BOT,Cadillac,0.413,295.0,297.0,-2.0,7.0,HARD,6.0,HARD,True,standard,False
10,Spa-Francorchamps,Belgian Grand Prix,7,S2,LEC,Ferrari,VER,Red Bull Racing,0.807,300.0,289.0,11.0,7.0,MEDIUM,7.0,MEDIUM,True,standard,False
10,Spa-Francorchamps,Belgian Grand Prix,7,S2,PIA,McLaren,LEC,Ferrari,0.686,306.0,300.0,6.0,7.0,MEDIUM,7.0,MEDIUM,True,standard,False
10,Spa-Francorchamps,Belgian Grand Prix,7,S2,HAM,Ferrari,PIA,McLaren,0.624,304.0,306.0,-2.0,7.0,MEDIUM,7.0,MEDIUM,True,standard,False
10,Spa-Francorchamps,Belgian Grand Prix,7,S2,LIN,Racing Bulls,LAW,Racing Bulls,0.724,312.0,299.0,13.0,7.0,MEDIUM,7.0,MEDIUM,True,standard,False
10,Spa-Francorchamps,Belgian Grand Prix,7,S2,NOR,McLaren,COL,Alpine,0.496,302.0,300.0,2.0,7.0,HARD,7.0,MEDIUM,True,standard,True
10,Spa-Francorchamps,Belgian Grand Prix,7,S2,BOR,Audi,GAS,Alpine,0.47,298.0,297.0,1.0,7.0,MEDIUM,7.0,MEDIUM,True,standard,False
10,Spa-Francorchamps,Belgian Grand Prix,7,S2,HUL,Audi,ALB,Williams,0.615,303.0,300.0,3.0,7.0,MEDIUM,7.0,MEDIUM,True,standard,False
10,Spa-Francorchamps,Belgian Grand Prix,7,S2,SAI,Williams,HUL,Audi,0.953,300.0,303.0,-3.0,7.0,SOFT,7.0,MEDIUM,True,standard,False
10,Spa-Francorchamps,Belgian Grand Prix,7,S2,BEA,Haas F1 Team,SAI,Williams,0.711,296.0,300.0,-4.0,6.0,HARD,7.0,SOFT,True,standard,False
10,Spa-Francorchamps,Belgian Grand Prix,7,S2,HAD,Red Bull Racing,BEA,Haas F1 Team,0.973,295.0,296.0,-1.0,5.0,HARD,6.0,HARD,True,standard,False
10,Spa-Francorchamps,Belgian Grand Prix,7,S2,BOT,Cadillac,STR,Aston Martin,0.567,297.0,293.0,4.0,6.0,HARD,7.0,HARD,True,standard,False
10,Spa-Francorchamps,Belgian Grand Prix,7,S3,VER,Red Bull Racing,ANT,Mercedes,0.994,289.0,295.0,-6.0,7.0,MEDIUM,7.0,MEDIUM,True,standard,False
10,Spa-Francorchamps,Belgian Grand Prix,7,S3,LEC,Ferrari,VER,Red Bull Racing,0.826,300.0,289.0,11.0,7.0,MEDIUM,7.0,MEDIUM,True,standard,False
10,Spa-Francorchamps,Belgian Grand Prix,7,S3,PIA,McLaren,LEC,Ferrari,0.41,306.0,300.0,6.0,7.0,MEDIUM,7.0,MEDIUM,True,standard,False
10,Spa-Francorchamps,Belgian Grand Prix,7,S3,HAM,Ferrari,PIA,McLaren,0.569,304.0,306.0,-2.0,7.0,MEDIUM,7.0,MEDIUM,True,standard,False
10,Spa-Francorchamps,Belgian Grand Prix,7,S3,LIN,Racing Bulls,LAW,Racing Bulls,0.549,312.0,299.0,13.0,7.0,MEDIUM,7.0,MEDIUM,True,standard,False
10,Spa-Francorchamps,Belgian Grand Prix,7,S3,COL,Alpine,NOR,McLaren,0.62,300.0,302.0,-2.0,7.0,MEDIUM,7.0,HARD,True,standard,True
10,Spa-Francorchamps,Belgian Grand Prix,7,S3,BOR,Audi,GAS,Alpine,0.616,298.0,297.0,1.0,7.0,MEDIUM,7.0,MEDIUM,True,standard,False
10,Spa-Francorchamps,Belgian Grand Prix,7,S3,HUL,Audi,ALB,Williams,0.631,303.0,300.0,3.0,7.0,MEDIUM,7.0,MEDIUM,True,standard,False
10,Spa-Francorchamps,Belgian Grand Prix,7,S3,SAI,Williams,HUL,Audi,0.77,300.0,303.0,-3.0,7.0,SOFT,7.0,MEDIUM,True,standard,False
10,Spa-Francorchamps,Belgian Grand Prix,7,S3,BEA,Haas F1 Team,SAI,Williams,0.613,296.0,300.0,-4.0,6.0,HARD,7.0,SOFT,True,standard,False
10,Spa-Francorchamps,Belgian Grand Prix,7,S3,BOT,Cadillac,STR,Aston Martin,0.156,297.0,293.0,4.0,6.0,HARD,7.0,HARD,True,standard,True
10,Spa-Francorchamps,Belgian Grand Prix,8,S1,LEC,Ferrari,VER,Red Bull Racing,0.768,300.0,287.0,13.0,8.0,MEDIUM,8.0,MEDIUM,True,standard,False
10,Spa-Francorchamps,Belgian Grand Prix,8,S1,PIA,McLaren,LEC,Ferrari,0.02,308.0,300.0,8.0,8.0,MEDIUM,8.0,MEDIUM,True,standard,False
10,Spa-Francorchamps,Belgian Grand Prix,8,S1,HAM,Ferrari,PIA,McLaren,0.182,307.0,308.0,-1.0,8.0,MEDIUM,8.0,MEDIUM,True,standard,False
10,Spa-Francorchamps,Belgian Grand Prix,8,S1,LIN,Racing Bulls,LAW,Racing Bulls,0.012,316.0,297.0,19.0,8.0,MEDIUM,8.0,MEDIUM,True,standard,True
10,Spa-Francorchamps,Belgian Grand Prix,8,S1,NOR,McLaren,COL,Alpine,0.058,296.0,303.0,-7.0,8.0,HARD,8.0,MEDIUM,True,standard,True
10,Spa-Francorchamps,Belgian Grand Prix,8,S1,ALB,Williams,BOR,Audi,0.832,299.0,300.0,-1.0,8.0,MEDIUM,8.0,MEDIUM,True,standard,False
10,Spa-Francorchamps,Belgian Grand Prix,8,S1,HUL,Audi,ALB,Williams,0.8,296.0,299.0,-3.0,8.0,MEDIUM,8.0,MEDIUM,True,standard,False
10,Spa-Francorchamps,Belgian Grand Prix,8,S1,SAI,Williams,HUL,Audi,0.459,302.0,296.0,6.0,8.0,SOFT,8.0,MEDIUM,True,standard,False
10,Spa-Francorchamps,Belgian Grand Prix,8,S1,BEA,Haas F1 Team,SAI,Williams,0.808,296.0,302.0,-6.0,7.0,HARD,8.0,SOFT,True,standard,False
10,Spa-Francorchamps,Belgian Grand Prix,8,S1,HAD,Red Bull Racing,BEA,Haas F1 Team,0.75,294.0,296.0,-2.0,6.0,HARD,7.0,HARD,True,standard,False
10,Spa-Francorchamps,Belgian Grand Prix,8,S1,STR,Aston Martin,BOT,Cadillac,0.127,283.0,289.0,-6.0,8.0,HARD,7.0,HARD,True,standard,False
10,Spa-Francorchamps,Belgian Grand Prix,8,S1,ALO,Aston Martin,STR,Aston Martin,0.832,293.0,283.0,10.0,8.0,HARD,8.0,HARD,True,standard,False
10,Spa-Francorchamps,Belgian Grand Prix,8,S2,HAM,Ferrari,PIA,McLaren,0.576,307.0,308.0,-1.0,8.0,MEDIUM,8.0,MEDIUM,True,standard,False
10,Spa-Francorchamps,Belgian Grand Prix,8,S2,LAW,Racing Bulls,LIN,Racing Bulls,0.982,297.0,316.0,-19.0,8.0,MEDIUM,8.0,MEDIUM,True,standard,False
10,Spa-Francorchamps,Belgian Grand Prix,8,S2,GAS,Alpine,COL,Alpine,0.652,299.0,303.0,-4.0,8.0,MEDIUM,8.0,MEDIUM,True,standard,False
10,Spa-Francorchamps,Belgian Grand Prix,8,S2,BOR,Audi,GAS,Alpine,0.481,300.0,299.0,1.0,8.0,MEDIUM,8.0,MEDIUM,True,standard,False
10,Spa-Francorchamps,Belgian Grand Prix,8,S2,HUL,Audi,ALB,Williams,0.579,296.0,299.0,-3.0,8.0,MEDIUM,8.0,MEDIUM,True,standard,False
10,Spa-Francorchamps,Belgian Grand Prix,8,S2,BEA,Haas F1 Team,SAI,Williams,0.622,296.0,302.0,-6.0,7.0,HARD,8.0,SOFT,True,standard,False
10,Spa-Francorchamps,Belgian Grand Prix,8,S2,HAD,Red Bull Racing,BEA,Haas F1 Team,0.427,294.0,296.0,-2.0,6.0,HARD,7.0,HARD,True,standard,False
10,Spa-Francorchamps,Belgian Grand Prix,8,S2,ALO,Aston Martin,STR,Aston Martin,0.696,293.0,283.0,10.0,8.0,HARD,8.0,HARD,True,standard,False
10,Spa-Francorchamps,Belgian Grand Prix,8,S3,PIA,McLaren,LEC,Ferrari,0.622,308.0,300.0,8.0,8.0,MEDIUM,8.0,MEDIUM,True,standard,False
10,Spa-Francorchamps,Belgian Grand Prix,8,S3,HAM,Ferrari,PIA,McLaren,0.464,307.0,308.0,-1.0,8.0,MEDIUM,8.0,MEDIUM,True,standard,True
10,Spa-Francorchamps,Belgian Grand Prix,8,S3,NOR,McLaren,LAW,Racing Bulls,0.771,296.0,297.0,-1.0,8.0,HARD,8.0,MEDIUM,True,standard,False
10,Spa-Francorchamps,Belgian Grand Prix,8,S3,GAS,Alpine,COL,Alpine,0.73,299.0,303.0,-4.0,8.0,MEDIUM,8.0,MEDIUM,True,standard,False
10,Spa-Francorchamps,Belgian Grand Prix,8,S3,BOR,Audi,GAS,Alpine,0.673,300.0,299.0,1.0,8.0,MEDIUM,8.0,MEDIUM,True,standard,False
10,Spa-Francorchamps,Belgian Grand Prix,8,S3,HUL,Audi,ALB,Williams,0.577,296.0,299.0,-3.0,8.0,MEDIUM,8.0,MEDIUM,True,standard,False
10,Spa-Francorchamps,Belgian Grand Prix,8,S3,BEA,Haas F1 Team,SAI,Williams,0.339,296.0,302.0,-6.0,7.0,HARD,8.0,SOFT,True,standard,False
10,Spa-Francorchamps,Belgian Grand Prix,8,S3,HAD,Red Bull Racing,BEA,Haas F1 Team,0.526,294.0,296.0,-2.0,6.0,HARD,7.0,HARD,True,standard,False
10,Spa-Francorchamps,Belgian Grand Prix,8,S3,ALO,Aston Martin,STR,Aston Martin,0.525,293.0,283.0,10.0,8.0,HARD,8.0,HARD,True,standard,True
10,Spa-Francorchamps,Belgian Grand Prix,9,S1,HAM,Ferrari,LEC,Ferrari,0.705,300.0,299.0,1.0,9.0,MEDIUM,9.0,MEDIUM,True,standard,False
10,Spa-Francorchamps,Belgian Grand Prix,9,S1,PIA,McLaren,HAM,Ferrari,0.031,303.0,300.0,3.0,9.0,MEDIUM,9.0,MEDIUM,True,standard,False
10,Spa-Francorchamps,Belgian Grand Prix,9,S1,LAW,Racing Bulls,LIN,Racing Bulls,0.677,300.0,304.0,-4.0,9.0,MEDIUM,9.0,MEDIUM,True,standard,False
10,Spa-Francorchamps,Belgian Grand Prix,9,S1,NOR,McLaren,LAW,Racing Bulls,0.595,305.0,300.0,5.0,9.0,HARD,9.0,MEDIUM,True,standard,False
10,Spa-Francorchamps,Belgian Grand Prix,9,S1,GAS,Alpine,COL,Alpine,0.225,304.0,300.0,4.0,9.0,MEDIUM,9.0,MEDIUM,True,standard,False
10,Spa-Francorchamps,Belgian Grand Prix,9,S1,SAI,Williams,HUL,Audi,0.311,301.0,295.0,6.0,9.0,SOFT,9.0,MEDIUM,True,standard,False
10,Spa-Francorchamps,Belgian Grand Prix,9,S1,BEA,Haas F1 Team,SAI,Williams,0.174,300.0,301.0,-1.0,8.0,HARD,9.0,SOFT,True,standard,False
10,Spa-Francorchamps,Belgian Grand Prix,9,S1,HAD,Red Bull Racing,BEA,Haas F1 Team,0.035,303.0,300.0,3.0,7.0,HARD,8.0,HARD,True,standard,False
10,Spa-Francorchamps,Belgian Grand Prix,9,S1,STR,Aston Martin,ALO,Aston Martin,0.155,290.0,295.0,-5.0,9.0,HARD,9.0,HARD,True,standard,False
10,Spa-Francorchamps,Belgian Grand Prix,9,S2,LEC,Ferrari,VER,Red Bull Racing,0.946,299.0,287.0,12.0,9.0,MEDIUM,9.0,MEDIUM,True,standard,False
10,Spa-Francorchamps,Belgian Grand Prix,9,S2,PIA,McLaren,HAM,Ferrari,0.857,303.0,300.0,3.0,9.0,MEDIUM,9.0,MEDIUM,True,standard,False
10,Spa-Francorchamps,Belgian Grand Prix,9,S2,NOR,McLaren,LAW,Racing Bulls,0.517,305.0,300.0,5.0,9.0,HARD,9.0,MEDIUM,True,standard,True
10,Spa-Francorchamps,Belgian Grand Prix,9,S2,GAS,Alpine,COL,Alpine,0.68,304.0,300.0,4.0,9.0,MEDIUM,9.0,MEDIUM,True,standard,False
10,Spa-Francorchamps,Belgian Grand Prix,9,S2,BOR,Audi,GAS,Alpine,0.512,301.0,304.0,-3.0,9.0,MEDIUM,9.0,MEDIUM,True,standard,False
10,Spa-Francorchamps,Belgian Grand Prix,9,S2,HUL,Audi,ALB,Williams,0.717,295.0,301.0,-6.0,9.0,MEDIUM,9.0,MEDIUM,True,standard,False
10,Spa-Francorchamps,Belgian Grand Prix,9,S2,BEA,Haas F1 Team,SAI,Williams,0.675,300.0,301.0,-1.0,8.0,HARD,9.0,SOFT,True,standard,False
10,Spa-Francorchamps,Belgian Grand Prix,9,S2,HAD,Red Bull Racing,BEA,Haas F1 Team,0.388,303.0,300.0,3.0,7.0,HARD,8.0,HARD,True,standard,False
10,Spa-Francorchamps,Belgian Grand Prix,9,S2,STR,Aston Martin,ALO,Aston Martin,0.846,290.0,295.0,-5.0,9.0,HARD,9.0,HARD,True,standard,False
10,Spa-Francorchamps,Belgian Grand Prix,9,S3,LEC,Ferrari,VER,Red Bull Racing,0.967,299.0,287.0,12.0,9.0,MEDIUM,9.0,MEDIUM,True,standard,False
10,Spa-Francorchamps,Belgian Grand Prix,9,S3,HAM,Ferrari,LEC,Ferrari,0.634,300.0,299.0,1.0,9.0,MEDIUM,9.0,MEDIUM,True,standard,False
10,Spa-Francorchamps,Belgian Grand Prix,9,S3,NOR,McLaren,LIN,Racing Bulls,0.931,305.0,304.0,1.0,9.0,HARD,9.0,MEDIUM,True,standard,False
10,Spa-Francorchamps,Belgian Grand Prix,9,S3,LAW,Racing Bulls,NOR,McLaren,0.498,300.0,305.0,-5.0,9.0,MEDIUM,9.0,HARD,True,standard,False
10,Spa-Francorchamps,Belgian Grand Prix,9,S3,GAS,Alpine,COL,Alpine,0.811,304.0,300.0,4.0,9.0,MEDIUM,9.0,MEDIUM,True,standard,False
10,Spa-Francorchamps,Belgian Grand Prix,9,S3,BOR,Audi,GAS,Alpine,0.617,301.0,304.0,-3.0,9.0,MEDIUM,9.0,MEDIUM,True,standard,False
10,Spa-Francorchamps,Belgian Grand Prix,9,S3,HUL,Audi,ALB,Williams,0.665,295.0,301.0,-6.0,9.0,MEDIUM,9.0,MEDIUM,True,standard,False
10,Spa-Francorchamps,Belgian Grand Prix,9,S3,BEA,Haas F1 Team,SAI,Williams,0.47,300.0,301.0,-1.0,8.0,HARD,9.0,SOFT,True,standard,False
10,Spa-Francorchamps,Belgian Grand Prix,9,S3,HAD,Red Bull Racing,BEA,Haas F1 Team,0.382,303.0,300.0,3.0,7.0,HARD,8.0,HARD,True,standard,True
10,Spa-Francorchamps,Belgian Grand Prix,9,S3,STR,Aston Martin,ALO,Aston Martin,0.945,290.0,295.0,-5.0,9.0,HARD,9.0,HARD,True,standard,False
10,Spa-Francorchamps,Belgian Grand Prix,10,S1,LEC,Ferrari,VER,Red Bull Racing,0.667,300.0,286.0,14.0,10.0,MEDIUM,10.0,MEDIUM,True,standard,False
10,Spa-Francorchamps,Belgian Grand Prix,10,S1,HAM,Ferrari,LEC,Ferrari,0.355,298.0,300.0,-2.0,10.0,MEDIUM,10.0,MEDIUM,True,standard,False
10,Spa-Francorchamps,Belgian Grand Prix,10,S1,LAW,Racing Bulls,NOR,McLaren,0.113,304.0,296.0,8.0,10.0,MEDIUM,10.0,HARD,True,standard,False
10,Spa-Francorchamps,Belgian Grand Prix,10,S1,GAS,Alpine,COL,Alpine,0.556,300.0,302.0,-2.0,10.0,MEDIUM,10.0,MEDIUM,True,standard,False
10,Spa-Francorchamps,Belgian Grand Prix,10,S1,HUL,Audi,ALB,Williams,0.57,304.0,298.0,6.0,10.0,MEDIUM,10.0,MEDIUM,True,standard,False
10,Spa-Francorchamps,Belgian Grand Prix,10,S1,HAD,Red Bull Racing,SAI,Williams,0.418,298.0,296.0,2.0,8.0,HARD,10.0,SOFT,True,standard,False
10,Spa-Francorchamps,Belgian Grand Prix,10,S1,BEA,Haas F1 Team,HAD,Red Bull Racing,0.215,297.0,298.0,-1.0,9.0,HARD,8.0,HARD,True,standard,False
10,Spa-Francorchamps,Belgian Grand Prix,10,S1,STR,Aston Martin,ALO,Aston Martin,0.614,290.0,289.0,1.0,10.0,HARD,10.0,HARD,True,standard,False
10,Spa-Francorchamps,Belgian Grand Prix,10,S2,LEC,Ferrari,VER,Red Bull Racing,0.674,300.0,286.0,14.0,10.0,MEDIUM,10.0,MEDIUM,True,standard,False
10,Spa-Francorchamps,Belgian Grand Prix,10,S2,HAM,Ferrari,LEC,Ferrari,0.928,298.0,300.0,-2.0,10.0,MEDIUM,10.0,MEDIUM,True,standard,False
10,Spa-Francorchamps,Belgian Grand Prix,10,S2,PIA,McLaren,HAM,Ferrari,0.942,303.0,298.0,5.0,10.0,MEDIUM,10.0,MEDIUM,True,standard,False
10,Spa-Francorchamps,Belgian Grand Prix,10,S2,NOR,McLaren,LIN,Racing Bulls,0.912,296.0,303.0,-7.0,10.0,HARD,10.0,MEDIUM,True,standard,False
10,Spa-Francorchamps,Belgian Grand Prix,10,S2,COL,Alpine,LAW,Racing Bulls,0.792,302.0,304.0,-2.0,10.0,MEDIUM,10.0,MEDIUM,True,standard,False
10,Spa-Francorchamps,Belgian Grand Prix,10,S2,GAS,Alpine,COL,Alpine,0.556,300.0,302.0,-2.0,10.0,MEDIUM,10.0,MEDIUM,True,standard,False
10,Spa-Francorchamps,Belgian Grand Prix,10,S2,BOR,Audi,GAS,Alpine,0.464,302.0,300.0,2.0,10.0,MEDIUM,10.0,MEDIUM,True,standard,False
10,Spa-Francorchamps,Belgian Grand Prix,10,S2,HUL,Audi,ALB,Williams,0.52,304.0,298.0,6.0,10.0,MEDIUM,10.0,MEDIUM,True,standard,False
10,Spa-Francorchamps,Belgian Grand Prix,10,S2,HAD,Red Bull Racing,SAI,Williams,0.434,298.0,296.0,2.0,8.0,HARD,10.0,SOFT,True,standard,False
10,Spa-Francorchamps,Belgian Grand Prix,10,S2,BEA,Haas F1 Team,HAD,Red Bull Racing,0.983,297.0,298.0,-1.0,9.0,HARD,8.0,HARD,True,standard,False
10,Spa-Francorchamps,Belgian Grand Prix,10,S3,LEC,Ferrari,VER,Red Bull Racing,0.662,300.0,286.0,14.0,10.0,MEDIUM,10.0,MEDIUM,True,standard,False
10,Spa-Francorchamps,Belgian Grand Prix,10,S3,HAM,Ferrari,LEC,Ferrari,0.662,298.0,300.0,-2.0,10.0,MEDIUM,10.0,MEDIUM,True,standard,False
10,Spa-Francorchamps,Belgian Grand Prix,10,S3,PIA,McLaren,HAM,Ferrari,0.923,303.0,298.0,5.0,10.0,MEDIUM,10.0,MEDIUM,True,standard,False
10,Spa-Francorchamps,Belgian Grand Prix,10,S3,NOR,McLaren,LIN,Racing Bulls,0.371,296.0,303.0,-7.0,10.0,HARD,10.0,MEDIUM,True,standard,False
10,Spa-Francorchamps,Belgian Grand Prix,10,S3,COL,Alpine,LAW,Racing Bulls,0.772,302.0,304.0,-2.0,10.0,MEDIUM,10.0,MEDIUM,True,standard,False
10,Spa-Francorchamps,Belgian Grand Prix,10,S3,GAS,Alpine,COL,Alpine,0.62,300.0,302.0,-2.0,10.0,MEDIUM,10.0,MEDIUM,True,standard,False
10,Spa-Francorchamps,Belgian Grand Prix,10,S3,BOR,Audi,GAS,Alpine,0.539,302.0,300.0,2.0,10.0,MEDIUM,10.0,MEDIUM,True,standard,False
10,Spa-Francorchamps,Belgian Grand Prix,10,S3,HUL,Audi,ALB,Williams,0.797,304.0,298.0,6.0,10.0,MEDIUM,10.0,MEDIUM,True,standard,False
10,Spa-Francorchamps,Belgian Grand Prix,10,S3,HAD,Red Bull Racing,SAI,Williams,0.415,298.0,296.0,2.0,8.0,HARD,10.0,SOFT,True,standard,False
10,Spa-Francorchamps,Belgian Grand Prix,10,S3,BEA,Haas F1 Team,HAD,Red Bull Racing,0.742,297.0,298.0,-1.0,9.0,HARD,8.0,HARD,True,standard,False
10,Spa-Francorchamps,Belgian Grand Prix,11,S1,LEC,Ferrari,VER,Red Bull Racing,0.253,301.0,287.0,14.0,11.0,MEDIUM,11.0,MEDIUM,True,standard,False
10,Spa-Francorchamps,Belgian Grand Prix,11,S1,HAM,Ferrari,LEC,Ferrari,0.369,305.0,301.0,4.0,11.0,MEDIUM,11.0,MEDIUM,True,standard,False
10,Spa-Francorchamps,Belgian Grand Prix,11,S1,NOR,McLaren,LIN,Racing Bulls,0.095,308.0,304.0,4.0,11.0,HARD,11.0,MEDIUM,True,standard,False
10,Spa-Francorchamps,Belgian Grand Prix,11,S1,COL,Alpine,LAW,Racing Bulls,0.742,302.0,306.0,-4.0,11.0,MEDIUM,11.0,MEDIUM,True,standard,False
10,Spa-Francorchamps,Belgian Grand Prix,11,S1,GAS,Alpine,COL,Alpine,0.311,302.0,302.0,0.0,11.0,MEDIUM,11.0,MEDIUM,True,standard,False
10,Spa-Francorchamps,Belgian Grand Prix,11,S1,HUL,Audi,ALB,Williams,0.372,306.0,298.0,8.0,11.0,MEDIUM,11.0,MEDIUM,True,standard,False
10,Spa-Francorchamps,Belgian Grand Prix,11,S2,LEC,Ferrari,VER,Red Bull Racing,0.78,301.0,287.0,14.0,11.0,MEDIUM,11.0,MEDIUM,True,standard,False
10,Spa-Francorchamps,Belgian Grand Prix,11,S2,HAM,Ferrari,LEC,Ferrari,0.762,305.0,301.0,4.0,11.0,MEDIUM,11.0,MEDIUM,True,standard,False
10,Spa-Francorchamps,Belgian Grand Prix,11,S2,PIA,McLaren,HAM,Ferrari,0.898,305.0,305.0,0.0,11.0,MEDIUM,11.0,MEDIUM,True,standard,False
10,Spa-Francorchamps,Belgian Grand Prix,11,S2,NOR,McLaren,LIN,Racing Bulls,0.638,308.0,304.0,4.0,11.0,HARD,11.0,MEDIUM,True,standard,False
10,Spa-Francorchamps,Belgian Grand Prix,11,S2,COL,Alpine,LAW,Racing Bulls,0.727,302.0,306.0,-4.0,11.0,MEDIUM,11.0,MEDIUM,True,standard,False
10,Spa-Francorchamps,Belgian Grand Prix,11,S2,GAS,Alpine,COL,Alpine,0.667,302.0,302.0,0.0,11.0,MEDIUM,11.0,MEDIUM,True,standard,False
10,Spa-Francorchamps,Belgian Grand Prix,11,S2,BOR,Audi,GAS,Alpine,0.307,303.0,302.0,1.0,11.0,MEDIUM,11.0,MEDIUM,True,standard,False
10,Spa-Francorchamps,Belgian Grand Prix,11,S2,HUL,Audi,ALB,Williams,0.488,306.0,298.0,8.0,11.0,MEDIUM,11.0,MEDIUM,True,standard,False
10,Spa-Francorchamps,Belgian Grand Prix,11,S2,HAD,Red Bull Racing,HUL,Audi,0.795,297.0,306.0,-9.0,9.0,HARD,11.0,MEDIUM,True,standard,False
10,Spa-Francorchamps,Belgian Grand Prix,11,S3,LEC,Ferrari,VER,Red Bull Racing,0.751,301.0,287.0,14.0,11.0,MEDIUM,11.0,MEDIUM,True,standard,False
10,Spa-Francorchamps,Belgian Grand Prix,11,S3,HAM,Ferrari,LEC,Ferrari,0.532,305.0,301.0,4.0,11.0,MEDIUM,11.0,MEDIUM,True,standard,False
10,Spa-Francorchamps,Belgian Grand Prix,11,S3,PIA,McLaren,HAM,Ferrari,1.0,305.0,305.0,0.0,11.0,MEDIUM,11.0,MEDIUM,True,standard,False
10,Spa-Francorchamps,Belgian Grand Prix,11,S3,NOR,McLaren,LIN,Racing Bulls,0.426,308.0,304.0,4.0,11.0,HARD,11.0,MEDIUM,True,standard,False
10,Spa-Francorchamps,Belgian Grand Prix,11,S3,COL,Alpine,LAW,Racing Bulls,0.611,302.0,306.0,-4.0,11.0,MEDIUM,11.0,MEDIUM,True,standard,False
10,Spa-Francorchamps,Belgian Grand Prix,11,S3,GAS,Alpine,COL,Alpine,0.702,302.0,302.0,0.0,11.0,MEDIUM,11.0,MEDIUM,True,standard,True
10,Spa-Francorchamps,Belgian Grand Prix,11,S3,BOR,Audi,GAS,Alpine,0.425,303.0,302.0,1.0,11.0,MEDIUM,11.0,MEDIUM,True,standard,False
10,Spa-Francorchamps,Belgian Grand Prix,11,S3,HUL,Audi,ALB,Williams,0.341,306.0,298.0,8.0,11.0,MEDIUM,11.0,MEDIUM,True,standard,True
10,Spa-Francorchamps,Belgian Grand Prix,11,S3,HAD,Red Bull Racing,HUL,Audi,0.413,297.0,306.0,-9.0,9.0,HARD,11.0,MEDIUM,True,standard,False
10,Spa-Francorchamps,Belgian Grand Prix,11,S3,BEA,Haas F1 Team,SAI,Williams,0.329,295.0,297.0,-2.0,10.0,HARD,11.0,SOFT,True,standard,False
10,Spa-Francorchamps,Belgian Grand Prix,11,S3,STR,Aston Martin,ALO,Aston Martin,0.991,289.0,286.0,3.0,11.0,HARD,11.0,HARD,True,standard,False
10,Spa-Francorchamps,Belgian Grand Prix,12,S1,LEC,Ferrari,VER,Red Bull Racing,0.615,296.0,287.0,9.0,12.0,MEDIUM,12.0,MEDIUM,True,standard,False
10,Spa-Francorchamps,Belgian Grand Prix,12,S1,HAM,Ferrari,LEC,Ferrari,0.098,300.0,296.0,4.0,12.0,MEDIUM,12.0,MEDIUM,True,standard,False
10,Spa-Francorchamps,Belgian Grand Prix,12,S1,GAS,Alpine,LAW,Racing Bulls,0.647,304.0,306.0,-2.0,12.0,MEDIUM,12.0,MEDIUM,True,standard,False
10,Spa-Francorchamps,Belgian Grand Prix,12,S1,COL,Alpine,GAS,Alpine,0.003,300.0,304.0,-4.0,12.0,MEDIUM,12.0,MEDIUM,True,standard,False
10,Spa-Francorchamps,Belgian Grand Prix,12,S1,HAD,Red Bull Racing,HUL,Audi,0.108,296.0,299.0,-3.0,10.0,HARD,12.0,MEDIUM,True,standard,False
10,Spa-Francorchamps,Belgian Grand Prix,12,S1,ALB,Williams,HAD,Red Bull Racing,0.111,297.0,296.0,1.0,12.0,MEDIUM,10.0,HARD,True,standard,False
10,Spa-Francorchamps,Belgian Grand Prix,12,S1,BEA,Haas F1 Team,SAI,Williams,0.503,295.0,298.0,-3.0,11.0,HARD,12.0,SOFT,True,standard,False
10,Spa-Francorchamps,Belgian Grand Prix,12,S2,LEC,Ferrari,VER,Red Bull Racing,0.905,296.0,287.0,9.0,12.0,MEDIUM,12.0,MEDIUM,True,standard,False
10,Spa-Francorchamps,Belgian Grand Prix,12,S2,GAS,Alpine,LAW,Racing Bulls,0.702,304.0,306.0,-2.0,12.0,MEDIUM,12.0,MEDIUM,True,standard,False
10,Spa-Francorchamps,Belgian Grand Prix,12,S2,COL,Alpine,GAS,Alpine,0.71,300.0,304.0,-4.0,12.0,MEDIUM,12.0,MEDIUM,True,standard,False
10,Spa-Francorchamps,Belgian Grand Prix,12,S2,BOR,Audi,COL,Alpine,0.43,303.0,300.0,3.0,12.0,MEDIUM,12.0,MEDIUM,True,standard,False
10,Spa-Francorchamps,Belgian Grand Prix,12,S2,HAD,Red Bull Racing,HUL,Audi,0.769,296.0,299.0,-3.0,10.0,HARD,12.0,MEDIUM,True,standard,False
10,Spa-Francorchamps,Belgian Grand Prix,12,S2,BEA,Haas F1 Team,SAI,Williams,0.531,295.0,298.0,-3.0,11.0,HARD,12.0,SOFT,True,standard,True
10,Spa-Francorchamps,Belgian Grand Prix,12,S2,PER,Cadillac,BOT,Cadillac,0.126,288.0,292.0,-4.0,11.0,SOFT,11.0,HARD,True,standard,False
10,Spa-Francorchamps,Belgian Grand Prix,12,S3,LEC,Ferrari,VER,Red Bull Racing,0.882,296.0,287.0,9.0,12.0,MEDIUM,12.0,MEDIUM,True,standard,False
10,Spa-Francorchamps,Belgian Grand Prix,12,S3,HAM,Ferrari,LEC,Ferrari,0.728,300.0,296.0,4.0,12.0,MEDIUM,12.0,MEDIUM,True,standard,False
10,Spa-Francorchamps,Belgian Grand Prix,12,S3,LAW,Racing Bulls,LIN,Racing Bulls,0.876,306.0,302.0,4.0,12.0,MEDIUM,12.0,MEDIUM,True,standard,False
10,Spa-Francorchamps,Belgian Grand Prix,12,S3,GAS,Alpine,LAW,Racing Bulls,0.822,304.0,306.0,-2.0,12.0,MEDIUM,12.0,MEDIUM,True,standard,False
10,Spa-Francorchamps,Belgian Grand Prix,12,S3,COL,Alpine,GAS,Alpine,0.84,300.0,304.0,-4.0,12.0,MEDIUM,12.0,MEDIUM,True,standard,False
10,Spa-Francorchamps,Belgian Grand Prix,12,S3,BOR,Audi,COL,Alpine,0.622,303.0,300.0,3.0,12.0,MEDIUM,12.0,MEDIUM,True,standard,False
10,Spa-Francorchamps,Belgian Grand Prix,12,S3,HAD,Red Bull Racing,HUL,Audi,0.576,296.0,299.0,-3.0,10.0,HARD,12.0,MEDIUM,True,standard,True
10,Spa-Francorchamps,Belgian Grand Prix,12,S3,SAI,Williams,BEA,Haas F1 Team,0.085,298.0,295.0,3.0,12.0,SOFT,11.0,HARD,True,standard,False
10,Spa-Francorchamps,Belgian Grand Prix,12,S3,PER,Cadillac,STR,Aston Martin,0.427,288.0,287.0,1.0,11.0,SOFT,12.0,HARD,True,standard,False
10,Spa-Francorchamps,Belgian Grand Prix,13,S1,LEC,Ferrari,VER,Red Bull Racing,0.944,295.0,286.0,9.0,13.0,MEDIUM,13.0,MEDIUM,True,standard,False
10,Spa-Francorchamps,Belgian Grand Prix,13,S1,LAW,Racing Bulls,LIN,Racing Bulls,0.66,314.0,306.0,8.0,13.0,MEDIUM,13.0,MEDIUM,True,standard,False
10,Spa-Francorchamps,Belgian Grand Prix,13,S1,GAS,Alpine,LAW,Racing Bulls,0.793,301.0,314.0,-13.0,13.0,MEDIUM,13.0,MEDIUM,True,standard,False
10,Spa-Francorchamps,Belgian Grand Prix,13,S1,BOR,Audi,COL,Alpine,0.74,303.0,302.0,1.0,13.0,MEDIUM,13.0,MEDIUM,True,standard,False
10,Spa-Francorchamps,Belgian Grand Prix,13,S1,HUL,Audi,HAD,Red Bull Racing,0.267,303.0,295.0,8.0,13.0,MEDIUM,11.0,HARD,True,standard,False
10,Spa-Francorchamps,Belgian Grand Prix,13,S1,SAI,Williams,BEA,Haas F1 Team,0.141,298.0,301.0,-3.0,13.0,SOFT,12.0,HARD,True,standard,False
10,Spa-Francorchamps,Belgian Grand Prix,13,S2,BOR,Audi,COL,Alpine,0.449,303.0,302.0,1.0,13.0,MEDIUM,13.0,MEDIUM,True,standard,False
10,Spa-Francorchamps,Belgian Grand Prix,13,S3,GAS,Alpine,LAW,Racing Bulls,0.984,301.0,314.0,-13.0,13.0,MEDIUM,13.0,MEDIUM,True,standard,False
10,Spa-Francorchamps,Belgian Grand Prix,13,S3,BOR,Audi,COL,Alpine,0.626,303.0,302.0,1.0,13.0,MEDIUM,13.0,MEDIUM,True,standard,False
10,Spa-Francorchamps,Belgian Grand Prix,14,S1,HAM,Ferrari,LEC,Ferrari,0.618,302.0,300.0,2.0,14.0,MEDIUM,14.0,MEDIUM,True,standard,False
10,Spa-Francorchamps,Belgian Grand Prix,14,S1,LAW,Racing Bulls,LIN,Racing Bulls,0.966,305.0,305.0,0.0,14.0,MEDIUM,14.0,MEDIUM,True,standard,False
10,Spa-Francorchamps,Belgian Grand Prix,14,S1,GAS,Alpine,LAW,Racing Bulls,0.868,300.0,305.0,-5.0,14.0,MEDIUM,14.0,MEDIUM,True,standard,False
10,Spa-Francorchamps,Belgian Grand Prix,14,S1,BOR,Audi,COL,Alpine,0.707,302.0,300.0,2.0,14.0,MEDIUM,14.0,MEDIUM,True,standard,False
10,Spa-Francorchamps,Belgian Grand Prix,14,S1,SAI,Williams,BEA,Haas F1 Team,0.632,298.0,294.0,4.0,14.0,SOFT,13.0,HARD,True,standard,False
10,Spa-Francorchamps,Belgian Grand Prix,14,S2,BOR,Audi,COL,Alpine,0.449,302.0,300.0,2.0,14.0,MEDIUM,14.0,MEDIUM,True,standard,False
10,Spa-Francorchamps,Belgian Grand Prix,14,S3,LEC,Ferrari,VER,Red Bull Racing,0.964,300.0,287.0,13.0,14.0,MEDIUM,14.0,MEDIUM,True,standard,False
10,Spa-Francorchamps,Belgian Grand Prix,14,S3,BOR,Audi,COL,Alpine,0.588,302.0,300.0,2.0,14.0,MEDIUM,14.0,MEDIUM,True,standard,False
10,Spa-Francorchamps,Belgian Grand Prix,14,S3,HAD,Red Bull Racing,BOR,Audi,0.85,292.0,302.0,-10.0,12.0,HARD,14.0,MEDIUM,True,standard,True
10,Spa-Francorchamps,Belgian Grand Prix,14,S3,BEA,Haas F1 Team,ALB,Williams,0.905,294.0,297.0,-3.0,13.0,HARD,14.0,MEDIUM,True,standard,False
10,Spa-Francorchamps,Belgian Grand Prix,15,S1,LEC,Ferrari,VER,Red Bull Racing,0.88,300.0,285.0,15.0,15.0,MEDIUM,15.0,MEDIUM,True,standard,False
10,Spa-Francorchamps,Belgian Grand Prix,15,S1,HAM,Ferrari,LEC,Ferrari,0.886,303.0,300.0,3.0,15.0,MEDIUM,15.0,MEDIUM,True,standard,False
10,Spa-Francorchamps,Belgian Grand Prix,15,S1,HAD,Red Bull Racing,COL,Alpine,0.671,299.0,300.0,-1.0,13.0,HARD,15.0,MEDIUM,True,standard,False
10,Spa-Francorchamps,Belgian Grand Prix,15,S1,BOR,Audi,HAD,Red Bull Racing,0.084,292.0,299.0,-7.0,15.0,MEDIUM,13.0,HARD,True,standard,False
10,Spa-Francorchamps,Belgian Grand Prix,15,S1,BEA,Haas F1 Team,ALB,Williams,0.917,295.0,297.0,-2.0,14.0,HARD,15.0,MEDIUM,True,standard,False
10,Spa-Francorchamps,Belgian Grand Prix,15,S1,GAS,Alpine,OCO,Haas F1 Team,0.525,293.0,291.0,2.0,1.0,HARD,14.0,HARD,True,standard,True
10,Spa-Francorchamps,Belgian Grand Prix,15,S1,STR,Aston Martin,SAI,Williams,0.175,285.0,289.0,-4.0,15.0,HARD,1.0,HARD,True,standard,False
10,Spa-Francorchamps,Belgian Grand Prix,15,S2,HAD,Red Bull Racing,COL,Alpine,0.631,299.0,300.0,-1.0,13.0,HARD,15.0,MEDIUM,True,standard,True
10,Spa-Francorchamps,Belgian Grand Prix,15,S2,BOR,Audi,HAD,Red Bull Racing,0.63,292.0,299.0,-7.0,15.0,MEDIUM,13.0,HARD,True,standard,False
10,Spa-Francorchamps,Belgian Grand Prix,15,S2,BEA,Haas F1 Team,ALB,Williams,0.991,295.0,297.0,-2.0,14.0,HARD,15.0,MEDIUM,True,standard,False
10,Spa-Francorchamps,Belgian Grand Prix,15,S2,OCO,Haas F1 Team,GAS,Alpine,0.832,291.0,293.0,-2.0,14.0,HARD,1.0,HARD,True,standard,False
10,Spa-Francorchamps,Belgian Grand Prix,15,S2,SAI,Williams,ALO,Aston Martin,0.442,289.0,289.0,0.0,1.0,HARD,15.0,HARD,True,standard,True
10,Spa-Francorchamps,Belgian Grand Prix,15,S3,LEC,Ferrari,VER,Red Bull Racing,0.829,300.0,285.0,15.0,15.0,MEDIUM,15.0,MEDIUM,True,standard,False
10,Spa-Francorchamps,Belgian Grand Prix,15,S3,LAW,Racing Bulls,HAD,Red Bull Racing,0.632,306.0,299.0,7.0,15.0,MEDIUM,13.0,HARD,True,standard,False
10,Spa-Francorchamps,Belgian Grand Prix,15,S3,BOR,Audi,LAW,Racing Bulls,0.03,292.0,306.0,-14.0,15.0,MEDIUM,15.0,MEDIUM,True,standard,True
10,Spa-Francorchamps,Belgian Grand Prix,15,S3,BEA,Haas F1 Team,ALB,Williams,0.733,295.0,297.0,-2.0,14.0,HARD,15.0,MEDIUM,True,standard,False
10,Spa-Francorchamps,Belgian Grand Prix,15,S3,OCO,Haas F1 Team,GAS,Alpine,0.773,291.0,293.0,-2.0,14.0,HARD,1.0,HARD,True,standard,False
10,Spa-Francorchamps,Belgian Grand Prix,16,S1,LEC,Ferrari,VER,Red Bull Racing,0.671,300.0,287.0,13.0,16.0,MEDIUM,16.0,MEDIUM,True,standard,False
10,Spa-Francorchamps,Belgian Grand Prix,16,S1,BOR,Audi,HAD,Red Bull Racing,0.913,302.0,290.0,12.0,16.0,MEDIUM,14.0,HARD,True,standard,False
10,Spa-Francorchamps,Belgian Grand Prix,16,S1,BEA,Haas F1 Team,ALB,Williams,0.738,295.0,298.0,-3.0,15.0,HARD,16.0,MEDIUM,True,standard,False
10,Spa-Francorchamps,Belgian Grand Prix,16,S1,GAS,Alpine,LAW,Racing Bulls,0.709,295.0,297.0,-2.0,2.0,HARD,1.0,HARD,True,standard,False
10,Spa-Francorchamps,Belgian Grand Prix,16,S2,BEA,Haas F1 Team,ALB,Williams,0.962,295.0,298.0,-3.0,15.0,HARD,16.0,MEDIUM,True,standard,False
10,Spa-Francorchamps,Belgian Grand Prix,16,S2,COL,Alpine,OCO,Haas F1 Team,0.444,290.0,294.0,-4.0,1.0,HARD,15.0,HARD,True,standard,True
10,Spa-Francorchamps,Belgian Grand Prix,16,S3,LEC,Ferrari,VER,Red Bull Racing,0.88,300.0,287.0,13.0,16.0,MEDIUM,16.0,MEDIUM,True,standard,False
10,Spa-Francorchamps,Belgian Grand Prix,16,S3,HAD,Red Bull Racing,LIN,Racing Bulls,0.178,290.0,304.0,-14.0,14.0,HARD,16.0,MEDIUM,True,standard,True
10,Spa-Francorchamps,Belgian Grand Prix,16,S3,BEA,Haas F1 Team,ALB,Williams,0.609,295.0,298.0,-3.0,15.0,HARD,16.0,MEDIUM,True,standard,False
10,Spa-Francorchamps,Belgian Grand Prix,17,S1,LEC,Ferrari,VER,Red Bull Racing,0.749,300.0,286.0,14.0,17.0,MEDIUM,17.0,MEDIUM,True,standard,False
10,Spa-Francorchamps,Belgian Grand Prix,17,S1,BEA,Haas F1 Team,ALB,Williams,0.589,294.0,297.0,-3.0,16.0,HARD,17.0,MEDIUM,True,standard,False
10,Spa-Francorchamps,Belgian Grand Prix,17,S1,LIN,Racing Bulls,LAW,Racing Bulls,0.023,294.0,293.0,1.0,1.0,HARD,2.0,HARD,True,standard,True
10,Spa-Francorchamps,Belgian Grand Prix,17,S1,GAS,Alpine,LIN,Racing Bulls,0.343,299.0,294.0,5.0,3.0,HARD,1.0,HARD,True,standard,False
10,Spa-Francorchamps,Belgian Grand Prix,17,S2,BEA,Haas F1 Team,ALB,Williams,0.962,294.0,297.0,-3.0,16.0,HARD,17.0,MEDIUM,True,standard,False
10,Spa-Francorchamps,Belgian Grand Prix,17,S2,LAW,Racing Bulls,LIN,Racing Bulls,0.954,293.0,294.0,-1.0,2.0,HARD,1.0,HARD,True,standard,False
10,Spa-Francorchamps,Belgian Grand Prix,17,S2,GAS,Alpine,LAW,Racing Bulls,0.649,299.0,293.0,6.0,3.0,HARD,2.0,HARD,True,standard,False
10,Spa-Francorchamps,Belgian Grand Prix,17,S3,BEA,Haas F1 Team,ALB,Williams,0.464,294.0,297.0,-3.0,16.0,HARD,17.0,MEDIUM,True,standard,False
10,Spa-Francorchamps,Belgian Grand Prix,17,S3,LAW,Racing Bulls,LIN,Racing Bulls,0.922,293.0,294.0,-1.0,2.0,HARD,1.0,HARD,True,standard,False
10,Spa-Francorchamps,Belgian Grand Prix,17,S3,GAS,Alpine,LAW,Racing Bulls,0.678,299.0,293.0,6.0,3.0,HARD,2.0,HARD,True,standard,False
10,Spa-Francorchamps,Belgian Grand Prix,18,S1,BEA,Haas F1 Team,ALB,Williams,0.65,296.0,297.0,-1.0,17.0,HARD,18.0,MEDIUM,True,standard,False
10,Spa-Francorchamps,Belgian Grand Prix,18,S2,BEA,Haas F1 Team,ALB,Williams,0.563,296.0,297.0,-1.0,17.0,HARD,18.0,MEDIUM,True,standard,True
10,Spa-Francorchamps,Belgian Grand Prix,18,S2,GAS,Alpine,LAW,Racing Bulls,0.922,303.0,311.0,-8.0,4.0,HARD,3.0,HARD,True,standard,False
10,Spa-Francorchamps,Belgian Grand Prix,18,S3,LEC,Ferrari,ANT,Mercedes,0.399,298.0,299.0,-1.0,18.0,MEDIUM,18.0,MEDIUM,True,standard,True
10,Spa-Francorchamps,Belgian Grand Prix,18,S3,NOR,McLaren,PIA,McLaren,0.745,303.0,302.0,1.0,18.0,HARD,18.0,MEDIUM,True,standard,False
10,Spa-Francorchamps,Belgian Grand Prix,18,S3,ALB,Williams,LIN,Racing Bulls,0.191,297.0,304.0,-7.0,18.0,MEDIUM,2.0,HARD,True,standard,False
10,Spa-Francorchamps,Belgian Grand Prix,18,S3,GAS,Alpine,LAW,Racing Bulls,0.45,303.0,311.0,-8.0,4.0,HARD,3.0,HARD,True,standard,False
10,Spa-Francorchamps,Belgian Grand Prix,19,S1,NOR,McLaren,PIA,McLaren,0.451,306.0,303.0,3.0,19.0,HARD,19.0,MEDIUM,True,standard,False
10,Spa-Francorchamps,Belgian Grand Prix,19,S1,GAS,Alpine,LAW,Racing Bulls,0.143,303.0,305.0,-2.0,5.0,HARD,4.0,HARD,True,standard,False
10,Spa-Francorchamps,Belgian Grand Prix,19,S2,NOR,McLaren,PIA,McLaren,0.515,306.0,303.0,3.0,19.0,HARD,19.0,MEDIUM,True,standard,True
10,Spa-Francorchamps,Belgian Grand Prix,19,S2,GAS,Alpine,LAW,Racing Bulls,0.818,303.0,305.0,-2.0,5.0,HARD,4.0,HARD,True,standard,False
10,Spa-Francorchamps,Belgian Grand Prix,19,S3,PIA,McLaren,NOR,McLaren,0.634,303.0,306.0,-3.0,19.0,MEDIUM,19.0,HARD,True,standard,True
10,Spa-Francorchamps,Belgian Grand Prix,19,S3,GAS,Alpine,LAW,Racing Bulls,0.681,303.0,305.0,-2.0,5.0,HARD,4.0,HARD,True,standard,False
10,Spa-Francorchamps,Belgian Grand Prix,19,S3,OCO,Haas F1 Team,BOT,Cadillac,0.482,293.0,291.0,2.0,3.0,HARD,18.0,HARD,True,standard,False
10,Spa-Francorchamps,Belgian Grand Prix,20,S1,NOR,McLaren,PIA,McLaren,0.159,293.0,308.0,-15.0,20.0,HARD,20.0,MEDIUM,True,standard,False
10,Spa-Francorchamps,Belgian Grand Prix,20,S1,GAS,Alpine,LAW,Racing Bulls,0.079,304.0,302.0,2.0,6.0,HARD,5.0,HARD,True,standard,False
10,Spa-Francorchamps,Belgian Grand Prix,20,S1,OCO,Haas F1 Team,BOT,Cadillac,0.912,228.0,210.0,18.0,4.0,HARD,19.0,HARD,True,standard,False
10,Spa-Francorchamps,Belgian Grand Prix,20,S2,GAS,Alpine,LAW,Racing Bulls,0.722,304.0,302.0,2.0,6.0,HARD,5.0,HARD,True,standard,False
10,Spa-Francorchamps,Belgian Grand Prix,20,S2,OCO,Haas F1 Team,BOT,Cadillac,0.693,228.0,210.0,18.0,4.0,HARD,19.0,HARD,True,standard,False
10,Spa-Francorchamps,Belgian Grand Prix,20,S2,SAI,Williams,OCO,Haas F1 Team,0.874,260.0,228.0,32.0,6.0,HARD,4.0,HARD,True,standard,False
10,Spa-Francorchamps,Belgian Grand Prix,20,S3,BEA,Haas F1 Team,LIN,Racing Bulls,0.95,292.0,306.0,-14.0,19.0,HARD,4.0,HARD,True,standard,False
10,Spa-Francorchamps,Belgian Grand Prix,20,S3,GAS,Alpine,LAW,Racing Bulls,0.182,304.0,302.0,2.0,6.0,HARD,5.0,HARD,True,standard,False
10,Spa-Francorchamps,Belgian Grand Prix,20,S3,OCO,Haas F1 Team,BOT,Cadillac,0.299,228.0,210.0,18.0,4.0,HARD,19.0,HARD,True,standard,True
10,Spa-Francorchamps,Belgian Grand Prix,21,S1,HUL,Audi,LAW,Racing Bulls,0.259,300.0,310.0,-10.0,1.0,HARD,6.0,HARD,True,standard,False
10,Spa-Francorchamps,Belgian Grand Prix,21,S1,GAS,Alpine,HUL,Audi,0.126,284.0,300.0,-16.0,7.0,HARD,1.0,HARD,True,standard,False
10,Spa-Francorchamps,Belgian Grand Prix,21,S1,COL,Alpine,GAS,Alpine,0.618,305.0,284.0,21.0,6.0,HARD,7.0,HARD,True,standard,False
10,Spa-Francorchamps,Belgian Grand Prix,21,S1,BOT,Cadillac,OCO,Haas F1 Team,0.138,292.0,297.0,-5.0,20.0,HARD,5.0,HARD,True,standard,False
10,Spa-Francorchamps,Belgian Grand Prix,21,S1,SAI,Williams,BOT,Cadillac,0.339,302.0,292.0,10.0,7.0,HARD,20.0,HARD,True,standard,True
10,Spa-Francorchamps,Belgian Grand Prix,21,S2,HUL,Audi,LAW,Racing Bulls,0.354,300.0,310.0,-10.0,1.0,HARD,6.0,HARD,True,standard,False
10,Spa-Francorchamps,Belgian Grand Prix,21,S2,GAS,Alpine,HUL,Audi,0.904,284.0,300.0,-16.0,7.0,HARD,1.0,HARD,True,standard,False
10,Spa-Francorchamps,Belgian Grand Prix,21,S2,COL,Alpine,GAS,Alpine,0.595,305.0,284.0,21.0,6.0,HARD,7.0,HARD,True,standard,False
10,Spa-Francorchamps,Belgian Grand Prix,21,S3,HUL,Audi,LAW,Racing Bulls,0.437,300.0,310.0,-10.0,1.0,HARD,6.0,HARD,True,standard,False
10,Spa-Francorchamps,Belgian Grand Prix,21,S3,GAS,Alpine,HUL,Audi,0.515,284.0,300.0,-16.0,7.0,HARD,1.0,HARD,True,standard,False
10,Spa-Francorchamps,Belgian Grand Prix,21,S3,COL,Alpine,GAS,Alpine,0.686,305.0,284.0,21.0,6.0,HARD,7.0,HARD,True,standard,False
10,Spa-Francorchamps,Belgian Grand Prix,22,S1,HUL,Audi,LAW,Racing Bulls,0.093,301.0,302.0,-1.0,2.0,HARD,7.0,HARD,True,standard,False
10,Spa-Francorchamps,Belgian Grand Prix,22,S1,GAS,Alpine,HUL,Audi,0.15,303.0,301.0,2.0,8.0,HARD,2.0,HARD,True,standard,False
10,Spa-Francorchamps,Belgian Grand Prix,22,S1,COL,Alpine,GAS,Alpine,0.82,302.0,303.0,-1.0,7.0,HARD,8.0,HARD,True,standard,False
10,Spa-Francorchamps,Belgian Grand Prix,22,S2,LEC,Ferrari,NOR,McLaren,0.532,301.0,299.0,2.0,2.0,HARD,22.0,HARD,True,standard,False
10,Spa-Francorchamps,Belgian Grand Prix,22,S2,HUL,Audi,LAW,Racing Bulls,0.607,301.0,302.0,-1.0,2.0,HARD,7.0,HARD,True,standard,False
10,Spa-Francorchamps,Belgian Grand Prix,22,S2,GAS,Alpine,HUL,Audi,0.886,303.0,301.0,2.0,8.0,HARD,2.0,HARD,True,standard,False
10,Spa-Francorchamps,Belgian Grand Prix,22,S2,COL,Alpine,GAS,Alpine,0.622,302.0,303.0,-1.0,7.0,HARD,8.0,HARD,True,standard,False
10,Spa-Francorchamps,Belgian Grand Prix,22,S3,LEC,Ferrari,NOR,McLaren,0.512,301.0,299.0,2.0,2.0,HARD,22.0,HARD,True,standard,True
10,Spa-Francorchamps,Belgian Grand Prix,22,S3,GAS,Alpine,HUL,Audi,0.454,303.0,301.0,2.0,8.0,HARD,2.0,HARD,True,standard,False
10,Spa-Francorchamps,Belgian Grand Prix,22,S3,COL,Alpine,GAS,Alpine,0.68,302.0,303.0,-1.0,7.0,HARD,8.0,HARD,True,standard,False
10,Spa-Francorchamps,Belgian Grand Prix,23,S1,NOR,McLaren,LEC,Ferrari,0.206,301.0,305.0,-4.0,23.0,HARD,3.0,HARD,True,standard,False
10,Spa-Francorchamps,Belgian Grand Prix,23,S1,PIA,McLaren,VER,Red Bull Racing,0.918,305.0,288.0,17.0,3.0,HARD,6.0,HARD,True,standard,False
10,Spa-Francorchamps,Belgian Grand Prix,23,S1,GAS,Alpine,HUL,Audi,0.211,301.0,293.0,8.0,9.0,HARD,3.0,HARD,True,standard,False
10,Spa-Francorchamps,Belgian Grand Prix,23,S1,COL,Alpine,GAS,Alpine,0.403,302.0,301.0,1.0,8.0,HARD,9.0,HARD,True,standard,False
10,Spa-Francorchamps,Belgian Grand Prix,23,S1,SAI,Williams,OCO,Haas F1 Team,0.815,299.0,292.0,7.0,9.0,HARD,7.0,HARD,True,standard,False
10,Spa-Francorchamps,Belgian Grand Prix,23,S2,HUL,Audi,LAW,Racing Bulls,0.884,293.0,310.0,-17.0,3.0,HARD,8.0,HARD,True,standard,False
10,Spa-Francorchamps,Belgian Grand Prix,23,S2,COL,Alpine,GAS,Alpine,0.722,302.0,301.0,1.0,8.0,HARD,9.0,HARD,True,standard,False
10,Spa-Francorchamps,Belgian Grand Prix,23,S3,ANT,Mercedes,NOR,McLaren,0.926,303.0,301.0,2.0,8.0,SOFT,23.0,HARD,True,standard,False
10,Spa-Francorchamps,Belgian Grand Prix,23,S3,HUL,Audi,LAW,Racing Bulls,0.62,293.0,310.0,-17.0,3.0,HARD,8.0,HARD,True,standard,False
10,Spa-Francorchamps,Belgian Grand Prix,23,S3,COL,Alpine,GAS,Alpine,0.72,302.0,301.0,1.0,8.0,HARD,9.0,HARD,True,standard,False
10,Spa-Francorchamps,Belgian Grand Prix,23,S3,SAI,Williams,OCO,Haas F1 Team,0.805,299.0,292.0,7.0,9.0,HARD,7.0,HARD,True,standard,True
10,Spa-Francorchamps,Belgian Grand Prix,24,S1,ANT,Mercedes,NOR,McLaren,0.413,306.0,304.0,2.0,9.0,SOFT,24.0,HARD,True,standard,False
10,Spa-Francorchamps,Belgian Grand Prix,24,S1,PIA,McLaren,VER,Red Bull Racing,0.96,307.0,288.0,19.0,4.0,HARD,7.0,HARD,True,standard,False
10,Spa-Francorchamps,Belgian Grand Prix,24,S1,HUL,Audi,LAW,Racing Bulls,0.463,294.0,310.0,-16.0,4.0,HARD,9.0,HARD,True,standard,False
10,Spa-Francorchamps,Belgian Grand Prix,24,S1,GAS,Alpine,HUL,Audi,0.309,303.0,294.0,9.0,10.0,HARD,4.0,HARD,True,standard,False
10,Spa-Francorchamps,Belgian Grand Prix,24,S1,OCO,Haas F1 Team,SAI,Williams,0.032,291.0,299.0,-8.0,8.0,HARD,10.0,HARD,True,standard,False
10,Spa-Francorchamps,Belgian Grand Prix,24,S2,ANT,Mercedes,NOR,McLaren,0.675,306.0,304.0,2.0,9.0,SOFT,24.0,HARD,True,standard,False
10,Spa-Francorchamps,Belgian Grand Prix,24,S2,HUL,Audi,LAW,Racing Bulls,0.587,294.0,310.0,-16.0,4.0,HARD,9.0,HARD,True,standard,False
10,Spa-Francorchamps,Belgian Grand Prix,24,S2,GAS,Alpine,HUL,Audi,0.889,303.0,294.0,9.0,10.0,HARD,4.0,HARD,True,standard,False
10,Spa-Francorchamps,Belgian Grand Prix,24,S2,COL,Alpine,GAS,Alpine,0.871,301.0,303.0,-2.0,9.0,HARD,10.0,HARD,True,standard,False
10,Spa-Francorchamps,Belgian Grand Prix,24,S2,OCO,Haas F1 Team,SAI,Williams,0.928,291.0,299.0,-8.0,8.0,HARD,10.0,HARD,True,standard,False
10,Spa-Francorchamps,Belgian Grand Prix,24,S3,ANT,Mercedes,NOR,McLaren,0.441,306.0,304.0,2.0,9.0,SOFT,24.0,HARD,True,standard,False
10,Spa-Francorchamps,Belgian Grand Prix,24,S3,HUL,Audi,LAW,Racing Bulls,0.509,294.0,310.0,-16.0,4.0,HARD,9.0,HARD,True,standard,False
10,Spa-Francorchamps,Belgian Grand Prix,24,S3,GAS,Alpine,HUL,Audi,0.607,303.0,294.0,9.0,10.0,HARD,4.0,HARD,True,standard,False
10,Spa-Francorchamps,Belgian Grand Prix,24,S3,COL,Alpine,GAS,Alpine,0.778,301.0,303.0,-2.0,9.0,HARD,10.0,HARD,True,standard,False
10,Spa-Francorchamps,Belgian Grand Prix,24,S3,OCO,Haas F1 Team,SAI,Williams,0.718,291.0,299.0,-8.0,8.0,HARD,10.0,HARD,True,standard,False
10,Spa-Francorchamps,Belgian Grand Prix,25,S1,ANT,Mercedes,NOR,McLaren,0.037,298.0,305.0,-7.0,10.0,SOFT,25.0,HARD,True,standard,False
10,Spa-Francorchamps,Belgian Grand Prix,25,S1,PIA,McLaren,VER,Red Bull Racing,0.794,308.0,291.0,17.0,5.0,HARD,8.0,HARD,True,standard,False
10,Spa-Francorchamps,Belgian Grand Prix,25,S1,HUL,Audi,LAW,Racing Bulls,0.279,298.0,300.0,-2.0,5.0,HARD,10.0,HARD,True,standard,False
10,Spa-Francorchamps,Belgian Grand Prix,25,S1,GAS,Alpine,HUL,Audi,0.334,302.0,298.0,4.0,11.0,HARD,5.0,HARD,True,standard,False
10,Spa-Francorchamps,Belgian Grand Prix,25,S1,COL,Alpine,GAS,Alpine,0.253,304.0,302.0,2.0,10.0,HARD,11.0,HARD,True,standard,False
10,Spa-Francorchamps,Belgian Grand Prix,25,S1,OCO,Haas F1 Team,SAI,Williams,0.925,295.0,296.0,-1.0,9.0,HARD,11.0,HARD,True,standard,False
10,Spa-Francorchamps,Belgian Grand Prix,25,S2,ANT,Mercedes,NOR,McLaren,0.505,298.0,305.0,-7.0,10.0,SOFT,25.0,HARD,True,standard,False
10,Spa-Francorchamps,Belgian Grand Prix,25,S2,HUL,Audi,LAW,Racing Bulls,0.467,298.0,300.0,-2.0,5.0,HARD,10.0,HARD,True,standard,False
10,Spa-Francorchamps,Belgian Grand Prix,25,S2,GAS,Alpine,HUL,Audi,0.693,302.0,298.0,4.0,11.0,HARD,5.0,HARD,True,standard,False
10,Spa-Francorchamps,Belgian Grand Prix,25,S2,COL,Alpine,GAS,Alpine,0.541,304.0,302.0,2.0,10.0,HARD,11.0,HARD,True,standard,False
10,Spa-Francorchamps,Belgian Grand Prix,25,S3,ANT,Mercedes,NOR,McLaren,0.416,298.0,305.0,-7.0,10.0,SOFT,25.0,HARD,True,standard,True
10,Spa-Francorchamps,Belgian Grand Prix,25,S3,HUL,Audi,LAW,Racing Bulls,0.842,298.0,300.0,-2.0,5.0,HARD,10.0,HARD,True,standard,False
10,Spa-Francorchamps,Belgian Grand Prix,25,S3,GAS,Alpine,HUL,Audi,0.297,302.0,298.0,4.0,11.0,HARD,5.0,HARD,True,standard,False
10,Spa-Francorchamps,Belgian Grand Prix,25,S3,COL,Alpine,GAS,Alpine,0.476,304.0,302.0,2.0,10.0,HARD,11.0,HARD,True,standard,False
10,Spa-Francorchamps,Belgian Grand Prix,25,S3,BEA,Haas F1 Team,ALB,Williams,0.596,295.0,298.0,-3.0,5.0,HARD,7.0,HARD,True,standard,False
10,Spa-Francorchamps,Belgian Grand Prix,25,S3,OCO,Haas F1 Team,SAI,Williams,0.902,295.0,296.0,-1.0,9.0,HARD,11.0,HARD,True,standard,False
10,Spa-Francorchamps,Belgian Grand Prix,26,S1,NOR,McLaren,ANT,Mercedes,0.181,302.0,307.0,-5.0,26.0,HARD,11.0,SOFT,True,standard,False
10,Spa-Francorchamps,Belgian Grand Prix,26,S1,PIA,McLaren,VER,Red Bull Racing,0.989,306.0,289.0,17.0,6.0,HARD,9.0,HARD,True,standard,False
10,Spa-Francorchamps,Belgian Grand Prix,26,S1,HUL,Audi,LAW,Racing Bulls,0.555,304.0,303.0,1.0,6.0,HARD,11.0,HARD,True,standard,False
10,Spa-Francorchamps,Belgian Grand Prix,26,S1,GAS,Alpine,HUL,Audi,0.009,301.0,304.0,-3.0,12.0,HARD,6.0,HARD,True,standard,True
10,Spa-Francorchamps,Belgian Grand Prix,26,S1,COL,Alpine,GAS,Alpine,0.376,304.0,301.0,3.0,11.0,HARD,12.0,HARD,True,standard,False
10,Spa-Francorchamps,Belgian Grand Prix,26,S1,BEA,Haas F1 Team,ALB,Williams,0.466,294.0,298.0,-4.0,6.0,HARD,8.0,HARD,True,standard,False
10,Spa-Francorchamps,Belgian Grand Prix,26,S1,OCO,Haas F1 Team,SAI,Williams,0.909,295.0,296.0,-1.0,10.0,HARD,12.0,HARD,True,standard,False
10,Spa-Francorchamps,Belgian Grand Prix,26,S2,GAS,Alpine,LAW,Racing Bulls,0.928,301.0,303.0,-2.0,12.0,HARD,11.0,HARD,True,standard,False
10,Spa-Francorchamps,Belgian Grand Prix,26,S2,HUL,Audi,GAS,Alpine,0.38,304.0,301.0,3.0,6.0,HARD,12.0,HARD,True,standard,False
10,Spa-Francorchamps,Belgian Grand Prix,26,S2,COL,Alpine,HUL,Audi,0.615,304.0,304.0,0.0,11.0,HARD,6.0,HARD,True,standard,False
10,Spa-Francorchamps,Belgian Grand Prix,26,S2,BEA,Haas F1 Team,ALB,Williams,0.673,294.0,298.0,-4.0,6.0,HARD,8.0,HARD,True,standard,False
10,Spa-Francorchamps,Belgian Grand Prix,26,S3,GAS,Alpine,LAW,Racing Bulls,0.819,301.0,303.0,-2.0,12.0,HARD,11.0,HARD,True,standard,False
10,Spa-Francorchamps,Belgian Grand Prix,26,S3,HUL,Audi,GAS,Alpine,0.461,304.0,301.0,3.0,6.0,HARD,12.0,HARD,True,standard,False
10,Spa-Francorchamps,Belgian Grand Prix,26,S3,COL,Alpine,HUL,Audi,0.44,304.0,304.0,0.0,11.0,HARD,6.0,HARD,True,standard,False
10,Spa-Francorchamps,Belgian Grand Prix,26,S3,BEA,Haas F1 Team,ALB,Williams,0.097,294.0,298.0,-4.0,6.0,HARD,8.0,HARD,True,standard,True
10,Spa-Francorchamps,Belgian Grand Prix,26,S3,OCO,Haas F1 Team,SAI,Williams,0.899,295.0,296.0,-1.0,10.0,HARD,12.0,HARD,True,standard,False
10,Spa-Francorchamps,Belgian Grand Prix,27,S1,PIA,McLaren,VER,Red Bull Racing,0.561,306.0,288.0,18.0,7.0,HARD,10.0,HARD,True,standard,False
10,Spa-Francorchamps,Belgian Grand Prix,27,S1,GAS,Alpine,LAW,Racing Bulls,0.345,303.0,303.0,0.0,13.0,HARD,12.0,HARD,True,standard,False
10,Spa-Francorchamps,Belgian Grand Prix,27,S1,HUL,Audi,GAS,Alpine,0.623,305.0,303.0,2.0,7.0,HARD,13.0,HARD,True,standard,False
10,Spa-Francorchamps,Belgian Grand Prix,27,S1,COL,Alpine,HUL,Audi,0.074,304.0,305.0,-1.0,12.0,HARD,7.0,HARD,True,standard,False
10,Spa-Francorchamps,Belgian Grand Prix,27,S1,ALB,Williams,BEA,Haas F1 Team,0.087,296.0,299.0,-3.0,9.0,HARD,7.0,HARD,True,standard,False
10,Spa-Francorchamps,Belgian Grand Prix,27,S1,OCO,Haas F1 Team,SAI,Williams,0.888,293.0,296.0,-3.0,11.0,HARD,13.0,HARD,True,standard,False
10,Spa-Francorchamps,Belgian Grand Prix,27,S2,GAS,Alpine,LAW,Racing Bulls,0.972,303.0,303.0,0.0,13.0,HARD,12.0,HARD,True,standard,False
10,Spa-Francorchamps,Belgian Grand Prix,27,S2,HUL,Audi,GAS,Alpine,0.421,305.0,303.0,2.0,7.0,HARD,13.0,HARD,True,standard,False
10,Spa-Francorchamps,Belgian Grand Prix,27,S2,COL,Alpine,HUL,Audi,0.707,304.0,305.0,-1.0,12.0,HARD,7.0,HARD,True,standard,False
10,Spa-Francorchamps,Belgian Grand Prix,27,S3,VER,Red Bull Racing,NOR,McLaren,0.983,288.0,303.0,-15.0,10.0,HARD,27.0,HARD,True,standard,False
10,Spa-Francorchamps,Belgian Grand Prix,27,S3,GAS,Alpine,LAW,Racing Bulls,0.873,303.0,303.0,0.0,13.0,HARD,12.0,HARD,True,standard,False
10,Spa-Francorchamps,Belgian Grand Prix,27,S3,HUL,Audi,GAS,Alpine,0.402,305.0,303.0,2.0,7.0,HARD,13.0,HARD,True,standard,False
10,Spa-Francorchamps,Belgian Grand Prix,27,S3,COL,Alpine,HUL,Audi,0.566,304.0,305.0,-1.0,12.0,HARD,7.0,HARD,True,standard,True
10,Spa-Francorchamps,Belgian Grand Prix,27,S3,OCO,Haas F1 Team,SAI,Williams,0.969,293.0,296.0,-3.0,11.0,HARD,13.0,HARD,True,standard,False
10,Spa-Francorchamps,Belgian Grand Prix,28,S1,VER,Red Bull Racing,NOR,McLaren,0.589,292.0,302.0,-10.0,11.0,HARD,28.0,HARD,True,standard,False
10,Spa-Francorchamps,Belgian Grand Prix,28,S1,GAS,Alpine,LAW,Racing Bulls,0.311,300.0,301.0,-1.0,14.0,HARD,13.0,HARD,True,standard,False
10,Spa-Francorchamps,Belgian Grand Prix,28,S1,COL,Alpine,GAS,Alpine,0.798,303.0,300.0,3.0,13.0,HARD,14.0,HARD,True,standard,False
10,Spa-Francorchamps,Belgian Grand Prix,28,S1,HUL,Audi,COL,Alpine,0.005,296.0,303.0,-7.0,8.0,HARD,13.0,HARD,True,standard,False
10,Spa-Francorchamps,Belgian Grand Prix,28,S1,ALB,Williams,BEA,Haas F1 Team,0.988,298.0,289.0,9.0,10.0,HARD,8.0,HARD,True,standard,False
10,Spa-Francorchamps,Belgian Grand Prix,28,S2,VER,Red Bull Racing,NOR,McLaren,0.529,292.0,302.0,-10.0,11.0,HARD,28.0,HARD,True,standard,False
10,Spa-Francorchamps,Belgian Grand Prix,28,S2,PIA,McLaren,VER,Red Bull Racing,0.953,305.0,292.0,13.0,8.0,HARD,11.0,HARD,True,standard,False
10,Spa-Francorchamps,Belgian Grand Prix,28,S2,GAS,Alpine,LAW,Racing Bulls,1.0,300.0,301.0,-1.0,14.0,HARD,13.0,HARD,True,standard,False
10,Spa-Francorchamps,Belgian Grand Prix,28,S2,COL,Alpine,GAS,Alpine,0.818,303.0,300.0,3.0,13.0,HARD,14.0,HARD,True,standard,False
10,Spa-Francorchamps,Belgian Grand Prix,28,S2,HUL,Audi,COL,Alpine,0.578,296.0,303.0,-7.0,8.0,HARD,13.0,HARD,True,standard,False
10,Spa-Francorchamps,Belgian Grand Prix,28,S3,VER,Red Bull Racing,NOR,McLaren,0.578,292.0,302.0,-10.0,11.0,HARD,28.0,HARD,True,standard,True
10,Spa-Francorchamps,Belgian Grand Prix,28,S3,PIA,McLaren,VER,Red Bull Racing,0.93,305.0,292.0,13.0,8.0,HARD,11.0,HARD,True,standard,False
10,Spa-Francorchamps,Belgian Grand Prix,28,S3,GAS,Alpine,LAW,Racing Bulls,0.795,300.0,301.0,-1.0,14.0,HARD,13.0,HARD,True,standard,False
10,Spa-Francorchamps,Belgian Grand Prix,28,S3,COL,Alpine,GAS,Alpine,0.754,303.0,300.0,3.0,13.0,HARD,14.0,HARD,True,standard,False
10,Spa-Francorchamps,Belgian Grand Prix,28,S3,HUL,Audi,COL,Alpine,0.636,296.0,303.0,-7.0,8.0,HARD,13.0,HARD,True,standard,False
10,Spa-Francorchamps,Belgian Grand Prix,29,S1,NOR,McLaren,VER,Red Bull Racing,0.005,305.0,299.0,6.0,29.0,HARD,12.0,HARD,True,standard,False
10,Spa-Francorchamps,Belgian Grand Prix,29,S1,GAS,Alpine,LAW,Racing Bulls,0.166,304.0,303.0,1.0,15.0,HARD,14.0,HARD,True,standard,False
10,Spa-Francorchamps,Belgian Grand Prix,29,S1,COL,Alpine,GAS,Alpine,0.814,304.0,304.0,0.0,14.0,HARD,15.0,HARD,True,standard,False
10,Spa-Francorchamps,Belgian Grand Prix,29,S2,PIA,McLaren,NOR,McLaren,0.54,310.0,305.0,5.0,9.0,HARD,29.0,HARD,True,standard,False
10,Spa-Francorchamps,Belgian Grand Prix,29,S2,GAS,Alpine,LAW,Racing Bulls,0.774,304.0,303.0,1.0,15.0,HARD,14.0,HARD,True,standard,False
10,Spa-Francorchamps,Belgian Grand Prix,29,S2,COL,Alpine,GAS,Alpine,0.71,304.0,304.0,0.0,14.0,HARD,15.0,HARD,True,standard,False
10,Spa-Francorchamps,Belgian Grand Prix,29,S2,HUL,Audi,COL,Alpine,0.5,304.0,304.0,0.0,9.0,HARD,14.0,HARD,True,standard,False
10,Spa-Francorchamps,Belgian Grand Prix,29,S3,NOR,McLaren,VER,Red Bull Racing,0.85,305.0,299.0,6.0,29.0,HARD,12.0,HARD,True,standard,False
10,Spa-Francorchamps,Belgian Grand Prix,29,S3,GAS,Alpine,LAW,Racing Bulls,0.515,304.0,303.0,1.0,15.0,HARD,14.0,HARD,True,standard,True
10,Spa-Francorchamps,Belgian Grand Prix,29,S3,COL,Alpine,GAS,Alpine,0.472,304.0,304.0,0.0,14.0,HARD,15.0,HARD,True,standard,True
10,Spa-Francorchamps,Belgian Grand Prix,29,S3,HUL,Audi,COL,Alpine,0.769,304.0,304.0,0.0,9.0,HARD,14.0,HARD,True,standard,False
10,Spa-Francorchamps,Belgian Grand Prix,30,S1,NOR,McLaren,VER,Red Bull Racing,0.525,307.0,289.0,18.0,30.0,HARD,13.0,HARD,True,standard,False
10,Spa-Francorchamps,Belgian Grand Prix,30,S1,PIA,McLaren,NOR,McLaren,0.996,309.0,307.0,2.0,10.0,HARD,30.0,HARD,True,standard,False
10,Spa-Francorchamps,Belgian Grand Prix,30,S1,GAS,Alpine,COL,Alpine,0.029,294.0,305.0,-11.0,16.0,HARD,15.0,HARD,True,standard,False
10,Spa-Francorchamps,Belgian Grand Prix,30,S1,LAW,Racing Bulls,GAS,Alpine,0.027,306.0,294.0,12.0,15.0,HARD,16.0,HARD,True,standard,True
10,Spa-Francorchamps,Belgian Grand Prix,30,S1,HUL,Audi,LAW,Racing Bulls,0.654,309.0,306.0,3.0,10.0,HARD,15.0,HARD,True,standard,False
10,Spa-Francorchamps,Belgian Grand Prix,30,S2,PIA,McLaren,NOR,McLaren,0.71,309.0,307.0,2.0,10.0,HARD,30.0,HARD,True,standard,True
10,Spa-Francorchamps,Belgian Grand Prix,30,S2,GAS,Alpine,LAW,Racing Bulls,0.75,294.0,306.0,-12.0,16.0,HARD,15.0,HARD,True,standard,False
10,Spa-Francorchamps,Belgian Grand Prix,30,S2,HUL,Audi,GAS,Alpine,0.443,309.0,294.0,15.0,10.0,HARD,16.0,HARD,True,standard,False
10,Spa-Francorchamps,Belgian Grand Prix,30,S3,GAS,Alpine,LAW,Racing Bulls,0.58,294.0,306.0,-12.0,16.0,HARD,15.0,HARD,True,standard,False
10,Spa-Francorchamps,Belgian Grand Prix,30,S3,HUL,Audi,GAS,Alpine,0.91,309.0,294.0,15.0,10.0,HARD,16.0,HARD,True,standard,False
10,Spa-Francorchamps,Belgian Grand Prix,31,S1,LAW,Racing Bulls,COL,Alpine,0.915,312.0,297.0,15.0,16.0,HARD,16.0,HARD,True,standard,False
10,Spa-Francorchamps,Belgian Grand Prix,31,S1,GAS,Alpine,LAW,Racing Bulls,0.227,307.0,312.0,-5.0,17.0,HARD,16.0,HARD,True,standard,False
10,Spa-Francorchamps,Belgian Grand Prix,31,S2,NOR,McLaren,BOR,Audi,0.897,290.0,301.0,-11.0,1.0,MEDIUM,11.0,HARD,True,standard,False
10,Spa-Francorchamps,Belgian Grand Prix,31,S2,GAS,Alpine,LAW,Racing Bulls,0.835,307.0,312.0,-5.0,17.0,HARD,16.0,HARD,True,standard,False
10,Spa-Francorchamps,Belgian Grand Prix,31,S2,HUL,Audi,GAS,Alpine,0.586,310.0,307.0,3.0,11.0,HARD,17.0,HARD,True,standard,False
10,Spa-Francorchamps,Belgian Grand Prix,31,S3,NOR,McLaren,BOR,Audi,0.29,290.0,301.0,-11.0,1.0,MEDIUM,11.0,HARD,True,standard,True
10,Spa-Francorchamps,Belgian Grand Prix,31,S3,GAS,Alpine,LAW,Racing Bulls,0.674,307.0,312.0,-5.0,17.0,HARD,16.0,HARD,True,standard,False
10,Spa-Francorchamps,Belgian Grand Prix,31,S3,OCO,Haas F1 Team,SAI,Williams,0.935,295.0,294.0,1.0,15.0,HARD,17.0,HARD,True,standard,False
10,Spa-Francorchamps,Belgian Grand Prix,32,S1,ANT,Mercedes,LEC,Ferrari,0.733,305.0,302.0,3.0,17.0,SOFT,12.0,HARD,True,standard,False
10,Spa-Francorchamps,Belgian Grand Prix,32,S1,BOR,Audi,NOR,McLaren,0.108,302.0,311.0,-9.0,12.0,HARD,2.0,MEDIUM,True,standard,False
10,Spa-Francorchamps,Belgian Grand Prix,32,S1,GAS,Alpine,LAW,Racing Bulls,0.238,307.0,307.0,0.0,18.0,HARD,17.0,HARD,True,standard,False
10,Spa-Francorchamps,Belgian Grand Prix,32,S2,GAS,Alpine,LAW,Racing Bulls,0.719,307.0,307.0,0.0,18.0,HARD,17.0,HARD,True,standard,False
10,Spa-Francorchamps,Belgian Grand Prix,32,S2,HUL,Audi,GAS,Alpine,0.537,308.0,307.0,1.0,12.0,HARD,18.0,HARD,True,standard,False
10,Spa-Francorchamps,Belgian Grand Prix,32,S3,GAS,Alpine,LAW,Racing Bulls,0.53,307.0,307.0,0.0,18.0,HARD,17.0,HARD,True,standard,False
10,Spa-Francorchamps,Belgian Grand Prix,32,S3,HUL,Audi,GAS,Alpine,0.874,308.0,307.0,1.0,12.0,HARD,18.0,HARD,True,standard,False
10,Spa-Francorchamps,Belgian Grand Prix,32,S3,OCO,Haas F1 Team,SAI,Williams,0.959,297.0,300.0,-3.0,16.0,HARD,18.0,HARD,True,standard,False
10,Spa-Francorchamps,Belgian Grand Prix,33,S1,ANT,Mercedes,LEC,Ferrari,0.413,305.0,303.0,2.0,18.0,SOFT,13.0,HARD,True,standard,False
10,Spa-Francorchamps,Belgian Grand Prix,33,S1,GAS,Alpine,LAW,Racing Bulls,0.023,309.0,314.0,-5.0,19.0,HARD,18.0,HARD,True,standard,True
10,Spa-Francorchamps,Belgian Grand Prix,33,S2,ANT,Mercedes,LEC,Ferrari,0.984,305.0,303.0,2.0,18.0,SOFT,13.0,HARD,True,standard,False
10,Spa-Francorchamps,Belgian Grand Prix,33,S2,LAW,Racing Bulls,GAS,Alpine,0.668,314.0,309.0,5.0,18.0,HARD,19.0,HARD,True,standard,False
10,Spa-Francorchamps,Belgian Grand Prix,33,S2,HUL,Audi,LAW,Racing Bulls,0.597,309.0,314.0,-5.0,13.0,HARD,18.0,HARD,True,standard,False
10,Spa-Francorchamps,Belgian Grand Prix,33,S3,ANT,Mercedes,LEC,Ferrari,0.643,305.0,303.0,2.0,18.0,SOFT,13.0,HARD,True,standard,True
10,Spa-Francorchamps,Belgian Grand Prix,33,S3,LAW,Racing Bulls,GAS,Alpine,0.581,314.0,309.0,5.0,18.0,HARD,19.0,HARD,True,standard,False
10,Spa-Francorchamps,Belgian Grand Prix,34,S1,LEC,Ferrari,ANT,Mercedes,0.105,301.0,307.0,-6.0,14.0,HARD,19.0,SOFT,True,standard,False
10,Spa-Francorchamps,Belgian Grand Prix,34,S1,LAW,Racing Bulls,GAS,Alpine,0.245,318.0,300.0,18.0,19.0,HARD,20.0,HARD,True,standard,False
10,Spa-Francorchamps,Belgian Grand Prix,34,S2,LEC,Ferrari,ANT,Mercedes,0.835,301.0,307.0,-6.0,14.0,HARD,19.0,SOFT,True,standard,False
10,Spa-Francorchamps,Belgian Grand Prix,34,S2,LAW,Racing Bulls,GAS,Alpine,0.641,318.0,300.0,18.0,19.0,HARD,20.0,HARD,True,standard,False
10,Spa-Francorchamps,Belgian Grand Prix,34,S2,HUL,Audi,LAW,Racing Bulls,0.728,309.0,318.0,-9.0,14.0,HARD,19.0,HARD,True,standard,False
10,Spa-Francorchamps,Belgian Grand Prix,34,S3,LEC,Ferrari,ANT,Mercedes,0.724,301.0,307.0,-6.0,14.0,HARD,19.0,SOFT,True,standard,False
10,Spa-Francorchamps,Belgian Grand Prix,34,S3,LAW,Racing Bulls,GAS,Alpine,0.611,318.0,300.0,18.0,19.0,HARD,20.0,HARD,True,standard,False
10,Spa-Francorchamps,Belgian Grand Prix,34,S3,HUL,Audi,LAW,Racing Bulls,0.548,309.0,318.0,-9.0,14.0,HARD,19.0,HARD,True,standard,False
10,Spa-Francorchamps,Belgian Grand Prix,35,S1,LEC,Ferrari,ANT,Mercedes,0.552,302.0,300.0,2.0,15.0,HARD,20.0,SOFT,True,standard,False
10,Spa-Francorchamps,Belgian Grand Prix,35,S1,LAW,Racing Bulls,GAS,Alpine,0.367,320.0,303.0,17.0,20.0,HARD,21.0,HARD,True,standard,False
10,Spa-Francorchamps,Belgian Grand Prix,35,S1,HUL,Audi,LAW,Racing Bulls,0.774,311.0,320.0,-9.0,15.0,HARD,20.0,HARD,True,standard,False
10,Spa-Francorchamps,Belgian Grand Prix,35,S2,LEC,Ferrari,ANT,Mercedes,0.686,302.0,300.0,2.0,15.0,HARD,20.0,SOFT,True,standard,False
10,Spa-Francorchamps,Belgian Grand Prix,35,S2,LAW,Racing Bulls,GAS,Alpine,0.655,320.0,303.0,17.0,20.0,HARD,21.0,HARD,True,standard,False
10,Spa-Francorchamps,Belgian Grand Prix,35,S2,HUL,Audi,LAW,Racing Bulls,0.557,311.0,320.0,-9.0,15.0,HARD,20.0,HARD,True,standard,False
10,Spa-Francorchamps,Belgian Grand Prix,35,S3,LEC,Ferrari,ANT,Mercedes,0.796,302.0,300.0,2.0,15.0,HARD,20.0,SOFT,True,standard,False
10,Spa-Francorchamps,Belgian Grand Prix,35,S3,LAW,Racing Bulls,GAS,Alpine,0.614,320.0,303.0,17.0,20.0,HARD,21.0,HARD,True,standard,False
10,Spa-Francorchamps,Belgian Grand Prix,35,S3,HUL,Audi,LAW,Racing Bulls,0.665,311.0,320.0,-9.0,15.0,HARD,20.0,HARD,True,standard,False
10,Spa-Francorchamps,Belgian Grand Prix,36,S1,LEC,Ferrari,ANT,Mercedes,0.337,304.0,301.0,3.0,16.0,HARD,21.0,SOFT,True,standard,False
10,Spa-Francorchamps,Belgian Grand Prix,36,S1,LAW,Racing Bulls,GAS,Alpine,0.532,316.0,299.0,17.0,21.0,HARD,22.0,HARD,True,standard,False
10,Spa-Francorchamps,Belgian Grand Prix,36,S1,HUL,Audi,LAW,Racing Bulls,0.567,314.0,316.0,-2.0,16.0,HARD,21.0,HARD,True,standard,False
10,Spa-Francorchamps,Belgian Grand Prix,36,S2,LEC,Ferrari,ANT,Mercedes,0.744,304.0,301.0,3.0,16.0,HARD,21.0,SOFT,True,standard,False
10,Spa-Francorchamps,Belgian Grand Prix,36,S2,LAW,Racing Bulls,GAS,Alpine,0.776,316.0,299.0,17.0,21.0,HARD,22.0,HARD,True,standard,False
10,Spa-Francorchamps,Belgian Grand Prix,36,S2,HUL,Audi,LAW,Racing Bulls,0.55,314.0,316.0,-2.0,16.0,HARD,21.0,HARD,True,standard,False
10,Spa-Francorchamps,Belgian Grand Prix,36,S3,LEC,Ferrari,ANT,Mercedes,0.885,304.0,301.0,3.0,16.0,HARD,21.0,SOFT,True,standard,False
10,Spa-Francorchamps,Belgian Grand Prix,36,S3,LAW,Racing Bulls,GAS,Alpine,0.706,316.0,299.0,17.0,21.0,HARD,22.0,HARD,True,standard,False
10,Spa-Francorchamps,Belgian Grand Prix,36,S3,HUL,Audi,LAW,Racing Bulls,0.88,314.0,316.0,-2.0,16.0,HARD,21.0,HARD,True,standard,False
10,Spa-Francorchamps,Belgian Grand Prix,37,S1,LEC,Ferrari,ANT,Mercedes,0.449,302.0,299.0,3.0,17.0,HARD,22.0,SOFT,True,standard,False
10,Spa-Francorchamps,Belgian Grand Prix,37,S1,GAS,Alpine,COL,Alpine,0.931,299.0,298.0,1.0,23.0,HARD,22.0,HARD,True,standard,False
10,Spa-Francorchamps,Belgian Grand Prix,37,S1,LAW,Racing Bulls,GAS,Alpine,0.411,319.0,299.0,20.0,22.0,HARD,23.0,HARD,True,standard,False
10,Spa-Francorchamps,Belgian Grand Prix,37,S2,LEC,Ferrari,ANT,Mercedes,0.865,302.0,299.0,3.0,17.0,HARD,22.0,SOFT,True,standard,False
10,Spa-Francorchamps,Belgian Grand Prix,37,S2,LAW,Racing Bulls,GAS,Alpine,0.722,319.0,299.0,20.0,22.0,HARD,23.0,HARD,True,standard,False
10,Spa-Francorchamps,Belgian Grand Prix,37,S2,HUL,Audi,LAW,Racing Bulls,0.884,304.0,319.0,-15.0,17.0,HARD,22.0,HARD,True,standard,False
10,Spa-Francorchamps,Belgian Grand Prix,37,S3,LEC,Ferrari,ANT,Mercedes,0.9,302.0,299.0,3.0,17.0,HARD,22.0,SOFT,True,standard,False
10,Spa-Francorchamps,Belgian Grand Prix,37,S3,HAM,Ferrari,PIA,McLaren,0.982,303.0,303.0,0.0,17.0,HARD,17.0,HARD,True,standard,False
10,Spa-Francorchamps,Belgian Grand Prix,37,S3,LAW,Racing Bulls,GAS,Alpine,0.594,319.0,299.0,20.0,22.0,HARD,23.0,HARD,True,standard,False
10,Spa-Francorchamps,Belgian Grand Prix,37,S3,HUL,Audi,LAW,Racing Bulls,0.836,304.0,319.0,-15.0,17.0,HARD,22.0,HARD,True,standard,False
10,Spa-Francorchamps,Belgian Grand Prix,38,S1,LEC,Ferrari,ANT,Mercedes,0.808,301.0,300.0,1.0,18.0,HARD,23.0,SOFT,True,standard,False
10,Spa-Francorchamps,Belgian Grand Prix,38,S1,GAS,Alpine,COL,Alpine,0.75,300.0,296.0,4.0,24.0,HARD,23.0,HARD,True,standard,False
10,Spa-Francorchamps,Belgian Grand Prix,38,S1,LAW,Racing Bulls,GAS,Alpine,0.726,307.0,300.0,7.0,23.0,HARD,24.0,HARD,True,standard,False
10,Spa-Francorchamps,Belgian Grand Prix,38,S2,HAM,Ferrari,PIA,McLaren,0.758,301.0,305.0,-4.0,18.0,HARD,18.0,HARD,True,standard,False
10,Spa-Francorchamps,Belgian Grand Prix,38,S2,LAW,Racing Bulls,GAS,Alpine,0.79,307.0,300.0,7.0,23.0,HARD,24.0,HARD,True,standard,False
10,Spa-Francorchamps,Belgian Grand Prix,38,S2,HUL,Audi,LAW,Racing Bulls,0.971,304.0,307.0,-3.0,18.0,HARD,23.0,HARD,True,standard,False
10,Spa-Francorchamps,Belgian Grand Prix,38,S3,HAM,Ferrari,PIA,McLaren,0.506,301.0,305.0,-4.0,18.0,HARD,18.0,HARD,True,standard,False
10,Spa-Francorchamps,Belgian Grand Prix,38,S3,LAW,Racing Bulls,GAS,Alpine,0.65,307.0,300.0,7.0,23.0,HARD,24.0,HARD,True,standard,False
10,Spa-Francorchamps,Belgian Grand Prix,39,S1,LEC,Ferrari,ANT,Mercedes,0.962,303.0,301.0,2.0,19.0,HARD,24.0,SOFT,True,standard,False
10,Spa-Francorchamps,Belgian Grand Prix,39,S1,HAM,Ferrari,PIA,McLaren,0.17,302.0,304.0,-2.0,19.0,HARD,19.0,HARD,True,standard,False
10,Spa-Francorchamps,Belgian Grand Prix,39,S1,GAS,Alpine,COL,Alpine,0.606,302.0,297.0,5.0,25.0,HARD,24.0,HARD,True,standard,False
10,Spa-Francorchamps,Belgian Grand Prix,39,S1,LAW,Racing Bulls,GAS,Alpine,0.619,313.0,302.0,11.0,24.0,HARD,25.0,HARD,True,standard,False
10,Spa-Francorchamps,Belgian Grand Prix,39,S2,HAM,Ferrari,PIA,McLaren,0.856,302.0,304.0,-2.0,19.0,HARD,19.0,HARD,True,standard,False
10,Spa-Francorchamps,Belgian Grand Prix,39,S2,LAW,Racing Bulls,GAS,Alpine,0.886,313.0,302.0,11.0,24.0,HARD,25.0,HARD,True,standard,False
10,Spa-Francorchamps,Belgian Grand Prix,39,S3,HAM,Ferrari,PIA,McLaren,0.479,302.0,304.0,-2.0,19.0,HARD,19.0,HARD,True,standard,False
10,Spa-Francorchamps,Belgian Grand Prix,39,S3,LAW,Racing Bulls,GAS,Alpine,0.801,313.0,302.0,11.0,24.0,HARD,25.0,HARD,True,standard,False
10,Spa-Francorchamps,Belgian Grand Prix,40,S1,HAM,Ferrari,PIA,McLaren,0.105,303.0,305.0,-2.0,20.0,HARD,20.0,HARD,True,standard,True
10,Spa-Francorchamps,Belgian Grand Prix,40,S1,GAS,Alpine,COL,Alpine,0.194,306.0,300.0,6.0,26.0,HARD,25.0,HARD,True,standard,False
10,Spa-Francorchamps,Belgian Grand Prix,40,S2,LAW,Racing Bulls,GAS,Alpine,0.666,320.0,306.0,14.0,25.0,HARD,26.0,HARD,True,standard,False
10,Spa-Francorchamps,Belgian Grand Prix,40,S2,HUL,Audi,LAW,Racing Bulls,0.981,310.0,320.0,-10.0,20.0,HARD,25.0,HARD,True,standard,False
10,Spa-Francorchamps,Belgian Grand Prix,40,S3,GAS,Alpine,COL,Alpine,0.835,306.0,300.0,6.0,26.0,HARD,25.0,HARD,True,standard,False
10,Spa-Francorchamps,Belgian Grand Prix,40,S3,LAW,Racing Bulls,GAS,Alpine,0.682,320.0,306.0,14.0,25.0,HARD,26.0,HARD,True,standard,False
10,Spa-Francorchamps,Belgian Grand Prix,41,S1,GAS,Alpine,COL,Alpine,0.22,306.0,303.0,3.0,27.0,HARD,26.0,HARD,True,standard,False
10,Spa-Francorchamps,Belgian Grand Prix,41,S1,LAW,Racing Bulls,GAS,Alpine,0.717,323.0,306.0,17.0,26.0,HARD,27.0,HARD,True,standard,False
10,Spa-Francorchamps,Belgian Grand Prix,41,S2,GAS,Alpine,COL,Alpine,0.972,306.0,303.0,3.0,27.0,HARD,26.0,HARD,True,standard,False
10,Spa-Francorchamps,Belgian Grand Prix,41,S2,LAW,Racing Bulls,GAS,Alpine,0.626,323.0,306.0,17.0,26.0,HARD,27.0,HARD,True,standard,False
10,Spa-Francorchamps,Belgian Grand Prix,41,S2,HUL,Audi,LAW,Racing Bulls,0.656,313.0,323.0,-10.0,21.0,HARD,26.0,HARD,True,standard,False
10,Spa-Francorchamps,Belgian Grand Prix,41,S3,GAS,Alpine,COL,Alpine,0.835,306.0,303.0,3.0,27.0,HARD,26.0,HARD,True,standard,False
10,Spa-Francorchamps,Belgian Grand Prix,41,S3,LAW,Racing Bulls,GAS,Alpine,0.494,323.0,306.0,17.0,26.0,HARD,27.0,HARD,True,standard,False
10,Spa-Francorchamps,Belgian Grand Prix,41,S3,HUL,Audi,LAW,Racing Bulls,0.712,313.0,323.0,-10.0,21.0,HARD,26.0,HARD,True,standard,False
10,Spa-Francorchamps,Belgian Grand Prix,42,S1,GAS,Alpine,COL,Alpine,0.418,302.0,301.0,1.0,28.0,HARD,27.0,HARD,True,standard,False
10,Spa-Francorchamps,Belgian Grand Prix,42,S1,LAW,Racing Bulls,GAS,Alpine,0.379,322.0,302.0,20.0,27.0,HARD,28.0,HARD,True,standard,False
10,Spa-Francorchamps,Belgian Grand Prix,42,S1,HUL,Audi,LAW,Racing Bulls,0.738,314.0,322.0,-8.0,22.0,HARD,27.0,HARD,True,standard,False
10,Spa-Francorchamps,Belgian Grand Prix,42,S2,LAW,Racing Bulls,GAS,Alpine,0.696,322.0,302.0,20.0,27.0,HARD,28.0,HARD,True,standard,False
10,Spa-Francorchamps,Belgian Grand Prix,42,S2,HUL,Audi,LAW,Racing Bulls,0.513,314.0,322.0,-8.0,22.0,HARD,27.0,HARD,True,standard,False
10,Spa-Francorchamps,Belgian Grand Prix,42,S3,LAW,Racing Bulls,GAS,Alpine,0.645,322.0,302.0,20.0,27.0,HARD,28.0,HARD,True,standard,False
10,Spa-Francorchamps,Belgian Grand Prix,42,S3,HUL,Audi,LAW,Racing Bulls,0.614,314.0,322.0,-8.0,22.0,HARD,27.0,HARD,True,standard,False
10,Spa-Francorchamps,Belgian Grand Prix,43,S1,GAS,Alpine,COL,Alpine,0.631,302.0,298.0,4.0,29.0,HARD,28.0,HARD,True,standard,False
10,Spa-Francorchamps,Belgian Grand Prix,43,S1,LAW,Racing Bulls,GAS,Alpine,0.404,306.0,302.0,4.0,28.0,HARD,29.0,HARD,True,standard,False
10,Spa-Francorchamps,Belgian Grand Prix,43,S2,LAW,Racing Bulls,GAS,Alpine,0.737,306.0,302.0,4.0,28.0,HARD,29.0,HARD,True,standard,False
10,Spa-Francorchamps,Belgian Grand Prix,43,S2,HUL,Audi,LAW,Racing Bulls,0.732,304.0,306.0,-2.0,23.0,HARD,28.0,HARD,True,standard,False
10,Spa-Francorchamps,Belgian Grand Prix,43,S3,LAW,Racing Bulls,GAS,Alpine,0.552,306.0,302.0,4.0,28.0,HARD,29.0,HARD,True,standard,False
10,Spa-Francorchamps,Belgian Grand Prix,43,S3,HUL,Audi,LAW,Racing Bulls,0.746,304.0,306.0,-2.0,23.0,HARD,28.0,HARD,True,standard,False
10,Spa-Francorchamps,Belgian Grand Prix,43,S3,SAI,Williams,ALB,Williams,1.0,299.0,296.0,3.0,29.0,HARD,25.0,HARD,True,standard,False
10,Spa-Francorchamps,Belgian Grand Prix,44,S1,NOR,McLaren,HAD,Red Bull Racing,0.986,308.0,300.0,8.0,14.0,MEDIUM,25.0,HARD,True,standard,False
10,Spa-Francorchamps,Belgian Grand Prix,44,S1,GAS,Alpine,COL,Alpine,0.386,305.0,299.0,6.0,30.0,HARD,29.0,HARD,True,standard,False
10,Spa-Francorchamps,Belgian Grand Prix,44,S1,LAW,Racing Bulls,GAS,Alpine,0.497,304.0,305.0,-1.0,29.0,HARD,30.0,HARD,True,standard,False
10,Spa-Francorchamps,Belgian Grand Prix,44,S1,SAI,Williams,ALB,Williams,0.844,299.0,298.0,1.0,30.0,HARD,26.0,HARD,True,standard,False
10,Spa-Francorchamps,Belgian Grand Prix,44,S2,LAW,Racing Bulls,GAS,Alpine,0.663,304.0,305.0,-1.0,29.0,HARD,30.0,HARD,True,standard,False
10,Spa-Francorchamps,Belgian Grand Prix,44,S2,HUL,Audi,LAW,Racing Bulls,0.689,305.0,304.0,1.0,24.0,HARD,29.0,HARD,True,standard,False
10,Spa-Francorchamps,Belgian Grand Prix,44,S3,NOR,McLaren,HAD,Red Bull Racing,0.769,308.0,300.0,8.0,14.0,MEDIUM,25.0,HARD,True,standard,False
10,Spa-Francorchamps,Belgian Grand Prix,44,S3,GAS,Alpine,COL,Alpine,0.975,305.0,299.0,6.0,30.0,HARD,29.0,HARD,True,standard,False
10,Spa-Francorchamps,Belgian Grand Prix,44,S3,LAW,Racing Bulls,GAS,Alpine,0.497,304.0,305.0,-1.0,29.0,HARD,30.0,HARD,True,standard,False
10,Spa-Francorchamps,Belgian Grand Prix,44,S3,HUL,Audi,LAW,Racing Bulls,0.84,305.0,304.0,1.0,24.0,HARD,29.0,HARD,True,standard,False
11,Budapest,Hungarian Grand Prix,1,S2,NOR,McLaren,PIA,McLaren,0.703,255.0,264.0,-9.0,1.0,MEDIUM,1.0,MEDIUM,True,standard,False
11,Budapest,Hungarian Grand Prix,1,S2,VER,Red Bull Racing,NOR,McLaren,1.0,263.0,255.0,8.0,1.0,MEDIUM,1.0,MEDIUM,True,standard,False
11,Budapest,Hungarian Grand Prix,1,S2,HAM,Ferrari,VER,Red Bull Racing,0.547,267.0,263.0,4.0,1.0,SOFT,1.0,MEDIUM,True,standard,False
11,Budapest,Hungarian Grand Prix,1,S2,LEC,Ferrari,HAM,Ferrari,0.422,257.0,267.0,-10.0,4.0,SOFT,1.0,SOFT,True,standard,False
11,Budapest,Hungarian Grand Prix,1,S2,ANT,Mercedes,LEC,Ferrari,0.672,273.0,257.0,16.0,1.0,MEDIUM,4.0,SOFT,True,standard,False
11,Budapest,Hungarian Grand Prix,1,S2,HAD,Red Bull Racing,ANT,Mercedes,0.218,276.0,273.0,3.0,1.0,MEDIUM,1.0,MEDIUM,True,standard,False
11,Budapest,Hungarian Grand Prix,1,S2,LAW,Racing Bulls,HAD,Red Bull Racing,0.391,279.0,276.0,3.0,1.0,MEDIUM,1.0,MEDIUM,True,standard,False
11,Budapest,Hungarian Grand Prix,1,S2,LIN,Racing Bulls,LAW,Racing Bulls,0.297,277.0,279.0,-2.0,1.0,MEDIUM,1.0,MEDIUM,True,standard,False
11,Budapest,Hungarian Grand Prix,1,S2,HUL,Audi,LIN,Racing Bulls,0.562,266.0,277.0,-11.0,1.0,MEDIUM,1.0,MEDIUM,True,standard,False
11,Budapest,Hungarian Grand Prix,1,S2,GAS,Alpine,HUL,Audi,0.579,280.0,266.0,14.0,1.0,MEDIUM,1.0,MEDIUM,True,standard,False
11,Budapest,Hungarian Grand Prix,1,S2,OCO,Haas F1 Team,GAS,Alpine,0.281,287.0,280.0,7.0,1.0,MEDIUM,1.0,MEDIUM,True,standard,False
11,Budapest,Hungarian Grand Prix,1,S2,BOR,Audi,OCO,Haas F1 Team,0.156,277.0,287.0,-10.0,1.0,SOFT,1.0,MEDIUM,True,standard,False
11,Budapest,Hungarian Grand Prix,1,S2,COL,Alpine,BOR,Audi,0.813,280.0,277.0,3.0,1.0,MEDIUM,1.0,SOFT,True,standard,False
11,Budapest,Hungarian Grand Prix,1,S2,ALO,Aston Martin,COL,Alpine,0.218,280.0,280.0,0.0,1.0,SOFT,1.0,MEDIUM,True,standard,False
11,Budapest,Hungarian Grand Prix,1,S2,BEA,Haas F1 Team,ALO,Aston Martin,0.438,287.0,280.0,7.0,1.0,MEDIUM,1.0,SOFT,True,standard,False
11,Budapest,Hungarian Grand Prix,1,S2,SAI,Williams,BEA,Haas F1 Team,0.531,281.0,287.0,-6.0,1.0,SOFT,1.0,MEDIUM,True,standard,False
11,Budapest,Hungarian Grand Prix,1,S2,ALB,Williams,SAI,Williams,0.438,284.0,281.0,3.0,1.0,MEDIUM,1.0,SOFT,True,standard,False
11,Budapest,Hungarian Grand Prix,1,S2,STR,Aston Martin,ALB,Williams,0.109,292.0,284.0,8.0,1.0,SOFT,1.0,MEDIUM,True,standard,False
11,Budapest,Hungarian Grand Prix,1,S2,RUS,Mercedes,STR,Aston Martin,0.453,267.0,292.0,-25.0,1.0,MEDIUM,1.0,SOFT,True,standard,True
11,Budapest,Hungarian Grand Prix,1,S2,BOT,Cadillac,RUS,Mercedes,0.406,297.0,267.0,30.0,1.0,MEDIUM,1.0,MEDIUM,True,standard,False
11,Budapest,Hungarian Grand Prix,1,S2,PER,Cadillac,BOT,Cadillac,0.516,,297.0,,1.0,MEDIUM,1.0,MEDIUM,True,standard,False
11,Budapest,Hungarian Grand Prix,1,S3,NOR,McLaren,PIA,McLaren,0.878,255.0,264.0,-9.0,1.0,MEDIUM,1.0,MEDIUM,True,standard,False
11,Budapest,Hungarian Grand Prix,1,S3,VER,Red Bull Racing,NOR,McLaren,0.809,263.0,255.0,8.0,1.0,MEDIUM,1.0,MEDIUM,True,standard,False
11,Budapest,Hungarian Grand Prix,1,S3,HAM,Ferrari,VER,Red Bull Racing,0.5,267.0,263.0,4.0,1.0,SOFT,1.0,MEDIUM,True,standard,False
11,Budapest,Hungarian Grand Prix,1,S3,LEC,Ferrari,HAM,Ferrari,0.5,257.0,267.0,-10.0,4.0,SOFT,1.0,SOFT,True,standard,False
11,Budapest,Hungarian Grand Prix,1,S3,ANT,Mercedes,LEC,Ferrari,0.86,273.0,257.0,16.0,1.0,MEDIUM,4.0,SOFT,True,standard,False
11,Budapest,Hungarian Grand Prix,1,S3,HAD,Red Bull Racing,ANT,Mercedes,0.531,276.0,273.0,3.0,1.0,MEDIUM,1.0,MEDIUM,True,standard,False
11,Budapest,Hungarian Grand Prix,1,S3,LAW,Racing Bulls,HAD,Red Bull Racing,0.672,279.0,276.0,3.0,1.0,MEDIUM,1.0,MEDIUM,True,standard,False
11,Budapest,Hungarian Grand Prix,1,S3,LIN,Racing Bulls,LAW,Racing Bulls,0.375,277.0,279.0,-2.0,1.0,MEDIUM,1.0,MEDIUM,True,standard,False
11,Budapest,Hungarian Grand Prix,1,S3,HUL,Audi,LIN,Racing Bulls,0.375,266.0,277.0,-11.0,1.0,MEDIUM,1.0,MEDIUM,True,standard,False
11,Budapest,Hungarian Grand Prix,1,S3,GAS,Alpine,HUL,Audi,0.562,280.0,266.0,14.0,1.0,MEDIUM,1.0,MEDIUM,True,standard,False
11,Budapest,Hungarian Grand Prix,1,S3,OCO,Haas F1 Team,GAS,Alpine,0.407,287.0,280.0,7.0,1.0,MEDIUM,1.0,MEDIUM,True,standard,False
11,Budapest,Hungarian Grand Prix,1,S3,BOR,Audi,OCO,Haas F1 Team,0.203,277.0,287.0,-10.0,1.0,SOFT,1.0,MEDIUM,True,standard,False
11,Budapest,Hungarian Grand Prix,1,S3,COL,Alpine,BOR,Audi,0.781,280.0,277.0,3.0,1.0,MEDIUM,1.0,SOFT,True,standard,False
11,Budapest,Hungarian Grand Prix,1,S3,ALO,Aston Martin,COL,Alpine,0.437,280.0,280.0,0.0,1.0,SOFT,1.0,MEDIUM,True,standard,False
11,Budapest,Hungarian Grand Prix,1,S3,BEA,Haas F1 Team,ALO,Aston Martin,0.594,287.0,280.0,7.0,1.0,MEDIUM,1.0,SOFT,True,standard,False
11,Budapest,Hungarian Grand Prix,1,S3,SAI,Williams,BEA,Haas F1 Team,0.516,281.0,287.0,-6.0,1.0,SOFT,1.0,MEDIUM,True,standard,False
11,Budapest,Hungarian Grand Prix,1,S3,ALB,Williams,SAI,Williams,0.703,284.0,281.0,3.0,1.0,MEDIUM,1.0,SOFT,True,standard,False
11,Budapest,Hungarian Grand Prix,1,S3,RUS,Mercedes,ALB,Williams,0.047,267.0,284.0,-17.0,1.0,MEDIUM,1.0,MEDIUM,True,standard,True
11,Budapest,Hungarian Grand Prix,1,S3,STR,Aston Martin,RUS,Mercedes,0.219,292.0,267.0,25.0,1.0,SOFT,1.0,MEDIUM,True,standard,False
11,Budapest,Hungarian Grand Prix,1,S3,BOT,Cadillac,STR,Aston Martin,0.5,297.0,292.0,5.0,1.0,MEDIUM,1.0,SOFT,True,standard,False
11,Budapest,Hungarian Grand Prix,1,S3,PER,Cadillac,BOT,Cadillac,0.531,,297.0,,1.0,MEDIUM,1.0,MEDIUM,True,standard,False
11,Budapest,Hungarian Grand Prix,2,S1,NOR,McLaren,PIA,McLaren,0.628,326.0,318.0,8.0,2.0,MEDIUM,2.0,MEDIUM,True,standard,False
11,Budapest,Hungarian Grand Prix,2,S1,HAM,Ferrari,VER,Red Bull Racing,0.387,331.0,312.0,19.0,2.0,SOFT,2.0,MEDIUM,True,standard,False
11,Budapest,Hungarian Grand Prix,2,S1,LEC,Ferrari,HAM,Ferrari,0.428,330.0,331.0,-1.0,5.0,SOFT,2.0,SOFT,True,standard,False
11,Budapest,Hungarian Grand Prix,2,S1,ANT,Mercedes,LEC,Ferrari,0.915,335.0,330.0,5.0,2.0,MEDIUM,5.0,SOFT,True,standard,False
11,Budapest,Hungarian Grand Prix,2,S1,HAD,Red Bull Racing,ANT,Mercedes,0.545,321.0,335.0,-14.0,2.0,MEDIUM,2.0,MEDIUM,True,standard,False
11,Budapest,Hungarian Grand Prix,2,S1,LIN,Racing Bulls,LAW,Racing Bulls,0.639,337.0,321.0,16.0,2.0,MEDIUM,2.0,MEDIUM,True,standard,False
11,Budapest,Hungarian Grand Prix,2,S1,HUL,Audi,LIN,Racing Bulls,0.42,326.0,337.0,-11.0,2.0,MEDIUM,2.0,MEDIUM,True,standard,False
11,Budapest,Hungarian Grand Prix,2,S1,GAS,Alpine,HUL,Audi,0.382,337.0,326.0,11.0,2.0,MEDIUM,2.0,MEDIUM,True,standard,False
11,Budapest,Hungarian Grand Prix,2,S1,OCO,Haas F1 Team,GAS,Alpine,0.486,330.0,337.0,-7.0,2.0,MEDIUM,2.0,MEDIUM,True,standard,False
11,Budapest,Hungarian Grand Prix,2,S1,BOR,Audi,OCO,Haas F1 Team,0.273,335.0,330.0,5.0,2.0,SOFT,2.0,MEDIUM,True,standard,False
11,Budapest,Hungarian Grand Prix,2,S1,COL,Alpine,BOR,Audi,0.694,327.0,335.0,-8.0,2.0,MEDIUM,2.0,SOFT,True,standard,False
11,Budapest,Hungarian Grand Prix,2,S1,ALO,Aston Martin,COL,Alpine,0.257,326.0,327.0,-1.0,2.0,SOFT,2.0,MEDIUM,True,standard,False
11,Budapest,Hungarian Grand Prix,2,S1,BEA,Haas F1 Team,ALO,Aston Martin,0.6,330.0,326.0,4.0,2.0,MEDIUM,2.0,SOFT,True,standard,False
11,Budapest,Hungarian Grand Prix,2,S1,SAI,Williams,BEA,Haas F1 Team,0.782,309.0,330.0,-21.0,2.0,SOFT,2.0,MEDIUM,True,standard,False
11,Budapest,Hungarian Grand Prix,2,S1,RUS,Mercedes,SAI,Williams,0.604,336.0,309.0,27.0,2.0,MEDIUM,2.0,SOFT,True,standard,False
11,Budapest,Hungarian Grand Prix,2,S1,ALB,Williams,RUS,Mercedes,0.395,332.0,336.0,-4.0,2.0,MEDIUM,2.0,MEDIUM,True,standard,False
11,Budapest,Hungarian Grand Prix,2,S1,STR,Aston Martin,ALB,Williams,0.364,324.0,332.0,-8.0,2.0,SOFT,2.0,MEDIUM,True,standard,False
11,Budapest,Hungarian Grand Prix,2,S1,BOT,Cadillac,STR,Aston Martin,0.283,332.0,324.0,8.0,2.0,MEDIUM,2.0,SOFT,True,standard,False
11,Budapest,Hungarian Grand Prix,2,S1,PER,Cadillac,BOT,Cadillac,0.65,332.0,332.0,0.0,2.0,MEDIUM,2.0,MEDIUM,True,standard,False
11,Budapest,Hungarian Grand Prix,2,S2,NOR,McLaren,PIA,McLaren,0.713,326.0,318.0,8.0,2.0,MEDIUM,2.0,MEDIUM,True,standard,False
11,Budapest,Hungarian Grand Prix,2,S2,VER,Red Bull Racing,NOR,McLaren,0.803,312.0,326.0,-14.0,2.0,MEDIUM,2.0,MEDIUM,True,standard,False
11,Budapest,Hungarian Grand Prix,2,S2,HAM,Ferrari,VER,Red Bull Racing,0.475,331.0,312.0,19.0,2.0,SOFT,2.0,MEDIUM,True,standard,False
11,Budapest,Hungarian Grand Prix,2,S2,LEC,Ferrari,HAM,Ferrari,0.571,330.0,331.0,-1.0,5.0,SOFT,2.0,SOFT,True,standard,False
11,Budapest,Hungarian Grand Prix,2,S2,ANT,Mercedes,LEC,Ferrari,0.601,335.0,330.0,5.0,2.0,MEDIUM,5.0,SOFT,True,standard,False
11,Budapest,Hungarian Grand Prix,2,S2,HAD,Red Bull Racing,ANT,Mercedes,0.867,321.0,335.0,-14.0,2.0,MEDIUM,2.0,MEDIUM,True,standard,False
11,Budapest,Hungarian Grand Prix,2,S2,HUL,Audi,LIN,Racing Bulls,0.547,326.0,337.0,-11.0,2.0,MEDIUM,2.0,MEDIUM,True,standard,False
11,Budapest,Hungarian Grand Prix,2,S2,GAS,Alpine,HUL,Audi,0.505,337.0,326.0,11.0,2.0,MEDIUM,2.0,MEDIUM,True,standard,False
11,Budapest,Hungarian Grand Prix,2,S2,OCO,Haas F1 Team,GAS,Alpine,0.454,330.0,337.0,-7.0,2.0,MEDIUM,2.0,MEDIUM,True,standard,False
11,Budapest,Hungarian Grand Prix,2,S2,BOR,Audi,OCO,Haas F1 Team,0.269,335.0,330.0,5.0,2.0,SOFT,2.0,MEDIUM,True,standard,False
11,Budapest,Hungarian Grand Prix,2,S2,COL,Alpine,BOR,Audi,0.758,327.0,335.0,-8.0,2.0,MEDIUM,2.0,SOFT,True,standard,False
11,Budapest,Hungarian Grand Prix,2,S2,ALO,Aston Martin,COL,Alpine,0.491,326.0,327.0,-1.0,2.0,SOFT,2.0,MEDIUM,True,standard,False
11,Budapest,Hungarian Grand Prix,2,S2,BEA,Haas F1 Team,ALO,Aston Martin,0.411,330.0,326.0,4.0,2.0,MEDIUM,2.0,SOFT,True,standard,False
11,Budapest,Hungarian Grand Prix,2,S2,SAI,Williams,BEA,Haas F1 Team,0.638,309.0,330.0,-21.0,2.0,SOFT,2.0,MEDIUM,True,standard,False
11,Budapest,Hungarian Grand Prix,2,S2,RUS,Mercedes,SAI,Williams,0.353,336.0,309.0,27.0,2.0,MEDIUM,2.0,SOFT,True,standard,False
11,Budapest,Hungarian Grand Prix,2,S2,STR,Aston Martin,ALB,Williams,0.883,324.0,332.0,-8.0,2.0,SOFT,2.0,MEDIUM,True,standard,False
11,Budapest,Hungarian Grand Prix,2,S2,BOT,Cadillac,STR,Aston Martin,0.404,332.0,324.0,8.0,2.0,MEDIUM,2.0,SOFT,True,standard,True
11,Budapest,Hungarian Grand Prix,2,S2,PER,Cadillac,BOT,Cadillac,0.453,332.0,332.0,0.0,2.0,MEDIUM,2.0,MEDIUM,True,standard,False
11,Budapest,Hungarian Grand Prix,2,S3,NOR,McLaren,PIA,McLaren,0.909,326.0,318.0,8.0,2.0,MEDIUM,2.0,MEDIUM,True,standard,False
11,Budapest,Hungarian Grand Prix,2,S3,VER,Red Bull Racing,NOR,McLaren,0.734,312.0,326.0,-14.0,2.0,MEDIUM,2.0,MEDIUM,True,standard,False
11,Budapest,Hungarian Grand Prix,2,S3,HAM,Ferrari,VER,Red Bull Racing,0.337,331.0,312.0,19.0,2.0,SOFT,2.0,MEDIUM,True,standard,False
11,Budapest,Hungarian Grand Prix,2,S3,LEC,Ferrari,HAM,Ferrari,0.647,330.0,331.0,-1.0,5.0,SOFT,2.0,SOFT,True,standard,False
11,Budapest,Hungarian Grand Prix,2,S3,ANT,Mercedes,LEC,Ferrari,0.807,335.0,330.0,5.0,2.0,MEDIUM,5.0,SOFT,True,standard,False
11,Budapest,Hungarian Grand Prix,2,S3,HAD,Red Bull Racing,ANT,Mercedes,0.857,321.0,335.0,-14.0,2.0,MEDIUM,2.0,MEDIUM,True,standard,False
11,Budapest,Hungarian Grand Prix,2,S3,HUL,Audi,LIN,Racing Bulls,0.712,326.0,337.0,-11.0,2.0,MEDIUM,2.0,MEDIUM,True,standard,False
11,Budapest,Hungarian Grand Prix,2,S3,GAS,Alpine,HUL,Audi,0.666,337.0,326.0,11.0,2.0,MEDIUM,2.0,MEDIUM,True,standard,False
11,Budapest,Hungarian Grand Prix,2,S3,OCO,Haas F1 Team,GAS,Alpine,0.647,330.0,337.0,-7.0,2.0,MEDIUM,2.0,MEDIUM,True,standard,False
11,Budapest,Hungarian Grand Prix,2,S3,BOR,Audi,OCO,Haas F1 Team,0.221,335.0,330.0,5.0,2.0,SOFT,2.0,MEDIUM,True,standard,False
11,Budapest,Hungarian Grand Prix,2,S3,COL,Alpine,BOR,Audi,0.722,327.0,335.0,-8.0,2.0,MEDIUM,2.0,SOFT,True,standard,False
11,Budapest,Hungarian Grand Prix,2,S3,ALO,Aston Martin,COL,Alpine,0.578,326.0,327.0,-1.0,2.0,SOFT,2.0,MEDIUM,True,standard,False
11,Budapest,Hungarian Grand Prix,2,S3,BEA,Haas F1 Team,ALO,Aston Martin,0.594,330.0,326.0,4.0,2.0,MEDIUM,2.0,SOFT,True,standard,False
11,Budapest,Hungarian Grand Prix,2,S3,SAI,Williams,BEA,Haas F1 Team,0.615,309.0,330.0,-21.0,2.0,SOFT,2.0,MEDIUM,True,standard,False
11,Budapest,Hungarian Grand Prix,2,S3,RUS,Mercedes,SAI,Williams,0.299,336.0,309.0,27.0,2.0,MEDIUM,2.0,SOFT,True,standard,True
11,Budapest,Hungarian Grand Prix,2,S3,STR,Aston Martin,BOT,Cadillac,0.196,324.0,332.0,-8.0,2.0,SOFT,2.0,MEDIUM,True,standard,True
11,Budapest,Hungarian Grand Prix,2,S3,PER,Cadillac,STR,Aston Martin,0.817,332.0,324.0,8.0,2.0,MEDIUM,2.0,SOFT,True,standard,False
11,Budapest,Hungarian Grand Prix,3,S1,NOR,McLaren,PIA,McLaren,0.814,318.0,317.0,1.0,3.0,MEDIUM,3.0,MEDIUM,True,standard,False
11,Budapest,Hungarian Grand Prix,3,S1,VER,Red Bull Racing,NOR,McLaren,0.817,325.0,318.0,7.0,3.0,MEDIUM,3.0,MEDIUM,True,standard,False
11,Budapest,Hungarian Grand Prix,3,S1,HAM,Ferrari,VER,Red Bull Racing,0.29,335.0,325.0,10.0,3.0,SOFT,3.0,MEDIUM,True,standard,False
11,Budapest,Hungarian Grand Prix,3,S1,LEC,Ferrari,HAM,Ferrari,0.659,329.0,335.0,-6.0,6.0,SOFT,3.0,SOFT,True,standard,False
11,Budapest,Hungarian Grand Prix,3,S1,ANT,Mercedes,LEC,Ferrari,0.776,333.0,329.0,4.0,3.0,MEDIUM,6.0,SOFT,True,standard,False
11,Budapest,Hungarian Grand Prix,3,S1,HAD,Red Bull Racing,ANT,Mercedes,0.995,325.0,333.0,-8.0,3.0,MEDIUM,3.0,MEDIUM,True,standard,False
11,Budapest,Hungarian Grand Prix,3,S1,HUL,Audi,LIN,Racing Bulls,0.503,324.0,324.0,0.0,3.0,MEDIUM,3.0,MEDIUM,True,standard,False
11,Budapest,Hungarian Grand Prix,3,S1,GAS,Alpine,HUL,Audi,0.503,335.0,324.0,11.0,3.0,MEDIUM,3.0,MEDIUM,True,standard,False
11,Budapest,Hungarian Grand Prix,3,S1,OCO,Haas F1 Team,GAS,Alpine,0.919,330.0,335.0,-5.0,3.0,MEDIUM,3.0,MEDIUM,True,standard,False
11,Budapest,Hungarian Grand Prix,3,S1,BOR,Audi,OCO,Haas F1 Team,0.224,337.0,330.0,7.0,3.0,SOFT,3.0,MEDIUM,True,standard,False
11,Budapest,Hungarian Grand Prix,3,S1,ALO,Aston Martin,COL,Alpine,0.473,323.0,336.0,-13.0,3.0,SOFT,3.0,MEDIUM,True,standard,False
11,Budapest,Hungarian Grand Prix,3,S1,BEA,Haas F1 Team,ALO,Aston Martin,0.668,330.0,323.0,7.0,3.0,MEDIUM,3.0,SOFT,True,standard,False
11,Budapest,Hungarian Grand Prix,3,S1,RUS,Mercedes,BEA,Haas F1 Team,0.726,339.0,330.0,9.0,3.0,MEDIUM,3.0,MEDIUM,True,standard,False
11,Budapest,Hungarian Grand Prix,3,S1,SAI,Williams,RUS,Mercedes,0.577,330.0,339.0,-9.0,3.0,SOFT,3.0,MEDIUM,True,standard,False
11,Budapest,Hungarian Grand Prix,3,S1,ALB,Williams,SAI,Williams,0.966,323.0,330.0,-7.0,3.0,MEDIUM,3.0,SOFT,True,standard,False
11,Budapest,Hungarian Grand Prix,3,S1,STR,Aston Martin,ALB,Williams,0.867,332.0,323.0,9.0,3.0,SOFT,3.0,MEDIUM,True,standard,False
11,Budapest,Hungarian Grand Prix,3,S1,BOT,Cadillac,STR,Aston Martin,0.504,322.0,332.0,-10.0,3.0,MEDIUM,3.0,SOFT,True,standard,False
11,Budapest,Hungarian Grand Prix,3,S1,PER,Cadillac,BOT,Cadillac,0.89,331.0,322.0,9.0,3.0,MEDIUM,3.0,MEDIUM,True,standard,False
11,Budapest,Hungarian Grand Prix,3,S2,NOR,McLaren,PIA,McLaren,0.808,318.0,317.0,1.0,3.0,MEDIUM,3.0,MEDIUM,True,standard,False
11,Budapest,Hungarian Grand Prix,3,S2,VER,Red Bull Racing,NOR,McLaren,0.98,325.0,318.0,7.0,3.0,MEDIUM,3.0,MEDIUM,True,standard,False
11,Budapest,Hungarian Grand Prix,3,S2,HAM,Ferrari,VER,Red Bull Racing,0.503,335.0,325.0,10.0,3.0,SOFT,3.0,MEDIUM,True,standard,False
11,Budapest,Hungarian Grand Prix,3,S2,LEC,Ferrari,HAM,Ferrari,0.592,329.0,335.0,-6.0,6.0,SOFT,3.0,SOFT,True,standard,False
11,Budapest,Hungarian Grand Prix,3,S2,ANT,Mercedes,LEC,Ferrari,0.858,333.0,329.0,4.0,3.0,MEDIUM,6.0,SOFT,True,standard,False
11,Budapest,Hungarian Grand Prix,3,S2,HAD,Red Bull Racing,ANT,Mercedes,0.693,325.0,333.0,-8.0,3.0,MEDIUM,3.0,MEDIUM,True,standard,False
11,Budapest,Hungarian Grand Prix,3,S2,HUL,Audi,LIN,Racing Bulls,0.637,324.0,324.0,0.0,3.0,MEDIUM,3.0,MEDIUM,True,standard,False
11,Budapest,Hungarian Grand Prix,3,S2,GAS,Alpine,HUL,Audi,0.835,335.0,324.0,11.0,3.0,MEDIUM,3.0,MEDIUM,True,standard,False
11,Budapest,Hungarian Grand Prix,3,S2,OCO,Haas F1 Team,GAS,Alpine,0.803,330.0,335.0,-5.0,3.0,MEDIUM,3.0,MEDIUM,True,standard,False
11,Budapest,Hungarian Grand Prix,3,S2,BOR,Audi,OCO,Haas F1 Team,0.336,337.0,330.0,7.0,3.0,SOFT,3.0,MEDIUM,True,standard,False
11,Budapest,Hungarian Grand Prix,3,S2,ALO,Aston Martin,COL,Alpine,0.377,323.0,336.0,-13.0,3.0,SOFT,3.0,MEDIUM,True,standard,False
11,Budapest,Hungarian Grand Prix,3,S2,BEA,Haas F1 Team,ALO,Aston Martin,0.603,330.0,323.0,7.0,3.0,MEDIUM,3.0,SOFT,True,standard,False
11,Budapest,Hungarian Grand Prix,3,S2,RUS,Mercedes,BEA,Haas F1 Team,0.274,339.0,330.0,9.0,3.0,MEDIUM,3.0,MEDIUM,True,standard,False
11,Budapest,Hungarian Grand Prix,3,S2,ALB,Williams,SAI,Williams,0.846,323.0,330.0,-7.0,3.0,MEDIUM,3.0,SOFT,True,standard,False
11,Budapest,Hungarian Grand Prix,3,S2,STR,Aston Martin,ALB,Williams,0.653,332.0,323.0,9.0,3.0,SOFT,3.0,MEDIUM,True,standard,False
11,Budapest,Hungarian Grand Prix,3,S2,PER,Cadillac,BOT,Cadillac,0.652,331.0,322.0,9.0,3.0,MEDIUM,3.0,MEDIUM,True,standard,False
11,Budapest,Hungarian Grand Prix,3,S3,NOR,McLaren,PIA,McLaren,0.944,318.0,317.0,1.0,3.0,MEDIUM,3.0,MEDIUM,True,standard,False
11,Budapest,Hungarian Grand Prix,3,S3,HAM,Ferrari,VER,Red Bull Racing,0.338,335.0,325.0,10.0,3.0,SOFT,3.0,MEDIUM,True,standard,False
11,Budapest,Hungarian Grand Prix,3,S3,LEC,Ferrari,HAM,Ferrari,0.728,329.0,335.0,-6.0,6.0,SOFT,3.0,SOFT,True,standard,False
11,Budapest,Hungarian Grand Prix,3,S3,HAD,Red Bull Racing,ANT,Mercedes,0.82,325.0,333.0,-8.0,3.0,MEDIUM,3.0,MEDIUM,True,standard,False
11,Budapest,Hungarian Grand Prix,3,S3,HUL,Audi,LIN,Racing Bulls,0.674,324.0,324.0,0.0,3.0,MEDIUM,3.0,MEDIUM,True,standard,False
11,Budapest,Hungarian Grand Prix,3,S3,GAS,Alpine,HUL,Audi,0.828,335.0,324.0,11.0,3.0,MEDIUM,3.0,MEDIUM,True,standard,False
11,Budapest,Hungarian Grand Prix,3,S3,BOR,Audi,OCO,Haas F1 Team,0.366,337.0,330.0,7.0,3.0,SOFT,3.0,MEDIUM,True,standard,False
11,Budapest,Hungarian Grand Prix,3,S3,ALO,Aston Martin,COL,Alpine,0.392,323.0,336.0,-13.0,3.0,SOFT,3.0,MEDIUM,True,standard,False
11,Budapest,Hungarian Grand Prix,3,S3,BEA,Haas F1 Team,ALO,Aston Martin,0.719,330.0,323.0,7.0,3.0,MEDIUM,3.0,SOFT,True,standard,False
11,Budapest,Hungarian Grand Prix,3,S3,RUS,Mercedes,BEA,Haas F1 Team,0.313,339.0,330.0,9.0,3.0,MEDIUM,3.0,MEDIUM,True,standard,True
11,Budapest,Hungarian Grand Prix,3,S3,ALB,Williams,SAI,Williams,0.971,323.0,330.0,-7.0,3.0,MEDIUM,3.0,SOFT,True,standard,False
11,Budapest,Hungarian Grand Prix,3,S3,STR,Aston Martin,ALB,Williams,0.363,332.0,323.0,9.0,3.0,SOFT,3.0,MEDIUM,True,standard,False
11,Budapest,Hungarian Grand Prix,3,S3,PER,Cadillac,BOT,Cadillac,0.883,331.0,322.0,9.0,3.0,MEDIUM,3.0,MEDIUM,True,standard,False
11,Budapest,Hungarian Grand Prix,4,S1,NOR,McLaren,PIA,McLaren,0.75,320.0,307.0,13.0,4.0,MEDIUM,4.0,MEDIUM,True,standard,False
11,Budapest,Hungarian Grand Prix,4,S1,VER,Red Bull Racing,NOR,McLaren,0.881,332.0,320.0,12.0,4.0,MEDIUM,4.0,MEDIUM,True,standard,False
11,Budapest,Hungarian Grand Prix,4,S1,HAM,Ferrari,VER,Red Bull Racing,0.419,333.0,332.0,1.0,4.0,SOFT,4.0,MEDIUM,True,standard,False
11,Budapest,Hungarian Grand Prix,4,S1,LEC,Ferrari,HAM,Ferrari,0.682,332.0,333.0,-1.0,7.0,SOFT,4.0,SOFT,True,standard,False
11,Budapest,Hungarian Grand Prix,4,S1,HUL,Audi,LIN,Racing Bulls,0.408,326.0,312.0,14.0,4.0,MEDIUM,4.0,MEDIUM,True,standard,False
11,Budapest,Hungarian Grand Prix,4,S1,GAS,Alpine,HUL,Audi,0.647,334.0,326.0,8.0,4.0,MEDIUM,4.0,MEDIUM,True,standard,False
11,Budapest,Hungarian Grand Prix,4,S1,BOR,Audi,OCO,Haas F1 Team,0.28,325.0,328.0,-3.0,4.0,SOFT,4.0,MEDIUM,True,standard,False
11,Budapest,Hungarian Grand Prix,4,S1,ALO,Aston Martin,COL,Alpine,0.645,326.0,326.0,0.0,4.0,SOFT,4.0,MEDIUM,True,standard,False
11,Budapest,Hungarian Grand Prix,4,S1,RUS,Mercedes,ALO,Aston Martin,0.759,340.0,326.0,14.0,4.0,MEDIUM,4.0,SOFT,True,standard,False
11,Budapest,Hungarian Grand Prix,4,S1,BEA,Haas F1 Team,RUS,Mercedes,0.481,331.0,340.0,-9.0,4.0,MEDIUM,4.0,MEDIUM,True,standard,False
11,Budapest,Hungarian Grand Prix,4,S1,ALB,Williams,SAI,Williams,0.84,330.0,324.0,6.0,4.0,MEDIUM,4.0,SOFT,True,standard,False
11,Budapest,Hungarian Grand Prix,4,S1,STR,Aston Martin,ALB,Williams,0.428,330.0,330.0,0.0,4.0,SOFT,4.0,MEDIUM,True,standard,False
11,Budapest,Hungarian Grand Prix,4,S1,BOT,Cadillac,STR,Aston Martin,0.833,327.0,330.0,-3.0,4.0,MEDIUM,4.0,SOFT,True,standard,False
11,Budapest,Hungarian Grand Prix,4,S2,NOR,McLaren,PIA,McLaren,0.931,320.0,307.0,13.0,4.0,MEDIUM,4.0,MEDIUM,True,standard,False
11,Budapest,Hungarian Grand Prix,4,S2,HAM,Ferrari,VER,Red Bull Racing,0.694,333.0,332.0,1.0,4.0,SOFT,4.0,MEDIUM,True,standard,False
11,Budapest,Hungarian Grand Prix,4,S2,LEC,Ferrari,HAM,Ferrari,0.548,332.0,333.0,-1.0,7.0,SOFT,4.0,SOFT,True,standard,False
11,Budapest,Hungarian Grand Prix,4,S2,ANT,Mercedes,LEC,Ferrari,0.996,326.0,332.0,-6.0,4.0,MEDIUM,7.0,SOFT,True,standard,False
11,Budapest,Hungarian Grand Prix,4,S2,HAD,Red Bull Racing,ANT,Mercedes,0.877,323.0,326.0,-3.0,4.0,MEDIUM,4.0,MEDIUM,True,standard,False
11,Budapest,Hungarian Grand Prix,4,S2,HUL,Audi,LIN,Racing Bulls,0.796,326.0,312.0,14.0,4.0,MEDIUM,4.0,MEDIUM,True,standard,False
11,Budapest,Hungarian Grand Prix,4,S2,GAS,Alpine,HUL,Audi,0.795,334.0,326.0,8.0,4.0,MEDIUM,4.0,MEDIUM,True,standard,False
11,Budapest,Hungarian Grand Prix,4,S2,OCO,Haas F1 Team,GAS,Alpine,0.993,328.0,334.0,-6.0,4.0,MEDIUM,4.0,MEDIUM,True,standard,False
11,Budapest,Hungarian Grand Prix,4,S2,BOR,Audi,OCO,Haas F1 Team,0.371,325.0,328.0,-3.0,4.0,SOFT,4.0,MEDIUM,True,standard,False
11,Budapest,Hungarian Grand Prix,4,S2,ALO,Aston Martin,COL,Alpine,0.381,326.0,326.0,0.0,4.0,SOFT,4.0,MEDIUM,True,standard,False
11,Budapest,Hungarian Grand Prix,4,S2,RUS,Mercedes,ALO,Aston Martin,0.622,340.0,326.0,14.0,4.0,MEDIUM,4.0,SOFT,True,standard,False
11,Budapest,Hungarian Grand Prix,4,S2,BEA,Haas F1 Team,RUS,Mercedes,0.899,331.0,340.0,-9.0,4.0,MEDIUM,4.0,MEDIUM,True,standard,False
11,Budapest,Hungarian Grand Prix,4,S2,ALB,Williams,SAI,Williams,0.944,330.0,324.0,6.0,4.0,MEDIUM,4.0,SOFT,True,standard,False
11,Budapest,Hungarian Grand Prix,4,S2,STR,Aston Martin,ALB,Williams,0.341,330.0,330.0,0.0,4.0,SOFT,4.0,MEDIUM,True,standard,False
11,Budapest,Hungarian Grand Prix,4,S2,BOT,Cadillac,STR,Aston Martin,0.878,327.0,330.0,-3.0,4.0,MEDIUM,4.0,SOFT,True,standard,False
11,Budapest,Hungarian Grand Prix,4,S3,NOR,McLaren,PIA,McLaren,0.974,320.0,307.0,13.0,4.0,MEDIUM,4.0,MEDIUM,True,standard,False
11,Budapest,Hungarian Grand Prix,4,S3,HAM,Ferrari,VER,Red Bull Racing,0.595,333.0,332.0,1.0,4.0,SOFT,4.0,MEDIUM,True,standard,False
11,Budapest,Hungarian Grand Prix,4,S3,LEC,Ferrari,HAM,Ferrari,0.813,332.0,333.0,-1.0,7.0,SOFT,4.0,SOFT,True,standard,False
11,Budapest,Hungarian Grand Prix,4,S3,ANT,Mercedes,LEC,Ferrari,0.997,326.0,332.0,-6.0,4.0,MEDIUM,7.0,SOFT,True,standard,False
11,Budapest,Hungarian Grand Prix,4,S3,HAD,Red Bull Racing,ANT,Mercedes,0.988,323.0,326.0,-3.0,4.0,MEDIUM,4.0,MEDIUM,True,standard,False
11,Budapest,Hungarian Grand Prix,4,S3,HUL,Audi,LIN,Racing Bulls,0.834,326.0,312.0,14.0,4.0,MEDIUM,4.0,MEDIUM,True,standard,False
11,Budapest,Hungarian Grand Prix,4,S3,BOR,Audi,OCO,Haas F1 Team,0.283,325.0,328.0,-3.0,4.0,SOFT,4.0,MEDIUM,True,standard,False
11,Budapest,Hungarian Grand Prix,4,S3,ALO,Aston Martin,COL,Alpine,0.612,326.0,326.0,0.0,4.0,SOFT,4.0,MEDIUM,True,standard,False
11,Budapest,Hungarian Grand Prix,4,S3,RUS,Mercedes,ALO,Aston Martin,0.275,340.0,326.0,14.0,4.0,MEDIUM,4.0,SOFT,True,standard,True
11,Budapest,Hungarian Grand Prix,4,S3,STR,Aston Martin,ALB,Williams,0.25,330.0,330.0,0.0,4.0,SOFT,4.0,MEDIUM,True,standard,True
11,Budapest,Hungarian Grand Prix,4,S3,BOT,Cadillac,STR,Aston Martin,0.813,327.0,330.0,-3.0,4.0,MEDIUM,4.0,SOFT,True,standard,False
11,Budapest,Hungarian Grand Prix,5,S1,NOR,McLaren,PIA,McLaren,0.863,319.0,315.0,4.0,5.0,MEDIUM,5.0,MEDIUM,True,standard,False
11,Budapest,Hungarian Grand Prix,5,S1,HAM,Ferrari,VER,Red Bull Racing,0.918,328.0,321.0,7.0,5.0,SOFT,5.0,MEDIUM,True,standard,False
11,Budapest,Hungarian Grand Prix,5,S1,LEC,Ferrari,HAM,Ferrari,0.424,331.0,328.0,3.0,8.0,SOFT,5.0,SOFT,True,standard,False
11,Budapest,Hungarian Grand Prix,5,S1,HAD,Red Bull Racing,ANT,Mercedes,0.857,327.0,326.0,1.0,5.0,MEDIUM,5.0,MEDIUM,True,standard,False
11,Budapest,Hungarian Grand Prix,5,S1,HUL,Audi,LIN,Racing Bulls,0.811,325.0,319.0,6.0,5.0,MEDIUM,5.0,MEDIUM,True,standard,False
11,Budapest,Hungarian Grand Prix,5,S1,GAS,Alpine,HUL,Audi,0.67,334.0,325.0,9.0,5.0,MEDIUM,5.0,MEDIUM,True,standard,False
11,Budapest,Hungarian Grand Prix,5,S1,BOR,Audi,OCO,Haas F1 Team,0.24,332.0,326.0,6.0,5.0,SOFT,5.0,MEDIUM,True,standard,False
11,Budapest,Hungarian Grand Prix,5,S1,RUS,Mercedes,COL,Alpine,0.838,339.0,325.0,14.0,5.0,MEDIUM,5.0,MEDIUM,True,standard,False
11,Budapest,Hungarian Grand Prix,5,S1,ALO,Aston Martin,RUS,Mercedes,0.594,316.0,339.0,-23.0,5.0,SOFT,5.0,MEDIUM,True,standard,False
11,Budapest,Hungarian Grand Prix,5,S1,BEA,Haas F1 Team,ALO,Aston Martin,0.613,328.0,316.0,12.0,5.0,MEDIUM,5.0,SOFT,True,standard,False
11,Budapest,Hungarian Grand Prix,5,S1,ALB,Williams,STR,Aston Martin,0.292,323.0,332.0,-9.0,5.0,MEDIUM,5.0,SOFT,True,standard,False
11,Budapest,Hungarian Grand Prix,5,S1,BOT,Cadillac,ALB,Williams,0.906,327.0,323.0,4.0,5.0,MEDIUM,5.0,MEDIUM,True,standard,False
11,Budapest,Hungarian Grand Prix,5,S2,HAM,Ferrari,VER,Red Bull Racing,0.801,328.0,321.0,7.0,5.0,SOFT,5.0,MEDIUM,True,standard,False
11,Budapest,Hungarian Grand Prix,5,S2,LEC,Ferrari,HAM,Ferrari,0.611,331.0,328.0,3.0,8.0,SOFT,5.0,SOFT,True,standard,False
11,Budapest,Hungarian Grand Prix,5,S2,HAD,Red Bull Racing,ANT,Mercedes,0.902,327.0,326.0,1.0,5.0,MEDIUM,5.0,MEDIUM,True,standard,False
11,Budapest,Hungarian Grand Prix,5,S2,HUL,Audi,LIN,Racing Bulls,0.764,325.0,319.0,6.0,5.0,MEDIUM,5.0,MEDIUM,True,standard,False
11,Budapest,Hungarian Grand Prix,5,S2,BOR,Audi,OCO,Haas F1 Team,0.458,332.0,326.0,6.0,5.0,SOFT,5.0,MEDIUM,True,standard,False
11,Budapest,Hungarian Grand Prix,5,S2,RUS,Mercedes,COL,Alpine,0.365,339.0,325.0,14.0,5.0,MEDIUM,5.0,MEDIUM,True,standard,False
11,Budapest,Hungarian Grand Prix,5,S2,BEA,Haas F1 Team,ALO,Aston Martin,0.593,328.0,316.0,12.0,5.0,MEDIUM,5.0,SOFT,True,standard,False
11,Budapest,Hungarian Grand Prix,5,S2,STR,Aston Martin,SAI,Williams,0.79,332.0,323.0,9.0,5.0,SOFT,5.0,SOFT,True,standard,False
11,Budapest,Hungarian Grand Prix,5,S2,BOT,Cadillac,ALB,Williams,0.785,327.0,323.0,4.0,5.0,MEDIUM,5.0,MEDIUM,True,standard,False
11,Budapest,Hungarian Grand Prix,5,S3,HAM,Ferrari,VER,Red Bull Racing,0.658,328.0,321.0,7.0,5.0,SOFT,5.0,MEDIUM,True,standard,False
11,Budapest,Hungarian Grand Prix,5,S3,LEC,Ferrari,HAM,Ferrari,0.818,331.0,328.0,3.0,8.0,SOFT,5.0,SOFT,True,standard,False
11,Budapest,Hungarian Grand Prix,5,S3,HUL,Audi,LIN,Racing Bulls,0.907,325.0,319.0,6.0,5.0,MEDIUM,5.0,MEDIUM,True,standard,False
11,Budapest,Hungarian Grand Prix,5,S3,BOR,Audi,OCO,Haas F1 Team,0.465,332.0,326.0,6.0,5.0,SOFT,5.0,MEDIUM,True,standard,False
11,Budapest,Hungarian Grand Prix,5,S3,RUS,Mercedes,COL,Alpine,0.058,339.0,325.0,14.0,5.0,MEDIUM,5.0,MEDIUM,True,standard,True
11,Budapest,Hungarian Grand Prix,5,S3,BEA,Haas F1 Team,ALO,Aston Martin,0.593,328.0,316.0,12.0,5.0,MEDIUM,5.0,SOFT,True,standard,False
11,Budapest,Hungarian Grand Prix,5,S3,STR,Aston Martin,SAI,Williams,0.554,332.0,323.0,9.0,5.0,SOFT,5.0,SOFT,True,standard,False
11,Budapest,Hungarian Grand Prix,5,S3,BOT,Cadillac,ALB,Williams,0.948,327.0,323.0,4.0,5.0,MEDIUM,5.0,MEDIUM,True,standard,False
11,Budapest,Hungarian Grand Prix,6,S1,NOR,McLaren,PIA,McLaren,0.925,321.0,317.0,4.0,6.0,MEDIUM,6.0,MEDIUM,True,standard,False
11,Budapest,Hungarian Grand Prix,6,S1,HAM,Ferrari,VER,Red Bull Racing,0.663,327.0,318.0,9.0,6.0,SOFT,6.0,MEDIUM,True,standard,False
11,Budapest,Hungarian Grand Prix,6,S1,LEC,Ferrari,HAM,Ferrari,0.706,327.0,327.0,0.0,9.0,SOFT,6.0,SOFT,True,standard,False
11,Budapest,Hungarian Grand Prix,6,S1,HUL,Audi,LIN,Racing Bulls,0.913,322.0,318.0,4.0,6.0,MEDIUM,6.0,MEDIUM,True,standard,False
11,Budapest,Hungarian Grand Prix,6,S1,BOR,Audi,OCO,Haas F1 Team,0.229,329.0,319.0,10.0,6.0,SOFT,6.0,MEDIUM,True,standard,False
11,Budapest,Hungarian Grand Prix,6,S1,COL,Alpine,RUS,Mercedes,0.603,323.0,331.0,-8.0,6.0,MEDIUM,6.0,MEDIUM,True,standard,False
11,Budapest,Hungarian Grand Prix,6,S1,BEA,Haas F1 Team,ALO,Aston Martin,0.797,329.0,311.0,18.0,6.0,MEDIUM,6.0,SOFT,True,standard,False
11,Budapest,Hungarian Grand Prix,6,S1,STR,Aston Martin,SAI,Williams,0.376,325.0,323.0,2.0,6.0,SOFT,6.0,SOFT,True,standard,False
11,Budapest,Hungarian Grand Prix,6,S1,PER,Cadillac,BOT,Cadillac,0.991,321.0,325.0,-4.0,6.0,MEDIUM,6.0,MEDIUM,True,standard,False
11,Budapest,Hungarian Grand Prix,6,S2,NOR,McLaren,PIA,McLaren,0.998,321.0,317.0,4.0,6.0,MEDIUM,6.0,MEDIUM,True,standard,False
11,Budapest,Hungarian Grand Prix,6,S2,HAM,Ferrari,VER,Red Bull Racing,0.567,327.0,318.0,9.0,6.0,SOFT,6.0,MEDIUM,True,standard,False
11,Budapest,Hungarian Grand Prix,6,S2,LEC,Ferrari,HAM,Ferrari,0.881,327.0,327.0,0.0,9.0,SOFT,6.0,SOFT,True,standard,False
11,Budapest,Hungarian Grand Prix,6,S2,HUL,Audi,LIN,Racing Bulls,0.93,322.0,318.0,4.0,6.0,MEDIUM,6.0,MEDIUM,True,standard,False
11,Budapest,Hungarian Grand Prix,6,S2,BOR,Audi,OCO,Haas F1 Team,0.417,329.0,319.0,10.0,6.0,SOFT,6.0,MEDIUM,True,standard,False
11,Budapest,Hungarian Grand Prix,6,S2,ALO,Aston Martin,COL,Alpine,0.712,311.0,323.0,-12.0,6.0,SOFT,6.0,MEDIUM,True,standard,False
11,Budapest,Hungarian Grand Prix,6,S2,STR,Aston Martin,SAI,Williams,0.359,325.0,323.0,2.0,6.0,SOFT,6.0,SOFT,True,standard,False
11,Budapest,Hungarian Grand Prix,6,S3,HAM,Ferrari,VER,Red Bull Racing,0.49,327.0,318.0,9.0,6.0,SOFT,6.0,MEDIUM,True,standard,False
11,Budapest,Hungarian Grand Prix,6,S3,HUL,Audi,LIN,Racing Bulls,0.919,322.0,318.0,4.0,6.0,MEDIUM,6.0,MEDIUM,True,standard,False
11,Budapest,Hungarian Grand Prix,6,S3,BOR,Audi,OCO,Haas F1 Team,0.453,329.0,319.0,10.0,6.0,SOFT,6.0,MEDIUM,True,standard,False
11,Budapest,Hungarian Grand Prix,6,S3,RUS,Mercedes,BOR,Audi,0.831,331.0,329.0,2.0,6.0,MEDIUM,6.0,SOFT,True,standard,False
11,Budapest,Hungarian Grand Prix,6,S3,ALO,Aston Martin,COL,Alpine,0.706,311.0,323.0,-12.0,6.0,SOFT,6.0,MEDIUM,True,standard,False
11,Budapest,Hungarian Grand Prix,6,S3,STR,Aston Martin,SAI,Williams,0.447,325.0,323.0,2.0,6.0,SOFT,6.0,SOFT,True,standard,False
11,Budapest,Hungarian Grand Prix,7,S1,HAM,Ferrari,VER,Red Bull Racing,0.383,328.0,322.0,6.0,7.0,SOFT,7.0,MEDIUM,True,standard,False
11,Budapest,Hungarian Grand Prix,7,S1,HUL,Audi,LIN,Racing Bulls,0.747,325.0,318.0,7.0,7.0,MEDIUM,7.0,MEDIUM,True,standard,False
11,Budapest,Hungarian Grand Prix,7,S1,BOR,Audi,OCO,Haas F1 Team,0.315,333.0,320.0,13.0,7.0,SOFT,7.0,MEDIUM,True,standard,False
11,Budapest,Hungarian Grand Prix,7,S1,RUS,Mercedes,BOR,Audi,0.805,332.0,333.0,-1.0,7.0,MEDIUM,7.0,SOFT,True,standard,False
11,Budapest,Hungarian Grand Prix,7,S1,ALO,Aston Martin,COL,Alpine,0.723,321.0,325.0,-4.0,7.0,SOFT,7.0,MEDIUM,True,standard,False
11,Budapest,Hungarian Grand Prix,7,S1,STR,Aston Martin,SAI,Williams,0.377,326.0,322.0,4.0,7.0,SOFT,7.0,SOFT,True,standard,False
11,Budapest,Hungarian Grand Prix,7,S2,HAM,Ferrari,VER,Red Bull Racing,0.533,328.0,322.0,6.0,7.0,SOFT,7.0,MEDIUM,True,standard,False
11,Budapest,Hungarian Grand Prix,7,S2,LEC,Ferrari,HAM,Ferrari,0.976,329.0,328.0,1.0,10.0,SOFT,7.0,SOFT,True,standard,False
11,Budapest,Hungarian Grand Prix,7,S2,HUL,Audi,LIN,Racing Bulls,0.897,325.0,318.0,7.0,7.0,MEDIUM,7.0,MEDIUM,True,standard,False
11,Budapest,Hungarian Grand Prix,7,S2,BOR,Audi,OCO,Haas F1 Team,0.465,333.0,320.0,13.0,7.0,SOFT,7.0,MEDIUM,True,standard,False
11,Budapest,Hungarian Grand Prix,7,S2,RUS,Mercedes,BOR,Audi,0.342,332.0,333.0,-1.0,7.0,MEDIUM,7.0,SOFT,True,standard,False
11,Budapest,Hungarian Grand Prix,7,S2,ALO,Aston Martin,COL,Alpine,0.52,321.0,325.0,-4.0,7.0,SOFT,7.0,MEDIUM,True,standard,False
11,Budapest,Hungarian Grand Prix,7,S2,STR,Aston Martin,SAI,Williams,0.435,326.0,322.0,4.0,7.0,SOFT,7.0,SOFT,True,standard,False
11,Budapest,Hungarian Grand Prix,7,S3,HAM,Ferrari,VER,Red Bull Racing,0.576,328.0,322.0,6.0,7.0,SOFT,7.0,MEDIUM,True,standard,False
11,Budapest,Hungarian Grand Prix,7,S3,BOR,Audi,OCO,Haas F1 Team,0.546,333.0,320.0,13.0,7.0,SOFT,7.0,MEDIUM,True,standard,False
11,Budapest,Hungarian Grand Prix,7,S3,RUS,Mercedes,BOR,Audi,0.219,332.0,333.0,-1.0,7.0,MEDIUM,7.0,SOFT,True,standard,True
11,Budapest,Hungarian Grand Prix,7,S3,ALO,Aston Martin,COL,Alpine,0.696,321.0,325.0,-4.0,7.0,SOFT,7.0,MEDIUM,True,standard,False
11,Budapest,Hungarian Grand Prix,7,S3,STR,Aston Martin,SAI,Williams,0.481,326.0,322.0,4.0,7.0,SOFT,7.0,SOFT,True,standard,False
11,Budapest,Hungarian Grand Prix,8,S1,HAM,Ferrari,VER,Red Bull Racing,0.473,331.0,314.0,17.0,8.0,SOFT,8.0,MEDIUM,True,standard,False
11,Budapest,Hungarian Grand Prix,8,S1,RUS,Mercedes,OCO,Haas F1 Team,0.152,341.0,318.0,23.0,8.0,MEDIUM,8.0,MEDIUM,True,standard,False
11,Budapest,Hungarian Grand Prix,8,S1,BOR,Audi,RUS,Mercedes,0.515,327.0,341.0,-14.0,8.0,SOFT,8.0,MEDIUM,True,standard,False
11,Budapest,Hungarian Grand Prix,8,S1,ALO,Aston Martin,COL,Alpine,0.589,321.0,324.0,-3.0,8.0,SOFT,8.0,MEDIUM,True,standard,False
11,Budapest,Hungarian Grand Prix,8,S1,STR,Aston Martin,SAI,Williams,0.485,323.0,322.0,1.0,8.0,SOFT,8.0,SOFT,True,standard,False
11,Budapest,Hungarian Grand Prix,8,S2,HAM,Ferrari,VER,Red Bull Racing,0.571,331.0,314.0,17.0,8.0,SOFT,8.0,MEDIUM,True,standard,False
11,Budapest,Hungarian Grand Prix,8,S2,LEC,Ferrari,HAM,Ferrari,0.919,326.0,331.0,-5.0,11.0,SOFT,8.0,SOFT,True,standard,False
11,Budapest,Hungarian Grand Prix,8,S2,RUS,Mercedes,OCO,Haas F1 Team,0.424,341.0,318.0,23.0,8.0,MEDIUM,8.0,MEDIUM,True,standard,False
11,Budapest,Hungarian Grand Prix,8,S2,BOR,Audi,RUS,Mercedes,0.49,327.0,341.0,-14.0,8.0,SOFT,8.0,MEDIUM,True,standard,False
11,Budapest,Hungarian Grand Prix,8,S2,ALO,Aston Martin,COL,Alpine,0.534,321.0,324.0,-3.0,8.0,SOFT,8.0,MEDIUM,True,standard,False
11,Budapest,Hungarian Grand Prix,8,S2,STR,Aston Martin,SAI,Williams,0.309,323.0,322.0,1.0,8.0,SOFT,8.0,SOFT,True,standard,False
11,Budapest,Hungarian Grand Prix,8,S3,HAM,Ferrari,VER,Red Bull Racing,0.471,331.0,314.0,17.0,8.0,SOFT,8.0,MEDIUM,True,standard,False
11,Budapest,Hungarian Grand Prix,8,S3,RUS,Mercedes,OCO,Haas F1 Team,0.189,341.0,318.0,23.0,8.0,MEDIUM,8.0,MEDIUM,True,standard,True
11,Budapest,Hungarian Grand Prix,8,S3,BOR,Audi,RUS,Mercedes,0.828,327.0,341.0,-14.0,8.0,SOFT,8.0,MEDIUM,True,standard,False
11,Budapest,Hungarian Grand Prix,8,S3,ALO,Aston Martin,COL,Alpine,0.486,321.0,324.0,-3.0,8.0,SOFT,8.0,MEDIUM,True,standard,False
11,Budapest,Hungarian Grand Prix,8,S3,STR,Aston Martin,ALB,Williams,0.717,323.0,321.0,2.0,8.0,SOFT,8.0,MEDIUM,True,standard,False
11,Budapest,Hungarian Grand Prix,9,S1,HAM,Ferrari,VER,Red Bull Racing,0.25,332.0,318.0,14.0,9.0,SOFT,9.0,MEDIUM,True,standard,False
11,Budapest,Hungarian Grand Prix,9,S1,OCO,Haas F1 Team,RUS,Mercedes,0.861,318.0,335.0,-17.0,9.0,MEDIUM,9.0,MEDIUM,True,standard,False
11,Budapest,Hungarian Grand Prix,9,S1,BOR,Audi,OCO,Haas F1 Team,0.3,327.0,318.0,9.0,9.0,SOFT,9.0,MEDIUM,True,standard,False
11,Budapest,Hungarian Grand Prix,9,S1,ALO,Aston Martin,COL,Alpine,0.79,325.0,324.0,1.0,9.0,SOFT,9.0,MEDIUM,True,standard,False
11,Budapest,Hungarian Grand Prix,9,S2,HAM,Ferrari,VER,Red Bull Racing,0.666,332.0,318.0,14.0,9.0,SOFT,9.0,MEDIUM,True,standard,False
11,Budapest,Hungarian Grand Prix,9,S2,LEC,Ferrari,HAM,Ferrari,0.691,320.0,332.0,-12.0,12.0,SOFT,9.0,SOFT,True,standard,False
11,Budapest,Hungarian Grand Prix,9,S2,BOR,Audi,OCO,Haas F1 Team,0.575,327.0,318.0,9.0,9.0,SOFT,9.0,MEDIUM,True,standard,False
11,Budapest,Hungarian Grand Prix,9,S2,ALO,Aston Martin,COL,Alpine,0.577,325.0,324.0,1.0,9.0,SOFT,9.0,MEDIUM,True,standard,False
11,Budapest,Hungarian Grand Prix,9,S3,HAM,Ferrari,VER,Red Bull Racing,0.746,332.0,318.0,14.0,9.0,SOFT,9.0,MEDIUM,True,standard,False
11,Budapest,Hungarian Grand Prix,9,S3,LEC,Ferrari,HAM,Ferrari,0.706,320.0,332.0,-12.0,12.0,SOFT,9.0,SOFT,True,standard,False
11,Budapest,Hungarian Grand Prix,9,S3,BOR,Audi,OCO,Haas F1 Team,0.499,327.0,318.0,9.0,9.0,SOFT,9.0,MEDIUM,True,standard,False
11,Budapest,Hungarian Grand Prix,9,S3,ALO,Aston Martin,COL,Alpine,0.603,325.0,324.0,1.0,9.0,SOFT,9.0,MEDIUM,True,standard,False
11,Budapest,Hungarian Grand Prix,10,S1,HAM,Ferrari,VER,Red Bull Racing,0.638,329.0,319.0,10.0,10.0,SOFT,10.0,MEDIUM,True,standard,False
11,Budapest,Hungarian Grand Prix,10,S1,LEC,Ferrari,HAM,Ferrari,0.869,327.0,329.0,-2.0,13.0,SOFT,10.0,SOFT,True,standard,False
11,Budapest,Hungarian Grand Prix,10,S1,BOR,Audi,OCO,Haas F1 Team,0.205,329.0,318.0,11.0,10.0,SOFT,10.0,MEDIUM,True,standard,False
11,Budapest,Hungarian Grand Prix,10,S1,ALO,Aston Martin,COL,Alpine,0.585,323.0,324.0,-1.0,10.0,SOFT,10.0,MEDIUM,True,standard,False
11,Budapest,Hungarian Grand Prix,10,S2,HAM,Ferrari,VER,Red Bull Racing,0.66,329.0,319.0,10.0,10.0,SOFT,10.0,MEDIUM,True,standard,False
11,Budapest,Hungarian Grand Prix,10,S2,LEC,Ferrari,HAM,Ferrari,0.723,327.0,329.0,-2.0,13.0,SOFT,10.0,SOFT,True,standard,False
11,Budapest,Hungarian Grand Prix,10,S2,BOR,Audi,OCO,Haas F1 Team,0.471,329.0,318.0,11.0,10.0,SOFT,10.0,MEDIUM,True,standard,False
11,Budapest,Hungarian Grand Prix,10,S2,ALO,Aston Martin,COL,Alpine,0.534,323.0,324.0,-1.0,10.0,SOFT,10.0,MEDIUM,True,standard,False
11,Budapest,Hungarian Grand Prix,10,S3,HAM,Ferrari,VER,Red Bull Racing,0.525,329.0,319.0,10.0,10.0,SOFT,10.0,MEDIUM,True,standard,False
11,Budapest,Hungarian Grand Prix,10,S3,RUS,Mercedes,GAS,Alpine,0.736,324.0,323.0,1.0,10.0,MEDIUM,10.0,MEDIUM,True,standard,False
11,Budapest,Hungarian Grand Prix,10,S3,BOR,Audi,OCO,Haas F1 Team,0.646,329.0,318.0,11.0,10.0,SOFT,10.0,MEDIUM,True,standard,False
11,Budapest,Hungarian Grand Prix,10,S3,ALO,Aston Martin,COL,Alpine,0.383,323.0,324.0,-1.0,10.0,SOFT,10.0,MEDIUM,True,standard,False
11,Budapest,Hungarian Grand Prix,11,S1,HAM,Ferrari,VER,Red Bull Racing,0.392,328.0,317.0,11.0,11.0,SOFT,11.0,MEDIUM,True,standard,False
11,Budapest,Hungarian Grand Prix,11,S1,RUS,Mercedes,GAS,Alpine,0.519,331.0,322.0,9.0,11.0,MEDIUM,11.0,MEDIUM,True,standard,False
11,Budapest,Hungarian Grand Prix,11,S1,BOR,Audi,OCO,Haas F1 Team,0.57,327.0,318.0,9.0,11.0,SOFT,11.0,MEDIUM,True,standard,False
11,Budapest,Hungarian Grand Prix,11,S1,ALO,Aston Martin,COL,Alpine,0.592,325.0,324.0,1.0,11.0,SOFT,11.0,MEDIUM,True,standard,False
11,Budapest,Hungarian Grand Prix,11,S2,NOR,McLaren,PIA,McLaren,0.973,320.0,317.0,3.0,11.0,MEDIUM,11.0,MEDIUM,True,standard,False
11,Budapest,Hungarian Grand Prix,11,S2,HAM,Ferrari,VER,Red Bull Racing,0.673,328.0,317.0,11.0,11.0,SOFT,11.0,MEDIUM,True,standard,False
11,Budapest,Hungarian Grand Prix,11,S2,LEC,Ferrari,HAM,Ferrari,0.892,326.0,328.0,-2.0,14.0,SOFT,11.0,SOFT,True,standard,False
11,Budapest,Hungarian Grand Prix,11,S2,RUS,Mercedes,GAS,Alpine,0.308,331.0,322.0,9.0,11.0,MEDIUM,11.0,MEDIUM,True,standard,False
11,Budapest,Hungarian Grand Prix,11,S2,BOR,Audi,OCO,Haas F1 Team,0.577,327.0,318.0,9.0,11.0,SOFT,11.0,MEDIUM,True,standard,False
11,Budapest,Hungarian Grand Prix,11,S2,ALO,Aston Martin,COL,Alpine,0.628,325.0,324.0,1.0,11.0,SOFT,11.0,MEDIUM,True,standard,False
11,Budapest,Hungarian Grand Prix,11,S3,HAM,Ferrari,VER,Red Bull Racing,0.63,328.0,317.0,11.0,11.0,SOFT,11.0,MEDIUM,True,standard,False
11,Budapest,Hungarian Grand Prix,11,S3,RUS,Mercedes,GAS,Alpine,0.113,331.0,322.0,9.0,11.0,MEDIUM,11.0,MEDIUM,True,standard,True
11,Budapest,Hungarian Grand Prix,11,S3,BOR,Audi,OCO,Haas F1 Team,0.466,327.0,318.0,9.0,11.0,SOFT,11.0,MEDIUM,True,standard,False
11,Budapest,Hungarian Grand Prix,11,S3,ALO,Aston Martin,COL,Alpine,0.613,325.0,324.0,1.0,11.0,SOFT,11.0,MEDIUM,True,standard,False
11,Budapest,Hungarian Grand Prix,12,S1,HAM,Ferrari,VER,Red Bull Racing,0.516,326.0,315.0,11.0,12.0,SOFT,12.0,MEDIUM,True,standard,False
11,Budapest,Hungarian Grand Prix,12,S1,GAS,Alpine,RUS,Mercedes,0.598,322.0,332.0,-10.0,12.0,MEDIUM,12.0,MEDIUM,True,standard,False
11,Budapest,Hungarian Grand Prix,12,S1,BOR,Audi,OCO,Haas F1 Team,0.081,328.0,316.0,12.0,12.0,SOFT,12.0,MEDIUM,True,standard,False
11,Budapest,Hungarian Grand Prix,12,S1,ALO,Aston Martin,COL,Alpine,0.96,317.0,323.0,-6.0,12.0,SOFT,12.0,MEDIUM,True,standard,False
11,Budapest,Hungarian Grand Prix,12,S2,HAM,Ferrari,VER,Red Bull Racing,0.628,326.0,315.0,11.0,12.0,SOFT,12.0,MEDIUM,True,standard,False
11,Budapest,Hungarian Grand Prix,12,S2,BOR,Audi,OCO,Haas F1 Team,0.526,328.0,316.0,12.0,12.0,SOFT,12.0,MEDIUM,True,standard,False
11,Budapest,Hungarian Grand Prix,12,S2,ALO,Aston Martin,COL,Alpine,0.78,317.0,323.0,-6.0,12.0,SOFT,12.0,MEDIUM,True,standard,False
11,Budapest,Hungarian Grand Prix,12,S3,HAM,Ferrari,VER,Red Bull Racing,0.7,326.0,315.0,11.0,12.0,SOFT,12.0,MEDIUM,True,standard,False
11,Budapest,Hungarian Grand Prix,12,S3,BOR,Audi,OCO,Haas F1 Team,0.498,328.0,316.0,12.0,12.0,SOFT,12.0,MEDIUM,True,standard,False
11,Budapest,Hungarian Grand Prix,12,S3,ALO,Aston Martin,COL,Alpine,0.559,317.0,323.0,-6.0,12.0,SOFT,12.0,MEDIUM,True,standard,False
11,Budapest,Hungarian Grand Prix,13,S1,NOR,McLaren,PIA,McLaren,0.921,320.0,315.0,5.0,13.0,MEDIUM,13.0,MEDIUM,True,standard,False
11,Budapest,Hungarian Grand Prix,13,S1,HAM,Ferrari,VER,Red Bull Racing,0.628,325.0,315.0,10.0,13.0,SOFT,13.0,MEDIUM,True,standard,False
11,Budapest,Hungarian Grand Prix,13,S1,BOR,Audi,OCO,Haas F1 Team,0.37,326.0,316.0,10.0,13.0,SOFT,13.0,MEDIUM,True,standard,False
11,Budapest,Hungarian Grand Prix,13,S1,ALO,Aston Martin,COL,Alpine,0.882,323.0,324.0,-1.0,13.0,SOFT,13.0,MEDIUM,True,standard,False
11,Budapest,Hungarian Grand Prix,13,S2,NOR,McLaren,PIA,McLaren,0.781,320.0,315.0,5.0,13.0,MEDIUM,13.0,MEDIUM,True,standard,False
11,Budapest,Hungarian Grand Prix,13,S2,HAM,Ferrari,VER,Red Bull Racing,0.706,325.0,315.0,10.0,13.0,SOFT,13.0,MEDIUM,True,standard,False
11,Budapest,Hungarian Grand Prix,13,S2,BOR,Audi,OCO,Haas F1 Team,0.585,326.0,316.0,10.0,13.0,SOFT,13.0,MEDIUM,True,standard,False
11,Budapest,Hungarian Grand Prix,13,S2,ALO,Aston Martin,COL,Alpine,0.846,323.0,324.0,-1.0,13.0,SOFT,13.0,MEDIUM,True,standard,False
11,Budapest,Hungarian Grand Prix,13,S3,ANT,Mercedes,HAM,Ferrari,0.578,323.0,325.0,-2.0,13.0,MEDIUM,13.0,SOFT,True,standard,True
11,Budapest,Hungarian Grand Prix,13,S3,BOR,Audi,OCO,Haas F1 Team,0.568,326.0,316.0,10.0,13.0,SOFT,13.0,MEDIUM,True,standard,False
11,Budapest,Hungarian Grand Prix,13,S3,ALO,Aston Martin,COL,Alpine,0.535,323.0,324.0,-1.0,13.0,SOFT,13.0,MEDIUM,True,standard,False
11,Budapest,Hungarian Grand Prix,14,S1,NOR,McLaren,PIA,McLaren,0.903,322.0,316.0,6.0,14.0,MEDIUM,14.0,MEDIUM,True,standard,False
11,Budapest,Hungarian Grand Prix,14,S1,HAM,Ferrari,LIN,Racing Bulls,0.18,325.0,317.0,8.0,1.0,HARD,14.0,MEDIUM,True,standard,True
11,Budapest,Hungarian Grand Prix,14,S1,BOR,Audi,OCO,Haas F1 Team,0.197,328.0,316.0,12.0,14.0,SOFT,14.0,MEDIUM,True,standard,True
11,Budapest,Hungarian Grand Prix,14,S1,ALO,Aston Martin,COL,Alpine,0.782,326.0,324.0,2.0,14.0,SOFT,14.0,MEDIUM,True,standard,False
11,Budapest,Hungarian Grand Prix,14,S2,NOR,McLaren,PIA,McLaren,0.973,322.0,316.0,6.0,14.0,MEDIUM,14.0,MEDIUM,True,standard,False
11,Budapest,Hungarian Grand Prix,14,S2,OCO,Haas F1 Team,BOR,Audi,0.593,316.0,328.0,-12.0,14.0,MEDIUM,14.0,SOFT,True,standard,False
11,Budapest,Hungarian Grand Prix,14,S2,ALO,Aston Martin,COL,Alpine,0.415,326.0,324.0,2.0,14.0,SOFT,14.0,MEDIUM,True,standard,False
11,Budapest,Hungarian Grand Prix,14,S3,NOR,McLaren,PIA,McLaren,0.938,322.0,316.0,6.0,14.0,MEDIUM,14.0,MEDIUM,True,standard,False
11,Budapest,Hungarian Grand Prix,14,S3,VER,Red Bull Racing,LEC,Ferrari,0.202,313.0,316.0,-3.0,14.0,MEDIUM,17.0,SOFT,True,standard,False
11,Budapest,Hungarian Grand Prix,14,S3,ALO,Aston Martin,COL,Alpine,0.173,326.0,324.0,2.0,14.0,SOFT,14.0,MEDIUM,True,standard,False
11,Budapest,Hungarian Grand Prix,15,S1,NOR,McLaren,PIA,McLaren,0.775,326.0,317.0,9.0,15.0,MEDIUM,15.0,MEDIUM,True,standard,False
11,Budapest,Hungarian Grand Prix,15,S1,VER,Red Bull Racing,HAM,Ferrari,0.877,313.0,318.0,-5.0,1.0,HARD,2.0,HARD,True,standard,False
11,Budapest,Hungarian Grand Prix,15,S1,RUS,Mercedes,HUL,Audi,0.984,322.0,320.0,2.0,15.0,MEDIUM,15.0,MEDIUM,True,standard,False
11,Budapest,Hungarian Grand Prix,15,S1,ALO,Aston Martin,COL,Alpine,0.304,331.0,324.0,7.0,15.0,SOFT,15.0,MEDIUM,True,standard,False
11,Budapest,Hungarian Grand Prix,15,S1,STR,Aston Martin,PER,Cadillac,0.879,315.0,315.0,0.0,7.0,MEDIUM,15.0,MEDIUM,True,standard,False
11,Budapest,Hungarian Grand Prix,15,S2,HAM,Ferrari,LAW,Racing Bulls,0.244,318.0,319.0,-1.0,2.0,HARD,15.0,MEDIUM,True,standard,True
11,Budapest,Hungarian Grand Prix,15,S2,RUS,Mercedes,HUL,Audi,0.605,322.0,320.0,2.0,15.0,MEDIUM,15.0,MEDIUM,True,standard,False
11,Budapest,Hungarian Grand Prix,15,S2,ALO,Aston Martin,COL,Alpine,0.523,331.0,324.0,7.0,15.0,SOFT,15.0,MEDIUM,True,standard,True
11,Budapest,Hungarian Grand Prix,15,S2,STR,Aston Martin,PER,Cadillac,0.206,315.0,315.0,0.0,7.0,MEDIUM,15.0,MEDIUM,True,standard,False
11,Budapest,Hungarian Grand Prix,15,S3,NOR,McLaren,PIA,McLaren,0.908,326.0,317.0,9.0,15.0,MEDIUM,15.0,MEDIUM,True,standard,False
11,Budapest,Hungarian Grand Prix,15,S3,LAW,Racing Bulls,HAM,Ferrari,0.322,319.0,318.0,1.0,15.0,MEDIUM,2.0,HARD,True,standard,False
11,Budapest,Hungarian Grand Prix,15,S3,VER,Red Bull Racing,LAW,Racing Bulls,0.134,313.0,319.0,-6.0,1.0,HARD,15.0,MEDIUM,True,standard,True
11,Budapest,Hungarian Grand Prix,15,S3,RUS,Mercedes,HUL,Audi,0.484,322.0,320.0,2.0,15.0,MEDIUM,15.0,MEDIUM,True,standard,False
11,Budapest,Hungarian Grand Prix,15,S3,BEA,Haas F1 Team,COL,Alpine,0.519,319.0,324.0,-5.0,15.0,MEDIUM,15.0,MEDIUM,True,standard,True
11,Budapest,Hungarian Grand Prix,15,S3,STR,Aston Martin,PER,Cadillac,0.012,315.0,315.0,0.0,7.0,MEDIUM,15.0,MEDIUM,True,standard,True
11,Budapest,Hungarian Grand Prix,16,S1,NOR,McLaren,PIA,McLaren,0.925,322.0,316.0,6.0,16.0,MEDIUM,16.0,MEDIUM,True,standard,False
11,Budapest,Hungarian Grand Prix,16,S1,HAM,Ferrari,VER,Red Bull Racing,0.211,320.0,335.0,-15.0,3.0,HARD,2.0,HARD,True,standard,False
11,Budapest,Hungarian Grand Prix,16,S1,RUS,Mercedes,HUL,Audi,0.397,334.0,320.0,14.0,16.0,MEDIUM,16.0,MEDIUM,True,standard,False
11,Budapest,Hungarian Grand Prix,16,S1,PER,Cadillac,STR,Aston Martin,0.625,315.0,318.0,-3.0,16.0,MEDIUM,8.0,MEDIUM,True,standard,False
11,Budapest,Hungarian Grand Prix,16,S2,NOR,McLaren,PIA,McLaren,0.803,322.0,316.0,6.0,16.0,MEDIUM,16.0,MEDIUM,True,standard,True
11,Budapest,Hungarian Grand Prix,16,S2,HAM,Ferrari,VER,Red Bull Racing,0.434,320.0,335.0,-15.0,3.0,HARD,2.0,HARD,True,standard,False
11,Budapest,Hungarian Grand Prix,16,S2,RUS,Mercedes,HUL,Audi,0.336,334.0,320.0,14.0,16.0,MEDIUM,16.0,MEDIUM,True,standard,False
11,Budapest,Hungarian Grand Prix,16,S2,COL,Alpine,PER,Cadillac,0.15,324.0,315.0,9.0,1.0,HARD,16.0,MEDIUM,True,standard,True
11,Budapest,Hungarian Grand Prix,16,S3,HAM,Ferrari,VER,Red Bull Racing,0.651,320.0,335.0,-15.0,3.0,HARD,2.0,HARD,True,standard,False
11,Budapest,Hungarian Grand Prix,16,S3,RUS,Mercedes,HUL,Audi,0.09,334.0,320.0,14.0,16.0,MEDIUM,16.0,MEDIUM,True,standard,True
11,Budapest,Hungarian Grand Prix,16,S3,GAS,Alpine,BOR,Audi,0.162,320.0,316.0,4.0,16.0,MEDIUM,16.0,SOFT,True,standard,False
11,Budapest,Hungarian Grand Prix,17,S1,HAM,Ferrari,VER,Red Bull Racing,0.294,330.0,317.0,13.0,4.0,HARD,3.0,HARD,True,standard,False
11,Budapest,Hungarian Grand Prix,17,S1,HUL,Audi,RUS,Mercedes,0.71,320.0,331.0,-11.0,17.0,MEDIUM,17.0,MEDIUM,True,standard,False
11,Budapest,Hungarian Grand Prix,17,S1,ALO,Aston Martin,OCO,Haas F1 Team,0.941,313.0,317.0,-4.0,17.0,SOFT,17.0,MEDIUM,True,standard,False
11,Budapest,Hungarian Grand Prix,17,S2,HAM,Ferrari,VER,Red Bull Racing,0.578,330.0,317.0,13.0,4.0,HARD,3.0,HARD,True,standard,False
11,Budapest,Hungarian Grand Prix,17,S2,LEC,Ferrari,LAW,Racing Bulls,0.229,315.0,321.0,-6.0,1.0,HARD,17.0,MEDIUM,True,standard,True
11,Budapest,Hungarian Grand Prix,17,S2,RUS,Mercedes,LIN,Racing Bulls,0.715,331.0,316.0,15.0,17.0,MEDIUM,17.0,MEDIUM,True,standard,False
11,Budapest,Hungarian Grand Prix,17,S2,ALO,Aston Martin,OCO,Haas F1 Team,0.905,313.0,317.0,-4.0,17.0,SOFT,17.0,MEDIUM,True,standard,True
11,Budapest,Hungarian Grand Prix,17,S3,PIA,McLaren,HAD,Red Bull Racing,0.641,316.0,316.0,0.0,1.0,HARD,17.0,MEDIUM,True,standard,False
11,Budapest,Hungarian Grand Prix,17,S3,HAM,Ferrari,VER,Red Bull Racing,0.746,330.0,317.0,13.0,4.0,HARD,3.0,HARD,True,standard,False
11,Budapest,Hungarian Grand Prix,17,S3,LAW,Racing Bulls,LEC,Ferrari,0.55,321.0,315.0,6.0,17.0,MEDIUM,1.0,HARD,True,standard,False
11,Budapest,Hungarian Grand Prix,17,S3,RUS,Mercedes,LIN,Racing Bulls,0.201,331.0,316.0,15.0,17.0,MEDIUM,17.0,MEDIUM,True,standard,True
11,Budapest,Hungarian Grand Prix,18,S1,PIA,McLaren,HAD,Red Bull Racing,0.159,324.0,314.0,10.0,2.0,HARD,18.0,MEDIUM,True,standard,False
11,Budapest,Hungarian Grand Prix,18,S1,NOR,McLaren,PIA,McLaren,0.933,319.0,324.0,-5.0,1.0,HARD,2.0,HARD,True,standard,False
11,Budapest,Hungarian Grand Prix,18,S1,VER,Red Bull Racing,NOR,McLaren,0.45,320.0,319.0,1.0,4.0,HARD,1.0,HARD,True,standard,False
11,Budapest,Hungarian Grand Prix,18,S1,HAM,Ferrari,VER,Red Bull Racing,0.573,330.0,320.0,10.0,5.0,HARD,4.0,HARD,True,standard,False
11,Budapest,Hungarian Grand Prix,18,S1,LIN,Racing Bulls,RUS,Mercedes,0.89,317.0,336.0,-19.0,18.0,MEDIUM,18.0,MEDIUM,True,standard,False
11,Budapest,Hungarian Grand Prix,18,S1,COL,Alpine,STR,Aston Martin,0.679,325.0,313.0,12.0,3.0,HARD,10.0,MEDIUM,True,standard,False
11,Budapest,Hungarian Grand Prix,18,S2,PIA,McLaren,HAD,Red Bull Racing,0.476,324.0,314.0,10.0,2.0,HARD,18.0,MEDIUM,True,standard,False
11,Budapest,Hungarian Grand Prix,18,S2,NOR,McLaren,PIA,McLaren,0.451,319.0,324.0,-5.0,1.0,HARD,2.0,HARD,True,standard,False
11,Budapest,Hungarian Grand Prix,18,S2,VER,Red Bull Racing,NOR,McLaren,0.619,320.0,319.0,1.0,4.0,HARD,1.0,HARD,True,standard,False
11,Budapest,Hungarian Grand Prix,18,S2,HAM,Ferrari,VER,Red Bull Racing,0.51,330.0,320.0,10.0,5.0,HARD,4.0,HARD,True,standard,False
11,Budapest,Hungarian Grand Prix,18,S2,GAS,Alpine,ALB,Williams,0.538,324.0,319.0,5.0,2.0,HARD,18.0,MEDIUM,True,standard,False
11,Budapest,Hungarian Grand Prix,18,S2,COL,Alpine,STR,Aston Martin,0.866,325.0,313.0,12.0,3.0,HARD,10.0,MEDIUM,True,standard,False
11,Budapest,Hungarian Grand Prix,18,S3,PIA,McLaren,HAD,Red Bull Racing,0.178,324.0,314.0,10.0,2.0,HARD,18.0,MEDIUM,True,standard,True
11,Budapest,Hungarian Grand Prix,18,S3,NOR,McLaren,PIA,McLaren,0.291,319.0,324.0,-5.0,1.0,HARD,2.0,HARD,True,standard,False
11,Budapest,Hungarian Grand Prix,18,S3,VER,Red Bull Racing,NOR,McLaren,0.708,320.0,319.0,1.0,4.0,HARD,1.0,HARD,True,standard,False
11,Budapest,Hungarian Grand Prix,18,S3,HAM,Ferrari,VER,Red Bull Racing,0.421,330.0,320.0,10.0,5.0,HARD,4.0,HARD,True,standard,False
11,Budapest,Hungarian Grand Prix,18,S3,GAS,Alpine,ALB,Williams,0.351,324.0,319.0,5.0,2.0,HARD,18.0,MEDIUM,True,standard,True
11,Budapest,Hungarian Grand Prix,18,S3,COL,Alpine,STR,Aston Martin,0.788,325.0,313.0,12.0,3.0,HARD,10.0,MEDIUM,True,standard,False
11,Budapest,Hungarian Grand Prix,19,S1,NOR,McLaren,PIA,McLaren,0.263,337.0,331.0,6.0,2.0,HARD,3.0,HARD,True,standard,False
11,Budapest,Hungarian Grand Prix,19,S1,VER,Red Bull Racing,NOR,McLaren,0.555,335.0,337.0,-2.0,5.0,HARD,2.0,HARD,True,standard,False
11,Budapest,Hungarian Grand Prix,19,S1,HAD,Red Bull Racing,VER,Red Bull Racing,0.381,307.0,335.0,-28.0,19.0,MEDIUM,5.0,HARD,True,standard,False
11,Budapest,Hungarian Grand Prix,19,S1,HAM,Ferrari,HAD,Red Bull Racing,0.262,334.0,307.0,27.0,6.0,HARD,19.0,MEDIUM,True,standard,True
11,Budapest,Hungarian Grand Prix,19,S1,ALB,Williams,GAS,Alpine,0.921,318.0,339.0,-21.0,19.0,MEDIUM,3.0,HARD,True,standard,False
11,Budapest,Hungarian Grand Prix,19,S1,COL,Alpine,STR,Aston Martin,0.432,332.0,313.0,19.0,4.0,HARD,11.0,MEDIUM,True,standard,False
11,Budapest,Hungarian Grand Prix,19,S2,NOR,McLaren,PIA,McLaren,0.682,337.0,331.0,6.0,2.0,HARD,3.0,HARD,True,standard,False
11,Budapest,Hungarian Grand Prix,19,S2,VER,Red Bull Racing,NOR,McLaren,0.655,335.0,337.0,-2.0,5.0,HARD,2.0,HARD,True,standard,False
11,Budapest,Hungarian Grand Prix,19,S2,COL,Alpine,STR,Aston Martin,0.83,332.0,313.0,19.0,4.0,HARD,11.0,MEDIUM,True,standard,False
11,Budapest,Hungarian Grand Prix,19,S3,NOR,McLaren,PIA,McLaren,0.799,337.0,331.0,6.0,2.0,HARD,3.0,HARD,True,standard,False
11,Budapest,Hungarian Grand Prix,19,S3,HAD,Red Bull Racing,LEC,Ferrari,0.859,307.0,317.0,-10.0,19.0,MEDIUM,3.0,HARD,True,standard,False
11,Budapest,Hungarian Grand Prix,19,S3,COL,Alpine,STR,Aston Martin,0.814,332.0,313.0,19.0,4.0,HARD,11.0,MEDIUM,True,standard,False
11,Budapest,Hungarian Grand Prix,20,S1,NOR,McLaren,PIA,McLaren,0.531,324.0,317.0,7.0,3.0,HARD,4.0,HARD,True,standard,False
11,Budapest,Hungarian Grand Prix,20,S1,RUS,Mercedes,LAW,Racing Bulls,0.958,323.0,319.0,4.0,20.0,MEDIUM,20.0,MEDIUM,True,standard,False
11,Budapest,Hungarian Grand Prix,20,S1,BOR,Audi,HAD,Red Bull Racing,0.723,316.0,307.0,9.0,20.0,SOFT,1.0,HARD,True,standard,False
11,Budapest,Hungarian Grand Prix,20,S1,COL,Alpine,STR,Aston Martin,0.43,332.0,313.0,19.0,5.0,HARD,12.0,MEDIUM,True,standard,False
11,Budapest,Hungarian Grand Prix,20,S2,NOR,McLaren,PIA,McLaren,0.608,324.0,317.0,7.0,3.0,HARD,4.0,HARD,True,standard,False
11,Budapest,Hungarian Grand Prix,20,S2,RUS,Mercedes,LAW,Racing Bulls,0.649,323.0,319.0,4.0,20.0,MEDIUM,20.0,MEDIUM,True,standard,False
11,Budapest,Hungarian Grand Prix,20,S2,HUL,Audi,BEA,Haas F1 Team,0.734,320.0,318.0,2.0,1.0,HARD,20.0,MEDIUM,True,standard,True
11,Budapest,Hungarian Grand Prix,20,S2,COL,Alpine,STR,Aston Martin,0.731,332.0,313.0,19.0,5.0,HARD,12.0,MEDIUM,True,standard,False
11,Budapest,Hungarian Grand Prix,20,S3,NOR,McLaren,PIA,McLaren,0.666,324.0,317.0,7.0,3.0,HARD,4.0,HARD,True,standard,False
11,Budapest,Hungarian Grand Prix,20,S3,RUS,Mercedes,LAW,Racing Bulls,0.104,323.0,319.0,4.0,20.0,MEDIUM,20.0,MEDIUM,True,standard,True
11,Budapest,Hungarian Grand Prix,20,S3,BEA,Haas F1 Team,HUL,Audi,0.241,318.0,320.0,-2.0,20.0,MEDIUM,1.0,HARD,True,standard,False
11,Budapest,Hungarian Grand Prix,20,S3,COL,Alpine,STR,Aston Martin,0.759,332.0,313.0,19.0,5.0,HARD,12.0,MEDIUM,True,standard,False
11,Budapest,Hungarian Grand Prix,21,S1,NOR,McLaren,PIA,McLaren,0.578,326.0,317.0,9.0,4.0,HARD,5.0,HARD,True,standard,False
11,Budapest,Hungarian Grand Prix,21,S1,LAW,Racing Bulls,RUS,Mercedes,0.817,319.0,333.0,-14.0,21.0,MEDIUM,21.0,MEDIUM,True,standard,False
11,Budapest,Hungarian Grand Prix,21,S1,HUL,Audi,LIN,Racing Bulls,0.514,323.0,320.0,3.0,2.0,HARD,1.0,HARD,True,standard,False
11,Budapest,Hungarian Grand Prix,21,S1,COL,Alpine,STR,Aston Martin,0.31,334.0,313.0,21.0,6.0,HARD,13.0,MEDIUM,True,standard,False
11,Budapest,Hungarian Grand Prix,21,S2,NOR,McLaren,PIA,McLaren,0.585,326.0,317.0,9.0,4.0,HARD,5.0,HARD,True,standard,False
11,Budapest,Hungarian Grand Prix,21,S2,HUL,Audi,LIN,Racing Bulls,0.82,323.0,320.0,3.0,2.0,HARD,1.0,HARD,True,standard,False
11,Budapest,Hungarian Grand Prix,21,S2,COL,Alpine,STR,Aston Martin,0.776,334.0,313.0,21.0,6.0,HARD,13.0,MEDIUM,True,standard,False
11,Budapest,Hungarian Grand Prix,21,S3,NOR,McLaren,PIA,McLaren,0.569,326.0,317.0,9.0,4.0,HARD,5.0,HARD,True,standard,False
11,Budapest,Hungarian Grand Prix,21,S3,HUL,Audi,LIN,Racing Bulls,0.893,323.0,320.0,3.0,2.0,HARD,1.0,HARD,True,standard,False
11,Budapest,Hungarian Grand Prix,21,S3,GAS,Alpine,BEA,Haas F1 Team,0.387,323.0,323.0,0.0,5.0,HARD,21.0,MEDIUM,True,standard,True
11,Budapest,Hungarian Grand Prix,21,S3,COL,Alpine,STR,Aston Martin,0.81,334.0,313.0,21.0,6.0,HARD,13.0,MEDIUM,True,standard,False
11,Budapest,Hungarian Grand Prix,22,S1,NOR,McLaren,PIA,McLaren,0.811,329.0,319.0,10.0,5.0,HARD,6.0,HARD,True,standard,False
11,Budapest,Hungarian Grand Prix,22,S1,LIN,Racing Bulls,LAW,Racing Bulls,0.754,321.0,319.0,2.0,2.0,HARD,1.0,HARD,True,standard,False
11,Budapest,Hungarian Grand Prix,22,S1,BEA,Haas F1 Team,GAS,Alpine,0.812,319.0,338.0,-19.0,22.0,MEDIUM,6.0,HARD,True,standard,False
11,Budapest,Hungarian Grand Prix,22,S1,COL,Alpine,STR,Aston Martin,0.33,334.0,316.0,18.0,7.0,HARD,14.0,MEDIUM,True,standard,False
11,Budapest,Hungarian Grand Prix,22,S2,NOR,McLaren,PIA,McLaren,0.93,329.0,319.0,10.0,5.0,HARD,6.0,HARD,True,standard,False
11,Budapest,Hungarian Grand Prix,22,S2,LIN,Racing Bulls,LAW,Racing Bulls,0.715,321.0,319.0,2.0,2.0,HARD,1.0,HARD,True,standard,False
11,Budapest,Hungarian Grand Prix,22,S2,COL,Alpine,STR,Aston Martin,0.688,334.0,316.0,18.0,7.0,HARD,14.0,MEDIUM,True,standard,False
11,Budapest,Hungarian Grand Prix,22,S3,NOR,McLaren,PIA,McLaren,0.976,329.0,319.0,10.0,5.0,HARD,6.0,HARD,True,standard,False
11,Budapest,Hungarian Grand Prix,22,S3,LIN,Racing Bulls,LAW,Racing Bulls,0.978,321.0,319.0,2.0,2.0,HARD,1.0,HARD,True,standard,False
11,Budapest,Hungarian Grand Prix,22,S3,STR,Aston Martin,ALB,Williams,0.959,316.0,318.0,-2.0,14.0,MEDIUM,22.0,MEDIUM,True,standard,False
11,Budapest,Hungarian Grand Prix,22,S3,COL,Alpine,STR,Aston Martin,0.763,334.0,316.0,18.0,7.0,HARD,14.0,MEDIUM,True,standard,False
11,Budapest,Hungarian Grand Prix,23,S1,NOR,McLaren,PIA,McLaren,0.793,323.0,319.0,4.0,6.0,HARD,7.0,HARD,True,standard,False
11,Budapest,Hungarian Grand Prix,23,S1,STR,Aston Martin,ALB,Williams,0.786,318.0,319.0,-1.0,15.0,MEDIUM,23.0,MEDIUM,True,standard,False
11,Budapest,Hungarian Grand Prix,23,S1,COL,Alpine,STR,Aston Martin,0.841,334.0,318.0,16.0,8.0,HARD,15.0,MEDIUM,True,standard,False
11,Budapest,Hungarian Grand Prix,23,S2,NOR,McLaren,PIA,McLaren,0.758,323.0,319.0,4.0,6.0,HARD,7.0,HARD,True,standard,False
11,Budapest,Hungarian Grand Prix,23,S2,LAW,Racing Bulls,ALO,Aston Martin,0.884,321.0,312.0,9.0,2.0,HARD,23.0,SOFT,True,standard,False
11,Budapest,Hungarian Grand Prix,23,S2,LIN,Racing Bulls,LAW,Racing Bulls,0.964,324.0,321.0,3.0,3.0,HARD,2.0,HARD,True,standard,False
11,Budapest,Hungarian Grand Prix,23,S2,STR,Aston Martin,ALB,Williams,0.564,318.0,319.0,-1.0,15.0,MEDIUM,23.0,MEDIUM,True,standard,False
11,Budapest,Hungarian Grand Prix,23,S2,COL,Alpine,STR,Aston Martin,0.654,334.0,318.0,16.0,8.0,HARD,15.0,MEDIUM,True,standard,False
11,Budapest,Hungarian Grand Prix,23,S3,NOR,McLaren,PIA,McLaren,0.903,323.0,319.0,4.0,6.0,HARD,7.0,HARD,True,standard,False
11,Budapest,Hungarian Grand Prix,23,S3,LAW,Racing Bulls,ALO,Aston Martin,0.531,321.0,312.0,9.0,2.0,HARD,23.0,SOFT,True,standard,True
11,Budapest,Hungarian Grand Prix,23,S3,STR,Aston Martin,ALB,Williams,0.456,318.0,319.0,-1.0,15.0,MEDIUM,23.0,MEDIUM,True,standard,False
11,Budapest,Hungarian Grand Prix,23,S3,COL,Alpine,STR,Aston Martin,0.883,334.0,318.0,16.0,8.0,HARD,15.0,MEDIUM,True,standard,False
11,Budapest,Hungarian Grand Prix,23,S3,OCO,Haas F1 Team,COL,Alpine,0.982,321.0,334.0,-13.0,6.0,HARD,8.0,HARD,True,standard,False
11,Budapest,Hungarian Grand Prix,24,S1,NOR,McLaren,PIA,McLaren,0.795,323.0,319.0,4.0,7.0,HARD,8.0,HARD,True,standard,False
11,Budapest,Hungarian Grand Prix,24,S1,ALO,Aston Martin,LAW,Racing Bulls,0.808,311.0,333.0,-22.0,24.0,SOFT,3.0,HARD,True,standard,False
11,Budapest,Hungarian Grand Prix,24,S1,LIN,Racing Bulls,ALO,Aston Martin,0.412,329.0,311.0,18.0,4.0,HARD,24.0,SOFT,True,standard,False
11,Budapest,Hungarian Grand Prix,24,S1,STR,Aston Martin,ALB,Williams,0.643,328.0,318.0,10.0,16.0,MEDIUM,24.0,MEDIUM,True,standard,False
11,Budapest,Hungarian Grand Prix,24,S1,COL,Alpine,STR,Aston Martin,0.49,335.0,328.0,7.0,9.0,HARD,16.0,MEDIUM,True,standard,False
11,Budapest,Hungarian Grand Prix,24,S1,OCO,Haas F1 Team,COL,Alpine,0.993,329.0,335.0,-6.0,7.0,HARD,9.0,HARD,True,standard,False
11,Budapest,Hungarian Grand Prix,24,S2,NOR,McLaren,PIA,McLaren,0.692,323.0,319.0,4.0,7.0,HARD,8.0,HARD,True,standard,False
11,Budapest,Hungarian Grand Prix,24,S2,LIN,Racing Bulls,ALO,Aston Martin,0.462,329.0,311.0,18.0,4.0,HARD,24.0,SOFT,True,standard,False
11,Budapest,Hungarian Grand Prix,24,S2,STR,Aston Martin,ALB,Williams,0.491,328.0,318.0,10.0,16.0,MEDIUM,24.0,MEDIUM,True,standard,False
11,Budapest,Hungarian Grand Prix,24,S2,COL,Alpine,STR,Aston Martin,0.678,335.0,328.0,7.0,9.0,HARD,16.0,MEDIUM,True,standard,False
11,Budapest,Hungarian Grand Prix,24,S2,OCO,Haas F1 Team,COL,Alpine,0.615,329.0,335.0,-6.0,7.0,HARD,9.0,HARD,True,standard,False
11,Budapest,Hungarian Grand Prix,24,S3,NOR,McLaren,PIA,McLaren,0.607,323.0,319.0,4.0,7.0,HARD,8.0,HARD,True,standard,False
11,Budapest,Hungarian Grand Prix,24,S3,LEC,Ferrari,HAM,Ferrari,0.93,321.0,320.0,1.0,8.0,HARD,11.0,HARD,True,standard,False
11,Budapest,Hungarian Grand Prix,24,S3,LIN,Racing Bulls,ALO,Aston Martin,0.443,329.0,311.0,18.0,4.0,HARD,24.0,SOFT,True,standard,True
11,Budapest,Hungarian Grand Prix,24,S3,STR,Aston Martin,ALB,Williams,0.315,328.0,318.0,10.0,16.0,MEDIUM,24.0,MEDIUM,True,standard,True
11,Budapest,Hungarian Grand Prix,24,S3,COL,Alpine,STR,Aston Martin,0.892,335.0,328.0,7.0,9.0,HARD,16.0,MEDIUM,True,standard,False
11,Budapest,Hungarian Grand Prix,24,S3,OCO,Haas F1 Team,COL,Alpine,0.6,329.0,335.0,-6.0,7.0,HARD,9.0,HARD,True,standard,False
11,Budapest,Hungarian Grand Prix,25,S1,NOR,McLaren,PIA,McLaren,0.443,328.0,317.0,11.0,8.0,HARD,9.0,HARD,True,standard,False
11,Budapest,Hungarian Grand Prix,25,S1,LEC,Ferrari,HAM,Ferrari,0.782,328.0,320.0,8.0,9.0,HARD,12.0,HARD,True,standard,False
11,Budapest,Hungarian Grand Prix,25,S1,ALO,Aston Martin,LIN,Racing Bulls,0.593,299.0,338.0,-39.0,25.0,SOFT,5.0,HARD,True,standard,False
11,Budapest,Hungarian Grand Prix,25,S1,ALB,Williams,STR,Aston Martin,0.497,318.0,330.0,-12.0,25.0,MEDIUM,17.0,MEDIUM,True,standard,False
11,Budapest,Hungarian Grand Prix,25,S1,COL,Alpine,ALB,Williams,0.301,335.0,318.0,17.0,10.0,HARD,25.0,MEDIUM,True,standard,False
11,Budapest,Hungarian Grand Prix,25,S1,OCO,Haas F1 Team,COL,Alpine,0.654,330.0,335.0,-5.0,8.0,HARD,10.0,HARD,True,standard,False
11,Budapest,Hungarian Grand Prix,25,S2,NOR,McLaren,PIA,McLaren,0.62,328.0,317.0,11.0,8.0,HARD,9.0,HARD,True,standard,False
11,Budapest,Hungarian Grand Prix,25,S2,LEC,Ferrari,HAM,Ferrari,0.856,328.0,320.0,8.0,9.0,HARD,12.0,HARD,True,standard,False
11,Budapest,Hungarian Grand Prix,25,S2,HUL,Audi,ALO,Aston Martin,0.827,320.0,299.0,21.0,6.0,HARD,25.0,SOFT,True,standard,False
11,Budapest,Hungarian Grand Prix,25,S2,COL,Alpine,ALB,Williams,0.364,335.0,318.0,17.0,10.0,HARD,25.0,MEDIUM,True,standard,False
11,Budapest,Hungarian Grand Prix,25,S2,OCO,Haas F1 Team,COL,Alpine,0.35,330.0,335.0,-5.0,8.0,HARD,10.0,HARD,True,standard,False
11,Budapest,Hungarian Grand Prix,25,S3,NOR,McLaren,PIA,McLaren,0.623,328.0,317.0,11.0,8.0,HARD,9.0,HARD,True,standard,False
11,Budapest,Hungarian Grand Prix,25,S3,LEC,Ferrari,HAM,Ferrari,0.851,328.0,320.0,8.0,9.0,HARD,12.0,HARD,True,standard,False
11,Budapest,Hungarian Grand Prix,25,S3,HUL,Audi,ALO,Aston Martin,0.475,320.0,299.0,21.0,6.0,HARD,25.0,SOFT,True,standard,True
11,Budapest,Hungarian Grand Prix,25,S3,COL,Alpine,ALB,Williams,0.308,335.0,318.0,17.0,10.0,HARD,25.0,MEDIUM,True,standard,True
11,Budapest,Hungarian Grand Prix,25,S3,OCO,Haas F1 Team,COL,Alpine,0.326,330.0,335.0,-5.0,8.0,HARD,10.0,HARD,True,standard,False
11,Budapest,Hungarian Grand Prix,26,S1,NOR,McLaren,PIA,McLaren,0.404,330.0,320.0,10.0,9.0,HARD,10.0,HARD,True,standard,False
11,Budapest,Hungarian Grand Prix,26,S1,LEC,Ferrari,HAM,Ferrari,0.812,328.0,320.0,8.0,10.0,HARD,13.0,HARD,True,standard,False
11,Budapest,Hungarian Grand Prix,26,S1,ALO,Aston Martin,HUL,Audi,0.628,314.0,336.0,-22.0,26.0,SOFT,7.0,HARD,True,standard,False
11,Budapest,Hungarian Grand Prix,26,S1,ALB,Williams,COL,Alpine,0.689,319.0,340.0,-21.0,26.0,MEDIUM,11.0,HARD,True,standard,False
11,Budapest,Hungarian Grand Prix,26,S1,OCO,Haas F1 Team,ALB,Williams,0.263,336.0,319.0,17.0,9.0,HARD,26.0,MEDIUM,True,standard,False
11,Budapest,Hungarian Grand Prix,26,S2,NOR,McLaren,PIA,McLaren,0.584,330.0,320.0,10.0,9.0,HARD,10.0,HARD,True,standard,False
11,Budapest,Hungarian Grand Prix,26,S2,LEC,Ferrari,HAM,Ferrari,0.949,328.0,320.0,8.0,10.0,HARD,13.0,HARD,True,standard,False
11,Budapest,Hungarian Grand Prix,26,S2,GAS,Alpine,ALO,Aston Martin,0.753,325.0,314.0,11.0,10.0,HARD,26.0,SOFT,True,standard,True
11,Budapest,Hungarian Grand Prix,26,S2,OCO,Haas F1 Team,ALB,Williams,0.294,336.0,319.0,17.0,9.0,HARD,26.0,MEDIUM,True,standard,True
11,Budapest,Hungarian Grand Prix,26,S3,NOR,McLaren,PIA,McLaren,0.682,330.0,320.0,10.0,9.0,HARD,10.0,HARD,True,standard,False
11,Budapest,Hungarian Grand Prix,26,S3,ALO,Aston Martin,GAS,Alpine,0.493,314.0,325.0,-11.0,26.0,SOFT,10.0,HARD,True,standard,False
11,Budapest,Hungarian Grand Prix,27,S1,NOR,McLaren,PIA,McLaren,0.532,329.0,320.0,9.0,10.0,HARD,11.0,HARD,True,standard,False
11,Budapest,Hungarian Grand Prix,27,S1,LEC,Ferrari,HAM,Ferrari,0.966,322.0,321.0,1.0,11.0,HARD,14.0,HARD,True,standard,False
11,Budapest,Hungarian Grand Prix,27,S1,ALO,Aston Martin,GAS,Alpine,0.837,327.0,324.0,3.0,27.0,SOFT,11.0,HARD,True,standard,False
11,Budapest,Hungarian Grand Prix,27,S2,NOR,McLaren,PIA,McLaren,0.695,329.0,320.0,9.0,10.0,HARD,11.0,HARD,True,standard,False
11,Budapest,Hungarian Grand Prix,27,S3,NOR,McLaren,PIA,McLaren,0.749,329.0,320.0,9.0,10.0,HARD,11.0,HARD,True,standard,False
11,Budapest,Hungarian Grand Prix,27,S3,HAD,Red Bull Racing,RUS,Mercedes,0.619,318.0,322.0,-4.0,8.0,HARD,27.0,MEDIUM,True,standard,True
11,Budapest,Hungarian Grand Prix,28,S1,NOR,McLaren,PIA,McLaren,0.626,328.0,321.0,7.0,11.0,HARD,12.0,HARD,True,standard,False
11,Budapest,Hungarian Grand Prix,28,S1,LEC,Ferrari,HAM,Ferrari,0.905,323.0,321.0,2.0,12.0,HARD,15.0,HARD,True,standard,False
11,Budapest,Hungarian Grand Prix,28,S1,LAW,Racing Bulls,RUS,Mercedes,0.644,321.0,322.0,-1.0,7.0,HARD,1.0,HARD,True,standard,False
11,Budapest,Hungarian Grand Prix,28,S2,NOR,McLaren,PIA,McLaren,0.732,328.0,321.0,7.0,11.0,HARD,12.0,HARD,True,standard,False
11,Budapest,Hungarian Grand Prix,28,S3,NOR,McLaren,PIA,McLaren,0.698,328.0,321.0,7.0,11.0,HARD,12.0,HARD,True,standard,False
11,Budapest,Hungarian Grand Prix,28,S3,LEC,Ferrari,HAM,Ferrari,0.754,323.0,321.0,2.0,12.0,HARD,15.0,HARD,True,standard,False
11,Budapest,Hungarian Grand Prix,28,S3,RUS,Mercedes,BOR,Audi,0.794,322.0,318.0,4.0,1.0,HARD,28.0,SOFT,True,standard,True
11,Budapest,Hungarian Grand Prix,28,S3,BEA,Haas F1 Team,SAI,Williams,0.987,322.0,322.0,0.0,6.0,HARD,10.0,MEDIUM,True,standard,False
11,Budapest,Hungarian Grand Prix,29,S1,NOR,McLaren,PIA,McLaren,0.722,330.0,321.0,9.0,12.0,HARD,13.0,HARD,True,standard,False
11,Budapest,Hungarian Grand Prix,29,S1,LEC,Ferrari,HAM,Ferrari,0.649,330.0,320.0,10.0,13.0,HARD,16.0,HARD,True,standard,False
11,Budapest,Hungarian Grand Prix,29,S1,BOR,Audi,RUS,Mercedes,0.146,317.0,326.0,-9.0,29.0,SOFT,2.0,HARD,True,standard,False
11,Budapest,Hungarian Grand Prix,29,S1,BEA,Haas F1 Team,SAI,Williams,0.855,325.0,323.0,2.0,7.0,HARD,11.0,MEDIUM,True,standard,False
11,Budapest,Hungarian Grand Prix,29,S2,LEC,Ferrari,HAM,Ferrari,0.785,330.0,320.0,10.0,13.0,HARD,16.0,HARD,True,standard,False
11,Budapest,Hungarian Grand Prix,29,S2,BEA,Haas F1 Team,SAI,Williams,0.667,325.0,323.0,2.0,7.0,HARD,11.0,MEDIUM,True,standard,False
11,Budapest,Hungarian Grand Prix,29,S3,LEC,Ferrari,HAM,Ferrari,0.768,330.0,320.0,10.0,13.0,HARD,16.0,HARD,True,standard,False
11,Budapest,Hungarian Grand Prix,29,S3,BEA,Haas F1 Team,SAI,Williams,0.838,325.0,323.0,2.0,7.0,HARD,11.0,MEDIUM,True,standard,False
11,Budapest,Hungarian Grand Prix,30,S1,LEC,Ferrari,HAM,Ferrari,0.734,331.0,320.0,11.0,14.0,HARD,17.0,HARD,True,standard,False
11,Budapest,Hungarian Grand Prix,30,S1,BEA,Haas F1 Team,SAI,Williams,0.787,331.0,323.0,8.0,8.0,HARD,12.0,MEDIUM,True,standard,False
11,Budapest,Hungarian Grand Prix,30,S2,LEC,Ferrari,HAM,Ferrari,0.671,331.0,320.0,11.0,14.0,HARD,17.0,HARD,True,standard,True
11,Budapest,Hungarian Grand Prix,30,S2,BEA,Haas F1 Team,SAI,Williams,0.431,331.0,323.0,8.0,8.0,HARD,12.0,MEDIUM,True,standard,False
11,Budapest,Hungarian Grand Prix,30,S3,NOR,McLaren,PIA,McLaren,0.918,324.0,322.0,2.0,13.0,HARD,14.0,HARD,True,standard,False
11,Budapest,Hungarian Grand Prix,30,S3,HAM,Ferrari,ANT,Mercedes,0.143,320.0,326.0,-6.0,17.0,HARD,8.0,HARD,True,standard,False
11,Budapest,Hungarian Grand Prix,30,S3,BEA,Haas F1 Team,SAI,Williams,0.597,331.0,323.0,8.0,8.0,HARD,12.0,MEDIUM,True,standard,False
11,Budapest,Hungarian Grand Prix,31,S1,NOR,McLaren,PIA,McLaren,0.892,327.0,323.0,4.0,14.0,HARD,15.0,HARD,True,standard,False
11,Budapest,Hungarian Grand Prix,31,S1,HAM,Ferrari,HAD,Red Bull Racing,0.351,320.0,318.0,2.0,1.0,HARD,12.0,HARD,True,standard,False
11,Budapest,Hungarian Grand Prix,31,S2,NOR,McLaren,PIA,McLaren,0.619,327.0,323.0,4.0,14.0,HARD,15.0,HARD,True,standard,False
11,Budapest,Hungarian Grand Prix,31,S2,HAM,Ferrari,HAD,Red Bull Racing,0.519,320.0,318.0,2.0,1.0,HARD,12.0,HARD,True,standard,False
11,Budapest,Hungarian Grand Prix,31,S3,NOR,McLaren,PIA,McLaren,0.652,327.0,323.0,4.0,14.0,HARD,15.0,HARD,True,standard,False
11,Budapest,Hungarian Grand Prix,31,S3,HAM,Ferrari,HAD,Red Bull Racing,0.066,320.0,318.0,2.0,1.0,HARD,12.0,HARD,True,standard,True
11,Budapest,Hungarian Grand Prix,31,S3,BEA,Haas F1 Team,SAI,Williams,0.661,333.0,322.0,11.0,9.0,HARD,13.0,MEDIUM,True,standard,False
11,Budapest,Hungarian Grand Prix,32,S1,NOR,McLaren,PIA,McLaren,0.508,332.0,325.0,7.0,15.0,HARD,16.0,HARD,True,standard,False
11,Budapest,Hungarian Grand Prix,32,S1,BOR,Audi,ALO,Aston Martin,0.412,322.0,314.0,8.0,3.0,HARD,32.0,SOFT,True,standard,False
11,Budapest,Hungarian Grand Prix,32,S2,NOR,McLaren,PIA,McLaren,0.531,332.0,325.0,7.0,15.0,HARD,16.0,HARD,True,standard,False
11,Budapest,Hungarian Grand Prix,32,S2,BOR,Audi,ALO,Aston Martin,0.399,322.0,314.0,8.0,3.0,HARD,32.0,SOFT,True,standard,False
11,Budapest,Hungarian Grand Prix,32,S2,BEA,Haas F1 Team,SAI,Williams,0.358,333.0,331.0,2.0,10.0,HARD,14.0,MEDIUM,True,standard,False
11,Budapest,Hungarian Grand Prix,32,S3,NOR,McLaren,PIA,McLaren,0.703,332.0,325.0,7.0,15.0,HARD,16.0,HARD,True,standard,False
11,Budapest,Hungarian Grand Prix,32,S3,BOR,Audi,ALO,Aston Martin,0.165,322.0,314.0,8.0,3.0,HARD,32.0,SOFT,True,standard,True
11,Budapest,Hungarian Grand Prix,32,S3,BEA,Haas F1 Team,SAI,Williams,0.819,333.0,331.0,2.0,10.0,HARD,14.0,MEDIUM,True,standard,False
11,Budapest,Hungarian Grand Prix,33,S1,NOR,McLaren,PIA,McLaren,0.513,331.0,323.0,8.0,16.0,HARD,17.0,HARD,True,standard,False
11,Budapest,Hungarian Grand Prix,33,S1,ANT,Mercedes,LEC,Ferrari,0.669,327.0,319.0,8.0,11.0,HARD,17.0,HARD,True,standard,False
11,Budapest,Hungarian Grand Prix,33,S1,BEA,Haas F1 Team,SAI,Williams,0.875,331.0,322.0,9.0,11.0,HARD,15.0,MEDIUM,True,standard,False
11,Budapest,Hungarian Grand Prix,33,S2,NOR,McLaren,PIA,McLaren,0.676,331.0,323.0,8.0,16.0,HARD,17.0,HARD,True,standard,True
11,Budapest,Hungarian Grand Prix,33,S2,ANT,Mercedes,LEC,Ferrari,0.891,327.0,319.0,8.0,11.0,HARD,17.0,HARD,True,standard,False
11,Budapest,Hungarian Grand Prix,33,S2,BEA,Haas F1 Team,SAI,Williams,0.74,331.0,322.0,9.0,11.0,HARD,15.0,MEDIUM,True,standard,False
11,Budapest,Hungarian Grand Prix,33,S3,ANT,Mercedes,LEC,Ferrari,0.772,327.0,319.0,8.0,11.0,HARD,17.0,HARD,True,standard,False
11,Budapest,Hungarian Grand Prix,34,S1,ANT,Mercedes,LEC,Ferrari,0.582,331.0,321.0,10.0,12.0,HARD,18.0,HARD,True,standard,False
11,Budapest,Hungarian Grand Prix,34,S2,ANT,Mercedes,LEC,Ferrari,0.591,331.0,321.0,10.0,12.0,HARD,18.0,HARD,True,standard,False
11,Budapest,Hungarian Grand Prix,34,S3,ANT,Mercedes,LEC,Ferrari,0.594,331.0,321.0,10.0,12.0,HARD,18.0,HARD,True,standard,False
11,Budapest,Hungarian Grand Prix,34,S3,STR,Aston Martin,ALO,Aston Martin,0.077,316.0,314.0,2.0,26.0,MEDIUM,34.0,SOFT,True,standard,True
11,Budapest,Hungarian Grand Prix,34,S3,BEA,Haas F1 Team,SAI,Williams,0.766,333.0,321.0,12.0,12.0,HARD,16.0,MEDIUM,True,standard,False
11,Budapest,Hungarian Grand Prix,35,S1,ANT,Mercedes,LEC,Ferrari,0.449,337.0,322.0,15.0,13.0,HARD,19.0,HARD,True,standard,False
11,Budapest,Hungarian Grand Prix,35,S1,BEA,Haas F1 Team,SAI,Williams,0.358,334.0,302.0,32.0,13.0,HARD,17.0,MEDIUM,True,standard,False
11,Budapest,Hungarian Grand Prix,35,S2,ANT,Mercedes,LEC,Ferrari,0.608,337.0,322.0,15.0,13.0,HARD,19.0,HARD,True,standard,False
11,Budapest,Hungarian Grand Prix,35,S2,BEA,Haas F1 Team,SAI,Williams,0.403,334.0,302.0,32.0,13.0,HARD,17.0,MEDIUM,True,standard,False
11,Budapest,Hungarian Grand Prix,35,S2,ALO,Aston Martin,BEA,Haas F1 Team,0.866,314.0,334.0,-20.0,1.0,MEDIUM,13.0,HARD,True,standard,False
11,Budapest,Hungarian Grand Prix,35,S3,ANT,Mercedes,LEC,Ferrari,0.465,337.0,322.0,15.0,13.0,HARD,19.0,HARD,True,standard,False
11,Budapest,Hungarian Grand Prix,35,S3,BEA,Haas F1 Team,SAI,Williams,0.623,334.0,302.0,32.0,13.0,HARD,17.0,MEDIUM,True,standard,False
11,Budapest,Hungarian Grand Prix,35,S3,ALO,Aston Martin,BEA,Haas F1 Team,0.127,314.0,334.0,-20.0,1.0,MEDIUM,13.0,HARD,True,standard,True
11,Budapest,Hungarian Grand Prix,36,S1,ANT,Mercedes,LEC,Ferrari,0.432,339.0,320.0,19.0,14.0,HARD,20.0,HARD,True,standard,False
11,Budapest,Hungarian Grand Prix,36,S1,ALO,Aston Martin,SAI,Williams,0.389,333.0,306.0,27.0,2.0,MEDIUM,18.0,MEDIUM,True,standard,False
11,Budapest,Hungarian Grand Prix,36,S1,BEA,Haas F1 Team,ALO,Aston Martin,0.185,333.0,333.0,0.0,14.0,HARD,2.0,MEDIUM,True,standard,False
11,Budapest,Hungarian Grand Prix,36,S2,ANT,Mercedes,LEC,Ferrari,0.73,339.0,320.0,19.0,14.0,HARD,20.0,HARD,True,standard,True
11,Budapest,Hungarian Grand Prix,36,S2,ALO,Aston Martin,SAI,Williams,0.242,333.0,306.0,27.0,2.0,MEDIUM,18.0,MEDIUM,True,standard,False
11,Budapest,Hungarian Grand Prix,36,S2,BEA,Haas F1 Team,ALO,Aston Martin,0.837,333.0,333.0,0.0,14.0,HARD,2.0,MEDIUM,True,standard,False
11,Budapest,Hungarian Grand Prix,36,S3,BOR,Audi,GAS,Alpine,0.451,320.0,322.0,-2.0,7.0,HARD,20.0,HARD,True,standard,False
11,Budapest,Hungarian Grand Prix,36,S3,ALO,Aston Martin,SAI,Williams,0.335,333.0,306.0,27.0,2.0,MEDIUM,18.0,MEDIUM,True,standard,True
11,Budapest,Hungarian Grand Prix,37,S1,BOR,Audi,GAS,Alpine,0.224,330.0,321.0,9.0,8.0,HARD,21.0,HARD,True,standard,False
11,Budapest,Hungarian Grand Prix,37,S1,BEA,Haas F1 Team,SAI,Williams,0.677,332.0,319.0,13.0,15.0,HARD,19.0,MEDIUM,True,standard,False
11,Budapest,Hungarian Grand Prix,37,S2,LEC,Ferrari,HAD,Red Bull Racing,0.633,320.0,319.0,1.0,1.0,HARD,18.0,HARD,True,standard,False
11,Budapest,Hungarian Grand Prix,37,S2,BOR,Audi,GAS,Alpine,0.376,330.0,321.0,9.0,8.0,HARD,21.0,HARD,True,standard,False
11,Budapest,Hungarian Grand Prix,37,S2,BEA,Haas F1 Team,SAI,Williams,0.19,332.0,319.0,13.0,15.0,HARD,19.0,MEDIUM,True,standard,False
11,Budapest,Hungarian Grand Prix,37,S3,LEC,Ferrari,HAD,Red Bull Racing,0.187,320.0,319.0,1.0,1.0,HARD,18.0,HARD,True,standard,True
11,Budapest,Hungarian Grand Prix,37,S3,BOR,Audi,GAS,Alpine,0.291,330.0,321.0,9.0,8.0,HARD,21.0,HARD,True,standard,True
11,Budapest,Hungarian Grand Prix,37,S3,BEA,Haas F1 Team,SAI,Williams,0.4,332.0,319.0,13.0,15.0,HARD,19.0,MEDIUM,True,standard,False
11,Budapest,Hungarian Grand Prix,38,S1,HAD,Red Bull Racing,LEC,Ferrari,0.677,317.0,334.0,-17.0,19.0,HARD,2.0,HARD,True,standard,False
11,Budapest,Hungarian Grand Prix,38,S1,GAS,Alpine,BOR,Audi,0.802,321.0,330.0,-9.0,22.0,HARD,9.0,HARD,True,standard,False
11,Budapest,Hungarian Grand Prix,38,S1,BEA,Haas F1 Team,COL,Alpine,0.57,335.0,324.0,11.0,16.0,HARD,1.0,HARD,True,standard,False
11,Budapest,Hungarian Grand Prix,38,S1,ALB,Williams,BEA,Haas F1 Team,0.229,290.0,335.0,-45.0,12.0,HARD,16.0,HARD,True,standard,False
11,Budapest,Hungarian Grand Prix,38,S2,ALB,Williams,BEA,Haas F1 Team,0.717,290.0,335.0,-45.0,12.0,HARD,16.0,HARD,True,standard,False
11,Budapest,Hungarian Grand Prix,38,S3,STR,Aston Martin,SAI,Williams,0.925,315.0,321.0,-6.0,1.0,SOFT,20.0,MEDIUM,True,standard,False
11,Budapest,Hungarian Grand Prix,38,S3,OCO,Haas F1 Team,ALB,Williams,0.325,322.0,290.0,32.0,3.0,HARD,12.0,HARD,True,standard,True
11,Budapest,Hungarian Grand Prix,39,S1,STR,Aston Martin,SAI,Williams,0.303,320.0,321.0,-1.0,2.0,SOFT,21.0,MEDIUM,True,standard,True
11,Budapest,Hungarian Grand Prix,39,S1,ALB,Williams,OCO,Haas F1 Team,0.204,334.0,340.0,-6.0,13.0,HARD,4.0,HARD,True,standard,False
11,Budapest,Hungarian Grand Prix,40,S1,PIA,McLaren,NOR,McLaren,1.0,321.0,319.0,2.0,7.0,HARD,1.0,HARD,True,standard,False
11,Budapest,Hungarian Grand Prix,40,S1,OCO,Haas F1 Team,BEA,Haas F1 Team,0.275,334.0,320.0,14.0,5.0,HARD,18.0,HARD,True,standard,False
11,Budapest,Hungarian Grand Prix,40,S2,COL,Alpine,SAI,Williams,0.965,325.0,304.0,21.0,3.0,HARD,22.0,MEDIUM,True,standard,False
11,Budapest,Hungarian Grand Prix,40,S2,OCO,Haas F1 Team,BEA,Haas F1 Team,0.577,334.0,320.0,14.0,5.0,HARD,18.0,HARD,True,standard,False
11,Budapest,Hungarian Grand Prix,40,S3,COL,Alpine,SAI,Williams,0.374,325.0,304.0,21.0,3.0,HARD,22.0,MEDIUM,True,standard,True
11,Budapest,Hungarian Grand Prix,40,S3,OCO,Haas F1 Team,BEA,Haas F1 Team,0.505,334.0,320.0,14.0,5.0,HARD,18.0,HARD,True,standard,True
11,Budapest,Hungarian Grand Prix,41,S1,SAI,Williams,COL,Alpine,0.916,320.0,342.0,-22.0,23.0,MEDIUM,4.0,HARD,True,standard,False
11,Budapest,Hungarian Grand Prix,41,S1,BEA,Haas F1 Team,OCO,Haas F1 Team,0.466,321.0,273.0,48.0,19.0,HARD,6.0,HARD,True,standard,False
11,Budapest,Hungarian Grand Prix,41,S3,VER,Red Bull Racing,ANT,Mercedes,0.376,317.0,323.0,-6.0,27.0,HARD,19.0,HARD,True,standard,False
11,Budapest,Hungarian Grand Prix,42,S1,LEC,Ferrari,VER,Red Bull Racing,0.429,322.0,317.0,5.0,6.0,HARD,4.0,SOFT,True,standard,False
11,Budapest,Hungarian Grand Prix,42,S2,LEC,Ferrari,VER,Red Bull Racing,0.523,322.0,317.0,5.0,6.0,HARD,4.0,SOFT,True,standard,False
11,Budapest,Hungarian Grand Prix,42,S3,RUS,Mercedes,HAD,Red Bull Racing,0.124,334.0,320.0,14.0,15.0,HARD,23.0,HARD,True,standard,True
11,Budapest,Hungarian Grand Prix,42,S3,BEA,Haas F1 Team,ALB,Williams,0.407,321.0,324.0,-3.0,20.0,HARD,16.0,HARD,True,standard,False
11,Budapest,Hungarian Grand Prix,43,S1,LEC,Ferrari,VER,Red Bull Racing,0.731,332.0,322.0,10.0,7.0,HARD,5.0,SOFT,True,standard,False
11,Budapest,Hungarian Grand Prix,43,S1,HUL,Audi,LAW,Racing Bulls,0.958,319.0,322.0,-3.0,7.0,SOFT,1.0,SOFT,True,standard,False
11,Budapest,Hungarian Grand Prix,43,S2,LEC,Ferrari,VER,Red Bull Racing,0.684,332.0,322.0,10.0,7.0,HARD,5.0,SOFT,True,standard,False
11,Budapest,Hungarian Grand Prix,43,S2,HUL,Audi,LAW,Racing Bulls,0.986,319.0,322.0,-3.0,7.0,SOFT,1.0,SOFT,True,standard,False
11,Budapest,Hungarian Grand Prix,43,S3,LEC,Ferrari,VER,Red Bull Racing,0.987,332.0,322.0,10.0,7.0,HARD,5.0,SOFT,True,standard,False
11,Budapest,Hungarian Grand Prix,44,S1,LEC,Ferrari,VER,Red Bull Racing,0.795,330.0,318.0,12.0,8.0,HARD,6.0,SOFT,True,standard,False
11,Budapest,Hungarian Grand Prix,44,S1,HUL,Audi,LAW,Racing Bulls,0.898,321.0,320.0,1.0,8.0,SOFT,2.0,SOFT,True,standard,False
11,Budapest,Hungarian Grand Prix,44,S1,BEA,Haas F1 Team,SAI,Williams,0.458,321.0,321.0,0.0,2.0,HARD,4.0,SOFT,True,standard,False
11,Budapest,Hungarian Grand Prix,44,S2,NOR,McLaren,ANT,Mercedes,0.743,323.0,322.0,1.0,5.0,HARD,22.0,HARD,True,standard,False
11,Budapest,Hungarian Grand Prix,44,S2,LEC,Ferrari,VER,Red Bull Racing,0.753,330.0,318.0,12.0,8.0,HARD,6.0,SOFT,True,standard,False
11,Budapest,Hungarian Grand Prix,44,S2,BEA,Haas F1 Team,SAI,Williams,0.384,321.0,321.0,0.0,2.0,HARD,4.0,SOFT,True,standard,False
11,Budapest,Hungarian Grand Prix,44,S3,NOR,McLaren,ANT,Mercedes,0.409,323.0,322.0,1.0,5.0,HARD,22.0,HARD,True,standard,False
11,Budapest,Hungarian Grand Prix,44,S3,LEC,Ferrari,VER,Red Bull Racing,0.894,330.0,318.0,12.0,8.0,HARD,6.0,SOFT,True,standard,False
11,Budapest,Hungarian Grand Prix,44,S3,BEA,Haas F1 Team,SAI,Williams,0.772,321.0,321.0,0.0,2.0,HARD,4.0,SOFT,True,standard,False
11,Budapest,Hungarian Grand Prix,45,S1,NOR,McLaren,ANT,Mercedes,0.133,335.0,321.0,14.0,6.0,HARD,23.0,HARD,True,standard,False
11,Budapest,Hungarian Grand Prix,45,S1,LEC,Ferrari,VER,Red Bull Racing,0.868,332.0,321.0,11.0,9.0,HARD,7.0,SOFT,True,standard,False
11,Budapest,Hungarian Grand Prix,45,S1,BEA,Haas F1 Team,SAI,Williams,0.637,332.0,329.0,3.0,3.0,HARD,5.0,SOFT,True,standard,False
11,Budapest,Hungarian Grand Prix,45,S2,NOR,McLaren,ANT,Mercedes,0.52,335.0,321.0,14.0,6.0,HARD,23.0,HARD,True,standard,False
11,Budapest,Hungarian Grand Prix,45,S2,LEC,Ferrari,VER,Red Bull Racing,0.827,332.0,321.0,11.0,9.0,HARD,7.0,SOFT,True,standard,False
11,Budapest,Hungarian Grand Prix,45,S2,BEA,Haas F1 Team,SAI,Williams,0.392,332.0,329.0,3.0,3.0,HARD,5.0,SOFT,True,standard,False
11,Budapest,Hungarian Grand Prix,45,S3,NOR,McLaren,ANT,Mercedes,0.392,335.0,321.0,14.0,6.0,HARD,23.0,HARD,True,standard,True
11,Budapest,Hungarian Grand Prix,45,S3,BEA,Haas F1 Team,SAI,Williams,0.622,332.0,329.0,3.0,3.0,HARD,5.0,SOFT,True,standard,False
11,Budapest,Hungarian Grand Prix,46,S1,ANT,Mercedes,NOR,McLaren,0.727,322.0,336.0,-14.0,24.0,HARD,7.0,HARD,True,standard,False
11,Budapest,Hungarian Grand Prix,46,S1,LEC,Ferrari,VER,Red Bull Racing,0.955,332.0,319.0,13.0,10.0,HARD,8.0,SOFT,True,standard,False
11,Budapest,Hungarian Grand Prix,46,S1,BEA,Haas F1 Team,SAI,Williams,0.648,334.0,330.0,4.0,4.0,HARD,6.0,SOFT,True,standard,False
11,Budapest,Hungarian Grand Prix,46,S2,BEA,Haas F1 Team,SAI,Williams,0.702,334.0,330.0,4.0,4.0,HARD,6.0,SOFT,True,standard,False
11,Budapest,Hungarian Grand Prix,49,S1,BEA,Haas F1 Team,SAI,Williams,0.913,324.0,323.0,1.0,7.0,HARD,9.0,SOFT,True,standard,False
11,Budapest,Hungarian Grand Prix,49,S2,BEA,Haas F1 Team,SAI,Williams,0.815,324.0,323.0,1.0,7.0,HARD,9.0,SOFT,True,standard,False
11,Budapest,Hungarian Grand Prix,49,S3,BEA,Haas F1 Team,SAI,Williams,0.937,324.0,323.0,1.0,7.0,HARD,9.0,SOFT,True,standard,False
11,Budapest,Hungarian Grand Prix,53,S1,HUL,Audi,LAW,Racing Bulls,0.507,324.0,324.0,0.0,17.0,SOFT,11.0,SOFT,True,standard,False
11,Budapest,Hungarian Grand Prix,53,S2,HUL,Audi,LAW,Racing Bulls,0.764,324.0,324.0,0.0,17.0,SOFT,11.0,SOFT,True,standard,False
11,Budapest,Hungarian Grand Prix,53,S3,HUL,Audi,LAW,Racing Bulls,0.7,324.0,324.0,0.0,17.0,SOFT,11.0,SOFT,True,standard,False
11,Budapest,Hungarian Grand Prix,54,S1,HUL,Audi,LAW,Racing Bulls,0.766,333.0,324.0,9.0,18.0,SOFT,12.0,SOFT,True,standard,False
11,Budapest,Hungarian Grand Prix,54,S1,STR,Aston Martin,ALO,Aston Martin,0.966,322.0,317.0,5.0,17.0,SOFT,20.0,MEDIUM,True,standard,False
11,Budapest,Hungarian Grand Prix,54,S2,HUL,Audi,LAW,Racing Bulls,0.955,333.0,324.0,9.0,18.0,SOFT,12.0,SOFT,True,standard,False
11,Budapest,Hungarian Grand Prix,54,S2,STR,Aston Martin,ALO,Aston Martin,0.731,322.0,317.0,5.0,17.0,SOFT,20.0,MEDIUM,True,standard,False
11,Budapest,Hungarian Grand Prix,54,S3,HUL,Audi,LAW,Racing Bulls,0.969,333.0,324.0,9.0,18.0,SOFT,12.0,SOFT,True,standard,False
11,Budapest,Hungarian Grand Prix,54,S3,STR,Aston Martin,ALO,Aston Martin,0.444,322.0,317.0,5.0,17.0,SOFT,20.0,MEDIUM,True,standard,False
11,Budapest,Hungarian Grand Prix,55,S1,HUL,Audi,LAW,Racing Bulls,0.828,333.0,326.0,7.0,19.0,SOFT,13.0,SOFT,True,standard,False
11,Budapest,Hungarian Grand Prix,55,S1,STR,Aston Martin,ALO,Aston Martin,1.0,333.0,317.0,16.0,18.0,SOFT,21.0,MEDIUM,True,standard,False
11,Budapest,Hungarian Grand Prix,55,S2,STR,Aston Martin,ALO,Aston Martin,0.906,333.0,317.0,16.0,18.0,SOFT,21.0,MEDIUM,True,standard,True
11,Budapest,Hungarian Grand Prix,56,S1,ANT,Mercedes,LEC,Ferrari,0.968,327.0,321.0,6.0,3.0,HARD,20.0,HARD,True,standard,False
11,Budapest,Hungarian Grand Prix,56,S1,HUL,Audi,LAW,Racing Bulls,0.79,216.0,222.0,-6.0,20.0,SOFT,14.0,SOFT,True,standard,False
11,Budapest,Hungarian Grand Prix,56,S2,HUL,Audi,LAW,Racing Bulls,0.808,216.0,222.0,-6.0,20.0,SOFT,14.0,SOFT,True,standard,False
11,Budapest,Hungarian Grand Prix,57,S1,ANT,Mercedes,HAM,Ferrari,0.385,229.0,323.0,-94.0,4.0,HARD,4.0,SOFT,True,standard,False
11,Budapest,Hungarian Grand Prix,57,S1,HUL,Audi,LAW,Racing Bulls,0.829,339.0,324.0,15.0,21.0,SOFT,15.0,SOFT,True,standard,False
11,Budapest,Hungarian Grand Prix,57,S1,ALB,Williams,BEA,Haas F1 Team,0.921,326.0,324.0,2.0,3.0,SOFT,15.0,HARD,True,standard,False
11,Budapest,Hungarian Grand Prix,57,S2,ANT,Mercedes,HAM,Ferrari,0.937,229.0,323.0,-94.0,4.0,HARD,4.0,SOFT,True,standard,False
11,Budapest,Hungarian Grand Prix,57,S2,HUL,Audi,LAW,Racing Bulls,0.961,339.0,324.0,15.0,21.0,SOFT,15.0,SOFT,True,standard,False
11,Budapest,Hungarian Grand Prix,57,S2,ALB,Williams,BEA,Haas F1 Team,0.929,326.0,324.0,2.0,3.0,SOFT,15.0,HARD,True,standard,False
11,Budapest,Hungarian Grand Prix,57,S3,HUL,Audi,LAW,Racing Bulls,0.919,339.0,324.0,15.0,21.0,SOFT,15.0,SOFT,True,standard,False
11,Budapest,Hungarian Grand Prix,57,S3,ALB,Williams,BEA,Haas F1 Team,0.623,326.0,324.0,2.0,3.0,SOFT,15.0,HARD,True,standard,False
11,Budapest,Hungarian Grand Prix,58,S1,HAM,Ferrari,ANT,Mercedes,0.361,320.0,327.0,-7.0,5.0,SOFT,5.0,HARD,True,standard,False
11,Budapest,Hungarian Grand Prix,58,S1,LAW,Racing Bulls,BOR,Audi,0.791,330.0,321.0,9.0,16.0,SOFT,29.0,HARD,True,standard,False
11,Budapest,Hungarian Grand Prix,58,S1,HUL,Audi,LAW,Racing Bulls,0.733,332.0,330.0,2.0,22.0,SOFT,16.0,SOFT,True,standard,False
11,Budapest,Hungarian Grand Prix,58,S1,ALB,Williams,BEA,Haas F1 Team,0.223,336.0,323.0,13.0,4.0,SOFT,16.0,HARD,True,standard,False
11,Budapest,Hungarian Grand Prix,58,S2,HAM,Ferrari,ANT,Mercedes,0.675,320.0,327.0,-7.0,5.0,SOFT,5.0,HARD,True,standard,False
11,Budapest,Hungarian Grand Prix,58,S2,LAW,Racing Bulls,BOR,Audi,0.453,330.0,321.0,9.0,16.0,SOFT,29.0,HARD,True,standard,False
11,Budapest,Hungarian Grand Prix,58,S2,HUL,Audi,LAW,Racing Bulls,0.681,332.0,330.0,2.0,22.0,SOFT,16.0,SOFT,True,standard,False
11,Budapest,Hungarian Grand Prix,58,S2,ALB,Williams,BEA,Haas F1 Team,0.599,336.0,323.0,13.0,4.0,SOFT,16.0,HARD,True,standard,False
11,Budapest,Hungarian Grand Prix,58,S3,HAM,Ferrari,ANT,Mercedes,0.685,320.0,327.0,-7.0,5.0,SOFT,5.0,HARD,True,standard,False
11,Budapest,Hungarian Grand Prix,58,S3,LAW,Racing Bulls,BOR,Audi,0.4,330.0,321.0,9.0,16.0,SOFT,29.0,HARD,True,standard,True
11,Budapest,Hungarian Grand Prix,58,S3,HUL,Audi,LAW,Racing Bulls,0.749,332.0,330.0,2.0,22.0,SOFT,16.0,SOFT,True,standard,False
11,Budapest,Hungarian Grand Prix,58,S3,ALB,Williams,BEA,Haas F1 Team,0.47,336.0,323.0,13.0,4.0,SOFT,16.0,HARD,True,standard,False
11,Budapest,Hungarian Grand Prix,59,S1,HAM,Ferrari,ANT,Mercedes,0.539,336.0,324.0,12.0,6.0,SOFT,6.0,HARD,True,standard,False
11,Budapest,Hungarian Grand Prix,59,S1,BOR,Audi,LAW,Racing Bulls,0.947,321.0,339.0,-18.0,30.0,HARD,17.0,SOFT,True,standard,False
11,Budapest,Hungarian Grand Prix,59,S1,HUL,Audi,BOR,Audi,0.657,305.0,321.0,-16.0,23.0,SOFT,30.0,HARD,True,standard,True
11,Budapest,Hungarian Grand Prix,59,S1,ALO,Aston Martin,COL,Alpine,0.929,320.0,323.0,-3.0,7.0,SOFT,22.0,HARD,True,standard,False
11,Budapest,Hungarian Grand Prix,59,S1,ALB,Williams,BEA,Haas F1 Team,0.623,339.0,326.0,13.0,5.0,SOFT,17.0,HARD,True,standard,False
11,Budapest,Hungarian Grand Prix,59,S2,HAM,Ferrari,ANT,Mercedes,0.636,336.0,324.0,12.0,6.0,SOFT,6.0,HARD,True,standard,False
11,Budapest,Hungarian Grand Prix,59,S2,ALO,Aston Martin,COL,Alpine,0.809,320.0,323.0,-3.0,7.0,SOFT,22.0,HARD,True,standard,False
11,Budapest,Hungarian Grand Prix,59,S2,ALB,Williams,BEA,Haas F1 Team,0.521,339.0,326.0,13.0,5.0,SOFT,17.0,HARD,True,standard,False
11,Budapest,Hungarian Grand Prix,59,S3,HAM,Ferrari,ANT,Mercedes,0.558,336.0,324.0,12.0,6.0,SOFT,6.0,HARD,True,standard,False
11,Budapest,Hungarian Grand Prix,59,S3,HUL,Audi,LAW,Racing Bulls,0.883,305.0,339.0,-34.0,23.0,SOFT,17.0,SOFT,True,standard,False
11,Budapest,Hungarian Grand Prix,59,S3,ALO,Aston Martin,COL,Alpine,0.238,320.0,323.0,-3.0,7.0,SOFT,22.0,HARD,True,standard,True
11,Budapest,Hungarian Grand Prix,59,S3,ALB,Williams,BEA,Haas F1 Team,0.627,339.0,326.0,13.0,5.0,SOFT,17.0,HARD,True,standard,False
11,Budapest,Hungarian Grand Prix,60,S1,HUL,Audi,LAW,Racing Bulls,0.602,331.0,329.0,2.0,24.0,SOFT,18.0,SOFT,True,standard,False
11,Budapest,Hungarian Grand Prix,60,S1,GAS,Alpine,STR,Aston Martin,0.472,329.0,315.0,14.0,5.0,SOFT,23.0,SOFT,True,standard,False
11,Budapest,Hungarian Grand Prix,60,S1,COL,Alpine,ALO,Aston Martin,0.791,323.0,334.0,-11.0,23.0,HARD,8.0,SOFT,True,standard,False
11,Budapest,Hungarian Grand Prix,60,S1,ALB,Williams,BEA,Haas F1 Team,0.328,338.0,336.0,2.0,6.0,SOFT,18.0,HARD,True,standard,False
11,Budapest,Hungarian Grand Prix,60,S2,LAW,Racing Bulls,LIN,Racing Bulls,0.412,329.0,321.0,8.0,18.0,SOFT,40.0,HARD,True,standard,False
11,Budapest,Hungarian Grand Prix,60,S2,HUL,Audi,LAW,Racing Bulls,0.775,331.0,329.0,2.0,24.0,SOFT,18.0,SOFT,True,standard,False
11,Budapest,Hungarian Grand Prix,60,S2,GAS,Alpine,STR,Aston Martin,0.674,329.0,315.0,14.0,5.0,SOFT,23.0,SOFT,True,standard,False
11,Budapest,Hungarian Grand Prix,60,S2,ALB,Williams,BEA,Haas F1 Team,0.483,338.0,336.0,2.0,6.0,SOFT,18.0,HARD,True,standard,False
11,Budapest,Hungarian Grand Prix,60,S3,LAW,Racing Bulls,LIN,Racing Bulls,0.494,329.0,321.0,8.0,18.0,SOFT,40.0,HARD,True,standard,False
11,Budapest,Hungarian Grand Prix,60,S3,HUL,Audi,LAW,Racing Bulls,0.632,331.0,329.0,2.0,24.0,SOFT,18.0,SOFT,True,standard,False
11,Budapest,Hungarian Grand Prix,60,S3,GAS,Alpine,STR,Aston Martin,0.536,329.0,315.0,14.0,5.0,SOFT,23.0,SOFT,True,standard,True
11,Budapest,Hungarian Grand Prix,60,S3,ALB,Williams,BEA,Haas F1 Team,0.596,338.0,336.0,2.0,6.0,SOFT,18.0,HARD,True,standard,False
11,Budapest,Hungarian Grand Prix,61,S1,LAW,Racing Bulls,LIN,Racing Bulls,0.127,332.0,323.0,9.0,19.0,SOFT,41.0,HARD,True,standard,False
11,Budapest,Hungarian Grand Prix,61,S1,HUL,Audi,LAW,Racing Bulls,0.269,335.0,332.0,3.0,25.0,SOFT,19.0,SOFT,True,standard,False
11,Budapest,Hungarian Grand Prix,61,S1,STR,Aston Martin,GAS,Alpine,0.45,316.0,341.0,-25.0,24.0,SOFT,6.0,SOFT,True,standard,False
11,Budapest,Hungarian Grand Prix,61,S1,ALB,Williams,BEA,Haas F1 Team,0.416,290.0,337.0,-47.0,7.0,SOFT,19.0,HARD,True,standard,False
11,Budapest,Hungarian Grand Prix,61,S2,LAW,Racing Bulls,LIN,Racing Bulls,0.314,332.0,323.0,9.0,19.0,SOFT,41.0,HARD,True,standard,False
11,Budapest,Hungarian Grand Prix,61,S2,HUL,Audi,LAW,Racing Bulls,0.697,335.0,332.0,3.0,25.0,SOFT,19.0,SOFT,True,standard,False
11,Budapest,Hungarian Grand Prix,61,S2,ALB,Williams,BEA,Haas F1 Team,0.564,290.0,337.0,-47.0,7.0,SOFT,19.0,HARD,True,standard,False
11,Budapest,Hungarian Grand Prix,61,S2,SAI,Williams,ALB,Williams,0.929,321.0,290.0,31.0,10.0,SOFT,7.0,SOFT,True,standard,False
11,Budapest,Hungarian Grand Prix,61,S3,LAW,Racing Bulls,LIN,Racing Bulls,0.285,332.0,323.0,9.0,19.0,SOFT,41.0,HARD,True,standard,True
11,Budapest,Hungarian Grand Prix,61,S3,ALB,Williams,BEA,Haas F1 Team,0.532,290.0,337.0,-47.0,7.0,SOFT,19.0,HARD,True,standard,False
11,Budapest,Hungarian Grand Prix,62,S1,LIN,Racing Bulls,LAW,Racing Bulls,0.995,322.0,333.0,-11.0,42.0,HARD,20.0,SOFT,True,standard,False
11,Budapest,Hungarian Grand Prix,62,S1,HUL,Audi,LIN,Racing Bulls,0.38,333.0,322.0,11.0,26.0,SOFT,42.0,HARD,True,standard,False
11,Budapest,Hungarian Grand Prix,62,S1,ALB,Williams,BEA,Haas F1 Team,0.459,339.0,326.0,13.0,8.0,SOFT,20.0,HARD,True,standard,False
11,Budapest,Hungarian Grand Prix,62,S2,HUL,Audi,LIN,Racing Bulls,0.27,333.0,322.0,11.0,26.0,SOFT,42.0,HARD,True,standard,False
11,Budapest,Hungarian Grand Prix,62,S2,SAI,Williams,ALB,Williams,0.841,338.0,339.0,-1.0,11.0,SOFT,8.0,SOFT,True,standard,False
11,Budapest,Hungarian Grand Prix,62,S3,HAM,Ferrari,ANT,Mercedes,0.577,324.0,329.0,-5.0,9.0,SOFT,9.0,HARD,True,standard,False
11,Budapest,Hungarian Grand Prix,62,S3,HUL,Audi,LIN,Racing Bulls,0.127,333.0,322.0,11.0,26.0,SOFT,42.0,HARD,True,standard,True
11,Budapest,Hungarian Grand Prix,62,S3,ALB,Williams,BEA,Haas F1 Team,0.624,339.0,326.0,13.0,8.0,SOFT,20.0,HARD,True,standard,False
11,Budapest,Hungarian Grand Prix,63,S1,HAM,Ferrari,ANT,Mercedes,0.521,335.0,333.0,2.0,10.0,SOFT,10.0,HARD,True,standard,False
11,Budapest,Hungarian Grand Prix,63,S1,LIN,Racing Bulls,HUL,Audi,0.213,334.0,341.0,-7.0,43.0,HARD,27.0,SOFT,True,standard,False
11,Budapest,Hungarian Grand Prix,63,S1,ALB,Williams,BEA,Haas F1 Team,0.453,329.0,335.0,-6.0,9.0,SOFT,21.0,HARD,True,standard,False
11,Budapest,Hungarian Grand Prix,63,S2,HAM,Ferrari,ANT,Mercedes,0.333,335.0,333.0,2.0,10.0,SOFT,10.0,HARD,True,standard,False
11,Budapest,Hungarian Grand Prix,63,S2,ALB,Williams,BEA,Haas F1 Team,0.412,329.0,335.0,-6.0,9.0,SOFT,21.0,HARD,True,standard,False
11,Budapest,Hungarian Grand Prix,63,S2,SAI,Williams,ALB,Williams,0.738,334.0,329.0,5.0,12.0,SOFT,9.0,SOFT,True,standard,False
11,Budapest,Hungarian Grand Prix,63,S3,HAM,Ferrari,ANT,Mercedes,0.591,335.0,333.0,2.0,10.0,SOFT,10.0,HARD,True,standard,False
11,Budapest,Hungarian Grand Prix,63,S3,ALB,Williams,BEA,Haas F1 Team,0.51,329.0,335.0,-6.0,9.0,SOFT,21.0,HARD,True,standard,False
11,Budapest,Hungarian Grand Prix,63,S3,SAI,Williams,ALB,Williams,0.298,334.0,329.0,5.0,12.0,SOFT,9.0,SOFT,True,standard,False
11,Budapest,Hungarian Grand Prix,64,S1,HAM,Ferrari,ANT,Mercedes,0.394,335.0,325.0,10.0,11.0,SOFT,11.0,HARD,True,standard,False
11,Budapest,Hungarian Grand Prix,64,S1,ALB,Williams,BEA,Haas F1 Team,0.692,340.0,339.0,1.0,10.0,SOFT,22.0,HARD,True,standard,False
11,Budapest,Hungarian Grand Prix,64,S1,SAI,Williams,ALB,Williams,0.498,345.0,340.0,5.0,13.0,SOFT,10.0,SOFT,True,standard,False
11,Budapest,Hungarian Grand Prix,64,S2,HAM,Ferrari,ANT,Mercedes,0.519,335.0,325.0,10.0,11.0,SOFT,11.0,HARD,True,standard,False
11,Budapest,Hungarian Grand Prix,64,S2,BOR,Audi,LIN,Racing Bulls,0.839,324.0,324.0,0.0,35.0,HARD,44.0,HARD,True,standard,False
11,Budapest,Hungarian Grand Prix,64,S2,ALB,Williams,BEA,Haas F1 Team,0.668,340.0,339.0,1.0,10.0,SOFT,22.0,HARD,True,standard,False
11,Budapest,Hungarian Grand Prix,64,S2,SAI,Williams,ALB,Williams,0.56,345.0,340.0,5.0,13.0,SOFT,10.0,SOFT,True,standard,False
11,Budapest,Hungarian Grand Prix,64,S3,HAM,Ferrari,ANT,Mercedes,0.52,335.0,325.0,10.0,11.0,SOFT,11.0,HARD,True,standard,False
11,Budapest,Hungarian Grand Prix,64,S3,ALB,Williams,BEA,Haas F1 Team,0.569,340.0,339.0,1.0,10.0,SOFT,22.0,HARD,True,standard,False
11,Budapest,Hungarian Grand Prix,64,S3,SAI,Williams,ALB,Williams,0.565,345.0,340.0,5.0,13.0,SOFT,10.0,SOFT,True,standard,False
11,Budapest,Hungarian Grand Prix,65,S1,HAM,Ferrari,ANT,Mercedes,0.428,337.0,341.0,-4.0,12.0,SOFT,12.0,HARD,True,standard,False
11,Budapest,Hungarian Grand Prix,65,S1,BOR,Audi,LIN,Racing Bulls,0.752,324.0,325.0,-1.0,36.0,HARD,45.0,HARD,True,standard,False
11,Budapest,Hungarian Grand Prix,65,S1,ALB,Williams,BEA,Haas F1 Team,0.589,337.0,339.0,-2.0,11.0,SOFT,23.0,HARD,True,standard,False
11,Budapest,Hungarian Grand Prix,65,S1,SAI,Williams,ALB,Williams,0.761,338.0,337.0,1.0,14.0,SOFT,11.0,SOFT,True,standard,False
11,Budapest,Hungarian Grand Prix,65,S2,HAM,Ferrari,ANT,Mercedes,0.709,337.0,341.0,-4.0,12.0,SOFT,12.0,HARD,True,standard,False
11,Budapest,Hungarian Grand Prix,65,S2,BOR,Audi,LIN,Racing Bulls,0.844,324.0,325.0,-1.0,36.0,HARD,45.0,HARD,True,standard,False
11,Budapest,Hungarian Grand Prix,65,S2,ALB,Williams,BEA,Haas F1 Team,0.624,337.0,339.0,-2.0,11.0,SOFT,23.0,HARD,True,standard,False
11,Budapest,Hungarian Grand Prix,65,S2,SAI,Williams,ALB,Williams,0.642,338.0,337.0,1.0,14.0,SOFT,11.0,SOFT,True,standard,False
11,Budapest,Hungarian Grand Prix,65,S3,HAM,Ferrari,ANT,Mercedes,0.584,337.0,341.0,-4.0,12.0,SOFT,12.0,HARD,True,standard,False
11,Budapest,Hungarian Grand Prix,65,S3,BOR,Audi,LIN,Racing Bulls,0.796,324.0,325.0,-1.0,36.0,HARD,45.0,HARD,True,standard,False
11,Budapest,Hungarian Grand Prix,65,S3,ALB,Williams,BEA,Haas F1 Team,0.44,337.0,339.0,-2.0,11.0,SOFT,23.0,HARD,True,standard,False
11,Budapest,Hungarian Grand Prix,65,S3,SAI,Williams,ALB,Williams,0.591,338.0,337.0,1.0,14.0,SOFT,11.0,SOFT,True,standard,False
11,Budapest,Hungarian Grand Prix,66,S1,HAM,Ferrari,ANT,Mercedes,0.499,336.0,327.0,9.0,13.0,SOFT,13.0,HARD,True,standard,False
11,Budapest,Hungarian Grand Prix,66,S1,BOR,Audi,LIN,Racing Bulls,0.416,332.0,323.0,9.0,37.0,HARD,46.0,HARD,True,standard,False
11,Budapest,Hungarian Grand Prix,66,S1,ALB,Williams,BEA,Haas F1 Team,0.428,340.0,339.0,1.0,12.0,SOFT,24.0,HARD,True,standard,False
11,Budapest,Hungarian Grand Prix,66,S1,SAI,Williams,ALB,Williams,0.684,339.0,340.0,-1.0,15.0,SOFT,12.0,SOFT,True,standard,False
11,Budapest,Hungarian Grand Prix,66,S2,HAM,Ferrari,ANT,Mercedes,0.574,336.0,327.0,9.0,13.0,SOFT,13.0,HARD,True,standard,False
11,Budapest,Hungarian Grand Prix,66,S2,BOR,Audi,LIN,Racing Bulls,0.66,332.0,323.0,9.0,37.0,HARD,46.0,HARD,True,standard,False
11,Budapest,Hungarian Grand Prix,66,S2,ALB,Williams,BEA,Haas F1 Team,0.48,340.0,339.0,1.0,12.0,SOFT,24.0,HARD,True,standard,False
11,Budapest,Hungarian Grand Prix,66,S2,SAI,Williams,ALB,Williams,0.57,339.0,340.0,-1.0,15.0,SOFT,12.0,SOFT,True,standard,False
11,Budapest,Hungarian Grand Prix,66,S3,HAM,Ferrari,ANT,Mercedes,0.923,336.0,327.0,9.0,13.0,SOFT,13.0,HARD,True,standard,False
11,Budapest,Hungarian Grand Prix,66,S3,BOR,Audi,LIN,Racing Bulls,0.659,332.0,323.0,9.0,37.0,HARD,46.0,HARD,True,standard,False
11,Budapest,Hungarian Grand Prix,66,S3,ALB,Williams,BEA,Haas F1 Team,0.498,340.0,339.0,1.0,12.0,SOFT,24.0,HARD,True,standard,False
11,Budapest,Hungarian Grand Prix,66,S3,SAI,Williams,ALB,Williams,0.285,339.0,340.0,-1.0,15.0,SOFT,12.0,SOFT,True,standard,False
11,Budapest,Hungarian Grand Prix,67,S1,HAM,Ferrari,ANT,Mercedes,0.883,331.0,324.0,7.0,14.0,SOFT,14.0,HARD,True,standard,False
11,Budapest,Hungarian Grand Prix,67,S1,BOR,Audi,LIN,Racing Bulls,0.357,332.0,322.0,10.0,38.0,HARD,47.0,HARD,True,standard,False
11,Budapest,Hungarian Grand Prix,67,S1,ALB,Williams,BEA,Haas F1 Team,0.428,339.0,338.0,1.0,13.0,SOFT,25.0,HARD,True,standard,False
11,Budapest,Hungarian Grand Prix,67,S1,SAI,Williams,ALB,Williams,0.945,346.0,339.0,7.0,16.0,SOFT,13.0,SOFT,True,standard,False
11,Budapest,Hungarian Grand Prix,67,S2,BOR,Audi,LIN,Racing Bulls,0.682,332.0,322.0,10.0,38.0,HARD,47.0,HARD,True,standard,False
11,Budapest,Hungarian Grand Prix,67,S2,ALB,Williams,BEA,Haas F1 Team,0.547,339.0,338.0,1.0,13.0,SOFT,25.0,HARD,True,standard,False
11,Budapest,Hungarian Grand Prix,67,S2,SAI,Williams,ALB,Williams,0.683,346.0,339.0,7.0,16.0,SOFT,13.0,SOFT,True,standard,False
11,Budapest,Hungarian Grand Prix,67,S3,BOR,Audi,LIN,Racing Bulls,0.628,332.0,322.0,10.0,38.0,HARD,47.0,HARD,True,standard,False
11,Budapest,Hungarian Grand Prix,67,S3,ALB,Williams,BEA,Haas F1 Team,0.479,339.0,338.0,1.0,13.0,SOFT,25.0,HARD,True,standard,False
11,Budapest,Hungarian Grand Prix,67,S3,SAI,Williams,ALB,Williams,0.589,346.0,339.0,7.0,16.0,SOFT,13.0,SOFT,True,standard,False
11,Budapest,Hungarian Grand Prix,68,S1,BOR,Audi,LIN,Racing Bulls,0.419,332.0,322.0,10.0,39.0,HARD,48.0,HARD,True,standard,False
11,Budapest,Hungarian Grand Prix,68,S1,ALB,Williams,BEA,Haas F1 Team,0.375,341.0,340.0,1.0,14.0,SOFT,26.0,HARD,True,standard,False
11,Budapest,Hungarian Grand Prix,68,S1,SAI,Williams,ALB,Williams,0.571,339.0,341.0,-2.0,17.0,SOFT,14.0,SOFT,True,standard,False
11,Budapest,Hungarian Grand Prix,68,S2,BOR,Audi,LIN,Racing Bulls,0.598,332.0,322.0,10.0,39.0,HARD,48.0,HARD,True,standard,False
11,Budapest,Hungarian Grand Prix,68,S2,ALB,Williams,BEA,Haas F1 Team,0.332,341.0,340.0,1.0,14.0,SOFT,26.0,HARD,True,standard,False
11,Budapest,Hungarian Grand Prix,68,S2,SAI,Williams,ALB,Williams,0.437,339.0,341.0,-2.0,17.0,SOFT,14.0,SOFT,True,standard,False
11,Budapest,Hungarian Grand Prix,68,S3,BOR,Audi,LIN,Racing Bulls,0.562,332.0,322.0,10.0,39.0,HARD,48.0,HARD,True,standard,False
11,Budapest,Hungarian Grand Prix,68,S3,ALB,Williams,BEA,Haas F1 Team,0.522,341.0,340.0,1.0,14.0,SOFT,26.0,HARD,True,standard,False
11,Budapest,Hungarian Grand Prix,68,S3,SAI,Williams,ALB,Williams,0.276,339.0,341.0,-2.0,17.0,SOFT,14.0,SOFT,True,standard,False
11,Budapest,Hungarian Grand Prix,69,S1,BOR,Audi,LIN,Racing Bulls,0.195,332.0,322.0,10.0,40.0,HARD,49.0,HARD,True,standard,False
11,Budapest,Hungarian Grand Prix,69,S2,BOR,Audi,LIN,Racing Bulls,0.517,332.0,322.0,10.0,40.0,HARD,49.0,HARD,True,standard,False
11,Budapest,Hungarian Grand Prix,69,S3,BOR,Audi,LIN,Racing Bulls,0.912,332.0,322.0,10.0,40.0,HARD,49.0,HARD,True,standard,False
11,Budapest,Hungarian Grand Prix,70,S2,HAM,Ferrari,ANT,Mercedes,0.854,325.0,325.0,0.0,17.0,SOFT,17.0,HARD,True,standard,False
11,Budapest,Hungarian Grand Prix,70,S3,HAM,Ferrari,ANT,Mercedes,0.839,325.0,325.0,0.0,17.0,SOFT,17.0,HARD,True,standard,False
